researcher_name,group_name
A. Rupam Mahmood,Artificial Intelligence
A. Rupam Mahmood,Machine Learning
A. Rupam Mahmood,Robotics
Aaron C. Courville,Artificial Intelligence
Aaron C. Courville,Computer Vision
Aaron C. Courville,Machine Learning
Aaron C. Courville,Natural Language Processing
Aaron C. Courville,Robotics
Aaron D. Ames,Artificial Intelligence
Aaron D. Ames,Machine Learning
Aaron D. Ames,Robotics
Aaron M. Dollar,Robotics
Aaron Mueller,Machine Learning
Aaron Mueller,Natural Language Processing
Aaron Roth 0001,Artificial Intelligence
Aaron Roth 0001,Computer Vision
Aaron Roth 0001,Machine Learning
Aaron Roth 0001,Natural Language Processing
Aarti Singh,Artificial Intelligence
Aarti Singh,Machine Learning
Aayush Jain,Machine Learning
Aayush Jain,Robotics
Abdalla Swikir,Robotics
Abdeslam Boularias,Artificial Intelligence
Abdeslam Boularias,Machine Learning
Abdeslam Boularias,Robotics
Abdulrahman Mahmoud,Machine Learning
Abe Davis,Computer Graphics
Abe Davis,Computer Vision
Abe Davis,Human-Computer Interaction
Abhilasha Ravichander,Machine Learning
Abhilasha Ravichander,Natural Language Processing
Abhinav Bhatele,Machine Learning
Abhinav Gupta 0001,Artificial Intelligence
Abhinav Gupta 0001,Computer Vision
Abhinav Gupta 0001,Machine Learning
Abhinav Gupta 0001,Robotics
Abhinav Shrivastava,Artificial Intelligence
Abhinav Shrivastava,Computer Vision
Abhinav Shrivastava,Machine Learning
Abhinav Shrivastava,Robotics
Abhinav Valada,Computer Vision
Abhinav Valada,Robotics
Abhinav Verma 0001,Machine Learning
Abhishek Gupta 0004,Artificial Intelligence
Abhishek Gupta 0004,Computer Vision
Abhishek Gupta 0004,Machine Learning
Abhishek Gupta 0004,Robotics
Abir De,Artificial Intelligence
Abir De,Machine Learning
Abir De,The Web & Information Retrieval
Abulhair Saparov,Artificial Intelligence
Abulhair Saparov,Machine Learning
Abulhair Saparov,Natural Language Processing
Achuta Kadambi,Computer Graphics
Achuta Kadambi,Computer Vision
Achuta Kadambi,Human-Computer Interaction
Achuta Kadambi,Machine Learning
Achuta Kadambi,Robotics
Adam Block,Machine Learning
Adam Block,The Web & Information Retrieval
Adam Kortylewski,Artificial Intelligence
Adam Kortylewski,Computer Graphics
Adam Kortylewski,Computer Vision
Adam Kortylewski,Machine Learning
Adam Lopez,Artificial Intelligence
Adam Lopez,Natural Language Processing
Adam R. Klivans,Machine Learning
Adam Wierman,Artificial Intelligence
Adam Wierman,Machine Learning
Adam Wierman,The Web & Information Retrieval
Aditi Raghunathan,Computer Vision
Aditi Raghunathan,Machine Learning
Aditi Raghunathan,Natural Language Processing
Aditya Bhaskara,Machine Learning
Aditya Bhaskara,The Web & Information Retrieval
Aditya Grover,Artificial Intelligence
Aditya Grover,Computer Vision
Aditya Grover,Data Mining
Aditya Grover,Machine Learning
Aditya Shekhar Nittala,Human-Computer Interaction
Adrian G. Bors,Artificial Intelligence
Adrian G. Bors,Computer Vision
Adrian G. Bors,Machine Learning
Adrian Hilton 0001,Computer Vision
Adrian Weller,Artificial Intelligence
Adrian Weller,Computer Vision
Adrian Weller,Data Mining
Adrian Weller,Machine Learning
Adrian Weller,Natural Language Processing
Adrian Weller,The Web & Information Retrieval
Aduri Pavan,Artificial Intelligence
Aduri Pavan,Databases
Aduri Pavan,Machine Learning
Adwait Sharma,Human-Computer Interaction
Aggelos K. Katsaggelos,Computer Vision
Aggelos K. Katsaggelos,Human-Computer Interaction
Aggelos K. Katsaggelos,Machine Learning
Agustinus Kristiadi,Machine Learning
Ah-Hwee Tan,Artificial Intelligence
Ah-Hwee Tan,Computer Vision
Ahmed M. Abdelmoniem,Artificial Intelligence
Ahmed M. Abdelmoniem,Machine Learning
Aimin Hao,Artificial Intelligence
Aimin Hao,Computer Graphics
Aimin Hao,Computer Vision
Aimin Hao,Machine Learning
Aixin Sun,Artificial Intelligence
Aixin Sun,Data Mining
Aixin Sun,Databases
Aixin Sun,Machine Learning
Aixin Sun,Natural Language Processing
Aixin Sun,The Web & Information Retrieval
Ajmal Mian,Artificial Intelligence
Ajmal Mian,Computer Vision
Ajmal Mian,Machine Learning
Ajmal Mian,Robotics
Akarsh Prabhakara,Computer Vision
Akarsh Prabhakara,Human-Computer Interaction
Akarsh Prabhakara,Robotics
Akshat Kumar,Artificial Intelligence
Akshat Kumar,Machine Learning
Alan D. Fekete,Databases
Alan L. Yuille,Artificial Intelligence
Alan L. Yuille,Computer Vision
Alan L. Yuille,Machine Learning
Alan L. Yuille,Natural Language Processing
Alan L. Yuille,Robotics
Alan Ritter,Artificial Intelligence
Alan Ritter,Computer Vision
Alan Ritter,Natural Language Processing
Alan Ritter,The Web & Information Retrieval
Alane Suhr,Computer Vision
Alane Suhr,Machine Learning
Alane Suhr,Natural Language Processing
Albert No,Computer Vision
Albert No,Machine Learning
Albert No,Natural Language Processing
Alberto Maria Metelli,Artificial Intelligence
Alberto Maria Metelli,Machine Learning
Alberto Quattrini Li,Robotics
Albrecht Schmidt 0001,Human-Computer Interaction
Alcherio Martinoli,Robotics
Aldeida Aleti,Artificial Intelligence
Aldeida Aleti,Software Engineering
Aldo Pacchiano,Artificial Intelligence
Aldo Pacchiano,Machine Learning
Aleksandar Bojchevski,Artificial Intelligence
Aleksandar Bojchevski,Data Mining
Aleksandar Bojchevski,Machine Learning
Ales Leonardis,Artificial Intelligence
Ales Leonardis,Computer Vision
Ales Leonardis,Machine Learning
Ales Leonardis,Robotics
Alessandro Abate,Artificial Intelligence
Alessandro Abate,Machine Learning
Alex Aiken,Computer Vision
Alex Aiken,Data Mining
Alex Aiken,Databases
Alex Aiken,Machine Learning
Alex Aiken,Natural Language Processing
Alex Aiken,Software Engineering
Alex Kale,Data Mining
Alex Kale,Visualization
Alex Wong 0001,Artificial Intelligence
Alex Wong 0001,Computer Graphics
Alex Wong 0001,Computer Vision
Alex Wong 0001,Machine Learning
Alex Wong 0001,Robotics
Alexander Fraser 0001,Machine Learning
Alexander Fraser 0001,Natural Language Processing
Alexander G. Schwing,Artificial Intelligence
Alexander G. Schwing,Computer Graphics
Alexander G. Schwing,Computer Vision
Alexander G. Schwing,Machine Learning
Alexander G. Schwing,Robotics
Alexander G. Schwing,The Web & Information Retrieval
Alexander Herzog,Robotics
Alexander Koller,Natural Language Processing
Alexander M. Rush,Artificial Intelligence
Alexander M. Rush,Computer Vision
Alexander M. Rush,Machine Learning
Alexander M. Rush,Natural Language Processing
Alexander M. Rush,Visualization
Alexander Olshevsky,Machine Learning
Alexander Rakhlin,Machine Learning
Alexander Tong 0001,Machine Learning
Alexandra Birch,Artificial Intelligence
Alexandra Birch,Machine Learning
Alexandra Birch,Natural Language Processing
Alexandra Ion,Computer Graphics
Alexandra Ion,Human-Computer Interaction
Alexandre Alahi,Artificial Intelligence
Alexandre Alahi,Computer Vision
Alexandre Alahi,Machine Learning
Alexandre Alahi,Robotics
Alexandre M. Bayen,Machine Learning
Alexandre M. Bayen,Robotics
Alexandros G. Dimakis,Artificial Intelligence
Alexandros G. Dimakis,Computer Vision
Alexandros G. Dimakis,Data Mining
Alexandros G. Dimakis,Databases
Alexandros G. Dimakis,Machine Learning
Alexandros G. Dimakis,Natural Language Processing
Alexandros G. Dimakis,The Web & Information Retrieval
Alexei A. Efros,Computer Graphics
Alexei A. Efros,Computer Vision
Alexei A. Efros,Machine Learning
Alfons Kemper,Databases
Alfred M. Bruckstein,Computer Vision
Alfred M. Bruckstein,Robotics
Alham Fikri Aji,Machine Learning
Alham Fikri Aji,Natural Language Processing
Ali Emami,Natural Language Processing
Ali Mahdavi-Amiri,Computer Graphics
Ali Mahdavi-Amiri,Computer Vision
Ali Mahdavi-Amiri,Machine Learning
Ali Vakilian,Machine Learning
Alice Oh,Data Mining
Alice Oh,Human-Computer Interaction
Alice Oh,Machine Learning
Alice Oh,Natural Language Processing
Alina Ene,Artificial Intelligence
Alina Ene,Data Mining
Alina Ene,Machine Learning
Alina Ene,The Web & Information Retrieval
Alina Oprea,Machine Learning
Alina Oprea,Natural Language Processing
Alireza Fallah 0001,Machine Learning
Alistair Moffat,The Web & Information Retrieval
Alla Sheffer,Computer Graphics
Alla Sheffer,Computer Vision
Alois C. Knoll,Artificial Intelligence
Alois C. Knoll,Computer Vision
Alois C. Knoll,Machine Learning
Alois C. Knoll,Robotics
Alon Cohen,Artificial Intelligence
Alon Cohen,Machine Learning
Aloysius K. Mok,Robotics
Alvaro Soto,Artificial Intelligence
Alvaro Soto,Computer Vision
Alvaro Soto,Machine Learning
Alvaro Soto,Natural Language Processing
Alvaro Soto,Robotics
Alvaro Velasquez,Artificial Intelligence
Alvaro Velasquez,Computer Vision
Alvaro Velasquez,Machine Learning
Alán Aspuru-Guzik,Computer Vision
Alán Aspuru-Guzik,Machine Learning
Alán Aspuru-Guzik,Robotics
Amanda Prorok,Machine Learning
Amanda Prorok,Robotics
Amartya Sanyal,Machine Learning
Ambuj K. Singh,Artificial Intelligence
Ambuj K. Singh,Data Mining
Ambuj K. Singh,Databases
Ambuj K. Singh,Machine Learning
Ambuj K. Singh,Natural Language Processing
Ambuj K. Singh,The Web & Information Retrieval
Ambuj Tewari,Artificial Intelligence
Ambuj Tewari,Machine Learning
Ameet Talwalkar,Artificial Intelligence
Ameet Talwalkar,Machine Learning
Amin Karbasi,Artificial Intelligence
Amin Karbasi,Machine Learning
Amine Mhedhbi,Databases
Amine Mhedhbi,Human-Computer Interaction
Amir Globerson,Artificial Intelligence
Amir Globerson,Computer Vision
Amir Globerson,Machine Learning
Amir Globerson,Natural Language Processing
Amir-massoud Farahmand,Artificial Intelligence
Amir-massoud Farahmand,Computer Vision
Amir-massoud Farahmand,Machine Learning
Amirmohammad Rooshenas,Artificial Intelligence
Amirmohammad Rooshenas,Machine Learning
Amirmohammad Rooshenas,Natural Language Processing
Amit Bermano,Computer Graphics
Amit Bermano,Computer Vision
Amit Bermano,Machine Learning
Amit Daniely,Machine Learning
Amit K. Roy-Chowdhury,Artificial Intelligence
Amit K. Roy-Chowdhury,Computer Vision
Amit K. Roy-Chowdhury,Machine Learning
Amitabh Basu,Machine Learning
Amnon Shashua,Computer Vision
Amnon Shashua,Machine Learning
Amnon Shashua,Natural Language Processing
Amos Azaria,Artificial Intelligence
Amos Azaria,Machine Learning
Amos Azaria,Natural Language Processing
Amos J. Storkey,Artificial Intelligence
Amos J. Storkey,Computer Vision
Amos J. Storkey,Machine Learning
Amrit Singh Bedi,Artificial Intelligence
Amrit Singh Bedi,Computer Vision
Amrit Singh Bedi,Machine Learning
Amrit Singh Bedi,Robotics
Amy Pavel,Computer Graphics
Amy Pavel,Computer Vision
Amy Pavel,Human-Computer Interaction
Amy Pavel,Natural Language Processing
Amélie Marian,Artificial Intelligence
Amélie Marian,Databases
Amélie Marian,The Web & Information Retrieval
An Zhang 0003,Computer Vision
An Zhang 0003,Data Mining
An Zhang 0003,Machine Learning
An Zhang 0003,Natural Language Processing
An Zhang 0003,The Web & Information Retrieval
Ana Marasovic,Natural Language Processing
Ana Serrano,Computer Graphics
Ana Serrano,Computer Vision
Anastasios Kyrillidis,Artificial Intelligence
Anastasios Kyrillidis,Computer Vision
Anastasios Kyrillidis,Databases
Anastasios Kyrillidis,Machine Learning
Anastasios Kyrillidis,Robotics
Anders Søgaard,Artificial Intelligence
Anders Søgaard,Machine Learning
Anders Søgaard,Natural Language Processing
Anders Søgaard,The Web & Information Retrieval
Andrea Celli,Artificial Intelligence
Andrea Celli,Machine Learning
Andrea Celli,The Web & Information Retrieval
Andrea Tagliasacchi,Computer Graphics
Andrea Tagliasacchi,Computer Vision
Andrea Tagliasacchi,Machine Learning
Andrea Tagliasacchi,Robotics
Andreagiovanni Reina,Robotics
Andreas Bulling,Artificial Intelligence
Andreas Bulling,Computer Graphics
Andreas Bulling,Computer Vision
Andreas Bulling,Human-Computer Interaction
Andreas Bulling,Machine Learning
Andreas Bulling,Natural Language Processing
Andreas Bulling,Robotics
Andreas Dengel 0001,Artificial Intelligence
Andreas Dengel 0001,Computer Vision
Andreas Dengel 0001,Human-Computer Interaction
Andreas Geiger 0001,Computer Graphics
Andreas Geiger 0001,Computer Vision
Andreas Geiger 0001,Machine Learning
Andreas Geiger 0001,Robotics
Andreas Krause 0001,Artificial Intelligence
Andreas Krause 0001,Computer Vision
Andreas Krause 0001,Data Mining
Andreas Krause 0001,Machine Learning
Andreas Krause 0001,Robotics
Andreas Zell,Machine Learning
Andreas Zell,Robotics
Andrej Risteski,Machine Learning
Andrej Risteski,Natural Language Processing
Andrew Gordon Wilson,Data Mining
Andrew Gordon Wilson,Machine Learning
Andrew Gordon Wilson,Natural Language Processing
Andrew Head,Computer Vision
Andrew Head,Databases
Andrew Head,Human-Computer Interaction
Andrew Head,Natural Language Processing
Andrew Head,Software Engineering
Andrew J. Davison,Computer Vision
Andrew J. Davison,Machine Learning
Andrew J. Davison,Robotics
Andrew M. McNutt,Human-Computer Interaction
Andrew M. McNutt,Visualization
Andrew McCallum,Artificial Intelligence
Andrew McCallum,Data Mining
Andrew McCallum,Machine Learning
Andrew McCallum,Natural Language Processing
Andrew McCallum,The Web & Information Retrieval
Andrew Owens,Computer Graphics
Andrew Owens,Computer Vision
Andrew Owens,Human-Computer Interaction
Andrew Owens,Machine Learning
Andrew Owens,Robotics
Andrew Pavlo,Databases
Andrew Trotman,The Web & Information Retrieval
André F. T. Martins,Machine Learning
André F. T. Martins,Natural Language Processing
Andrés Lucero,Human-Computer Interaction
Andrés Monroy-Hernández,Human-Computer Interaction
Andrés Monroy-Hernández,Visualization
Anfeng Liu,Artificial Intelligence
Anfeng Liu,Human-Computer Interaction
Ang Li 0005,Computer Vision
Ang Li 0005,Data Mining
Ang Li 0005,Machine Learning
Angela Dai,Computer Graphics
Angela Dai,Computer Vision
Angela Dai,Machine Learning
Angela P. Schoellig,Machine Learning
Angela P. Schoellig,Robotics
Angela Yao,Artificial Intelligence
Angela Yao,Computer Vision
Angela Yao,Machine Learning
Angela Yao,The Web & Information Retrieval
Angjoo Kanazawa,Computer Graphics
Angjoo Kanazawa,Computer Vision
Angjoo Kanazawa,Machine Learning
Angjoo Kanazawa,Robotics
Anh Tuan Luu,Artificial Intelligence
Anh Tuan Luu,Computer Vision
Anh Tuan Luu,Data Mining
Anh Tuan Luu,Databases
Anh Tuan Luu,Machine Learning
Anh Tuan Luu,Natural Language Processing
Anh Tuan Luu,The Web & Information Retrieval
Ani Calinescu,Artificial Intelligence
Ani Calinescu,Machine Learning
Aniket Bera,Artificial Intelligence
Aniket Bera,Computer Vision
Aniket Bera,Robotics
Anil Damle,Machine Learning
Anima Anandkumar,Artificial Intelligence
Anima Anandkumar,Computer Vision
Anima Anandkumar,Data Mining
Anima Anandkumar,Machine Learning
Anima Anandkumar,Natural Language Processing
Anima Anandkumar,Robotics
Animesh Garg,Artificial Intelligence
Animesh Garg,Computer Vision
Animesh Garg,Machine Learning
Animesh Garg,Robotics
Anind K. Dey,Human-Computer Interaction
Anind K. Dey,Machine Learning
Anirban Chakraborty 0001,Artificial Intelligence
Anirban Chakraborty 0001,Computer Vision
Anirban Chakraborty 0001,Machine Learning
Anirudha Majumdar,Machine Learning
Anirudha Majumdar,Robotics
Anjan Dutta 0001,Artificial Intelligence
Anjan Dutta 0001,Computer Vision
Anjan Dutta 0001,Machine Learning
Anji Liu,Artificial Intelligence
Anji Liu,Computer Vision
Anji Liu,Machine Learning
Anji Liu,Natural Language Processing
Anlong Ming,Artificial Intelligence
Anlong Ming,Computer Vision
Anlong Ming,Machine Learning
Anlong Ming,Robotics
Anna Korhonen,Machine Learning
Anna Korhonen,Natural Language Processing
Anna Levina,Machine Learning
Anna Maria Feit,Human-Computer Interaction
Anna Rohrbach,Artificial Intelligence
Anna Rohrbach,Computer Vision
Anna Rohrbach,Machine Learning
Anna Rohrbach,Natural Language Processing
Anne Driemel,Robotics
Anne Lauscher,Artificial Intelligence
Anne Lauscher,Natural Language Processing
Anne Roudaut,Human-Computer Interaction
Anne Roudaut,Robotics
Anpei Chen,Artificial Intelligence
Anpei Chen,Computer Graphics
Anpei Chen,Computer Vision
Anru Zhang,Machine Learning
Anshumali Shrivastava,Artificial Intelligence
Anshumali Shrivastava,Data Mining
Anshumali Shrivastava,Databases
Anshumali Shrivastava,Human-Computer Interaction
Anshumali Shrivastava,Machine Learning
Anshumali Shrivastava,Robotics
Anshumali Shrivastava,The Web & Information Retrieval
Anson Kahng,Artificial Intelligence
Anson Kahng,Machine Learning
Anthony K. H. Tung,Artificial Intelligence
Anthony K. H. Tung,Data Mining
Anthony K. H. Tung,Databases
Anthony K. H. Tung,Machine Learning
Anthony K. H. Tung,Natural Language Processing
Anthony K. H. Tung,Visualization
Anthony Tang 0001,Human-Computer Interaction
Antoine Bosselut,Artificial Intelligence
Antoine Bosselut,Computer Vision
Antoine Bosselut,Machine Learning
Antoine Bosselut,Natural Language Processing
Antoine Bosselut,The Web & Information Retrieval
Anton van den Hengel,Artificial Intelligence
Anton van den Hengel,Computer Vision
Anton van den Hengel,Data Mining
Anton van den Hengel,Machine Learning
Anton van den Hengel,The Web & Information Retrieval
Antoni B. Chan,Artificial Intelligence
Antoni B. Chan,Computer Graphics
Antoni B. Chan,Computer Vision
Antoni B. Chan,Machine Learning
Antonino Furnari,Computer Vision
Antonino Furnari,Machine Learning
Antonio Krüger,Human-Computer Interaction
Antonio Krüger,Natural Language Processing
Antonio Krüger,Robotics
Antonio Torralba 0001,Computer Graphics
Antonio Torralba 0001,Computer Vision
Antonio Torralba 0001,Human-Computer Interaction
Antonio Torralba 0001,Machine Learning
Antonio Torralba 0001,Natural Language Processing
Antonio Torralba 0001,Robotics
Antonio Torralba 0001,The Web & Information Retrieval
Antti Honkela,Machine Learning
Antti Oulasvirta,Computer Vision
Antti Oulasvirta,Human-Computer Interaction
Antti Oulasvirta,Robotics
Antônio H. Ribeiro,Machine Learning
Anuj Karpatne,Artificial Intelligence
Anuj Karpatne,Computer Vision
Anuj Karpatne,Data Mining
Anuj Karpatne,Machine Learning
Anusha Withana,Human-Computer Interaction
Aoqian Zhang,Databases
Archan Misra,Artificial Intelligence
Archan Misra,Computer Vision
Archan Misra,Human-Computer Interaction
Archan Misra,Machine Learning
Archan Misra,Robotics
Ari Holtzman,Artificial Intelligence
Ari Holtzman,Computer Vision
Ari Holtzman,Machine Learning
Ari Holtzman,Natural Language Processing
Arianna Bisazza,Natural Language Processing
Ariel D. Procaccia,Artificial Intelligence
Ariel D. Procaccia,Machine Learning
Ariel D. Procaccia,The Web & Information Retrieval
Arijit Khan 0001,Databases
Arijit Khan 0001,Natural Language Processing
Arijit Khan 0001,The Web & Information Retrieval
Arindam Banerjee 0001,Artificial Intelligence
Arindam Banerjee 0001,Data Mining
Arindam Banerjee 0001,Machine Learning
Arindam Banerjee 0001,The Web & Information Retrieval
Arjen P. de Vries,Natural Language Processing
Arjen P. de Vries,The Web & Information Retrieval
Arman Cohan,Artificial Intelligence
Arman Cohan,Computer Vision
Arman Cohan,Machine Learning
Arman Cohan,Natural Language Processing
Arman Cohan,The Web & Information Retrieval
Armando Solar-Lezama,Artificial Intelligence
Armando Solar-Lezama,Computer Graphics
Armando Solar-Lezama,Computer Vision
Armando Solar-Lezama,Databases
Armando Solar-Lezama,Machine Learning
Armando Solar-Lezama,Natural Language Processing
Armando Solar-Lezama,Robotics
Armando Solar-Lezama,Software Engineering
Arnab Bhattacharyya 0001,Artificial Intelligence
Arnab Bhattacharyya 0001,Machine Learning
Arno Solin,Artificial Intelligence
Arno Solin,Computer Vision
Arno Solin,Machine Learning
Arno Solin,The Web & Information Retrieval
Arzoo Katiyar,Natural Language Processing
Ashok Cutkosky,Machine Learning
Ashton Anderson,Data Mining
Ashton Anderson,Machine Learning
Ashton Anderson,Natural Language Processing
Ashton Anderson,The Web & Information Retrieval
Asif Ekbal,Artificial Intelligence
Asif Ekbal,Natural Language Processing
Asif Ekbal,The Web & Information Retrieval
Asja Fischer,Computer Vision
Asja Fischer,Machine Learning
Asja Fischer,Natural Language Processing
Asja Fischer,The Web & Information Retrieval
Aske Mottelson,Human-Computer Interaction
Asuman E. Ozdaglar,Machine Learning
Asuman E. Ozdaglar,Natural Language Processing
Atri Rudra,Databases
Atri Rudra,Machine Learning
Atsushi Nitanda,Machine Learning
Aurélien Lucchi,Artificial Intelligence
Aurélien Lucchi,Computer Vision
Aurélien Lucchi,Machine Learning
Aurélien Lucchi,The Web & Information Retrieval
Avinash Sharma 0001,Computer Vision
Avinash Sharma 0001,Robotics
Avinatan Hassidim,Artificial Intelligence
Avinatan Hassidim,Computer Graphics
Avinatan Hassidim,Computer Vision
Avinatan Hassidim,Machine Learning
Avinatan Hassidim,Natural Language Processing
Avinatan Hassidim,The Web & Information Retrieval
Avishek Anand,Machine Learning
Avishek Anand,Natural Language Processing
Avishek Anand,The Web & Information Retrieval
Avishek Ghosh,Artificial Intelligence
Avishek Ghosh,Machine Learning
Aviv Tamar,Artificial Intelligence
Aviv Tamar,Computer Vision
Aviv Tamar,Machine Learning
Aviv Tamar,Robotics
Avrim Blum,Artificial Intelligence
Avrim Blum,Machine Learning
Ayush Tewari,Computer Graphics
Ayush Tewari,Computer Vision
Ayush Tewari,Machine Learning
Ayush Tewari,Robotics
Babak Falsafi,Databases
Babak Falsafi,Machine Learning
Baihua Zheng,Artificial Intelligence
Baihua Zheng,Data Mining
Baihua Zheng,Databases
Baihua Zheng,Human-Computer Interaction
Baihua Zheng,The Web & Information Retrieval
Baobao Chang,Artificial Intelligence
Baobao Chang,Computer Vision
Baobao Chang,Machine Learning
Baobao Chang,Natural Language Processing
Baoquan Chen,Artificial Intelligence
Baoquan Chen,Computer Graphics
Baoquan Chen,Computer Vision
Baoquan Chen,Machine Learning
Baoquan Chen,The Web & Information Retrieval
Baoquan Chen,Visualization
Baowen Xu,Artificial Intelligence
Baowen Xu,Computer Vision
Baowen Xu,Natural Language Processing
Baowen Xu,Software Engineering
Baoxiang Wang 0001,Artificial Intelligence
Baoxiang Wang 0001,Data Mining
Baoxiang Wang 0001,Machine Learning
Baoyuan Wu,Artificial Intelligence
Baoyuan Wu,Computer Graphics
Baoyuan Wu,Computer Vision
Baoyuan Wu,Machine Learning
Baoyuan Wu,Natural Language Processing
Barbara Plank,Artificial Intelligence
Barbara Plank,Machine Learning
Barbara Plank,Natural Language Processing
Bart Selman,Artificial Intelligence
Bart Selman,Machine Learning
Bart Selman,Robotics
Bastian Leibe,Computer Vision
Bastian Leibe,Robotics
Bastian Rieck,Data Mining
Bastian Rieck,Machine Learning
Bastian Rieck,Visualization
Battista Biggio,Artificial Intelligence
Battista Biggio,Machine Learning
Bei Wang 0001,Artificial Intelligence
Bei Wang 0001,Machine Learning
Bei Wang 0001,Visualization
Bei Yu 0001,Artificial Intelligence
Bei Yu 0001,Computer Vision
Bei Yu 0001,Machine Learning
Bei Yu 0001,Natural Language Processing
Bei Yu 0001,Software Engineering
Ben Zhou,Natural Language Processing
Beng Chin Ooi,Artificial Intelligence
Beng Chin Ooi,Computer Vision
Beng Chin Ooi,Data Mining
Beng Chin Ooi,Databases
Beng Chin Ooi,Machine Learning
Beng Chin Ooi,The Web & Information Retrieval
Benjamin Eysenbach,Machine Learning
Benjamin Eysenbach,Robotics
Benjamin Eysenbach,Visualization
Benjamin I. P. Rubinstein,Artificial Intelligence
Benjamin I. P. Rubinstein,Data Mining
Benjamin I. P. Rubinstein,Databases
Benjamin I. P. Rubinstein,Machine Learning
Benjamin I. P. Rubinstein,Natural Language Processing
Benjamin I. P. Rubinstein,The Web & Information Retrieval
Benjamin J. Lengerich,Data Mining
Benjamin J. Lengerich,Machine Learning
Benjamin M. Marlin,Data Mining
Benjamin M. Marlin,Human-Computer Interaction
Benjamin M. Marlin,Machine Learning
Benjamin M. Marlin,Robotics
Benjamin Peherstorfer,Machine Learning
Benjamin Recht,Computer Vision
Benjamin Recht,Machine Learning
Benjamin Van Durme,Artificial Intelligence
Benjamin Van Durme,Computer Vision
Benjamin Van Durme,Machine Learning
Benjamin Van Durme,Natural Language Processing
Benyou Wang,Artificial Intelligence
Benyou Wang,Computer Vision
Benyou Wang,Machine Learning
Benyou Wang,Natural Language Processing
Benyou Wang,The Web & Information Retrieval
Beomjoon Kim,Artificial Intelligence
Beomjoon Kim,Machine Learning
Beomjoon Kim,Robotics
Berk Ustun,Artificial Intelligence
Berk Ustun,Data Mining
Berk Ustun,Machine Learning
Berk Çalli,Computer Vision
Berk Çalli,Robotics
Bernard Ghanem,Artificial Intelligence
Bernard Ghanem,Computer Vision
Bernard Ghanem,Machine Learning
Bernard Ghanem,Natural Language Processing
Bernard Ghanem,Robotics
Bernd Bickel,Computer Graphics
Bernd Bickel,Computer Vision
Bernd Bickel,Human-Computer Interaction
Bernd Bickel,Robotics
Bernd Bischl,Machine Learning
Bernhard Kainz,Artificial Intelligence
Bernhard Kainz,Computer Vision
Bernhard Kainz,Machine Learning
Bernhard Scholz,Databases
Bernhard Scholz,Software Engineering
Bernhard Schölkopf,Artificial Intelligence
Bernhard Schölkopf,Computer Vision
Bernhard Schölkopf,Data Mining
Bernhard Schölkopf,Human-Computer Interaction
Bernhard Schölkopf,Machine Learning
Bernhard Schölkopf,Natural Language Processing
Bernhard Schölkopf,Robotics
Bernhard Schölkopf,The Web & Information Retrieval
Bernhard Thomaszewski,Computer Graphics
Bernhard Thomaszewski,Computer Vision
Bernhard Thomaszewski,Human-Computer Interaction
Bernhard Thomaszewski,Machine Learning
Bernhard Thomaszewski,Robotics
Bernt Schiele,Artificial Intelligence
Bernt Schiele,Computer Graphics
Bernt Schiele,Computer Vision
Bernt Schiele,Machine Learning
Bernt Schiele,Robotics
Bharath Hariharan,Computer Graphics
Bharath Hariharan,Computer Vision
Bharath Hariharan,Machine Learning
Bharath Hariharan,Robotics
Bhaskar Krishnamachari,Artificial Intelligence
Bhaskar Krishnamachari,Robotics
Bhiksha Raj,Artificial Intelligence
Bhiksha Raj,Computer Vision
Bhiksha Raj,Machine Learning
Bhiksha Raj,Natural Language Processing
Bhuvan Urgaonkar,Databases
Bhuwan Dhingra,Artificial Intelligence
Bhuwan Dhingra,Machine Learning
Bhuwan Dhingra,Natural Language Processing
Biaoshuai Tao,Artificial Intelligence
Biaoshuai Tao,Machine Learning
Biaoshuai Tao,The Web & Information Retrieval
Bijaya Adhikari,Artificial Intelligence
Bijaya Adhikari,Data Mining
Bijaya Adhikari,Machine Learning
Bijaya Adhikari,The Web & Information Retrieval
Bill Howe,Artificial Intelligence
Bill Howe,Computer Vision
Bill Howe,Databases
Bill Howe,Machine Learning
Bill Howe,Visualization
Bin Chen 0019,Computer Graphics
Bin Chen 0019,Computer Vision
Bin Chen 0019,Robotics
Bin Cui 0001,Artificial Intelligence
Bin Cui 0001,Computer Vision
Bin Cui 0001,Data Mining
Bin Cui 0001,Databases
Bin Cui 0001,Machine Learning
Bin Cui 0001,Natural Language Processing
Bin Cui 0001,The Web & Information Retrieval
Bin Li 0015,Artificial Intelligence
Bin Li 0015,Computer Vision
Bin Li 0015,Data Mining
Bin Li 0015,Machine Learning
Bin Li 0015,The Web & Information Retrieval
Bin Sheng 0001,Artificial Intelligence
Bin Sheng 0001,Computer Vision
Bin Sun 0001,Artificial Intelligence
Bin Sun 0001,Computer Vision
Bin Wang 0004,Artificial Intelligence
Bin Wang 0004,Computer Vision
Bin Wang 0004,Machine Learning
Bin Wang 0004,Natural Language Processing
Bin Wang 0004,The Web & Information Retrieval
Bin Xu 0001,Artificial Intelligence
Bin Xu 0001,Computer Vision
Bin Xu 0001,Machine Learning
Bin Xu 0001,Natural Language Processing
Bin Xu 0001,The Web & Information Retrieval
Bin Yang 0002,Artificial Intelligence
Bin Yang 0002,Computer Vision
Bin Yang 0002,Data Mining
Bin Yang 0002,Databases
Bin Yang 0002,Machine Learning
Bin Yang 0002,The Web & Information Retrieval
Bin Yao 0002,Artificial Intelligence
Bin Yao 0002,Data Mining
Bin Yao 0002,Databases
Bin Yu 0001,Machine Learning
Bing Qin 0001,Artificial Intelligence
Bing Qin 0001,Data Mining
Bing Qin 0001,Machine Learning
Bing Qin 0001,Natural Language Processing
Bing Qin 0001,The Web & Information Retrieval
Bing Su 0001,Artificial Intelligence
Bing Su 0001,Computer Vision
Bing Su 0001,Machine Learning
Bing-Yu Chen 0004,Computer Graphics
Bing-Yu Chen 0004,Computer Vision
Bing-Yu Chen 0004,Human-Computer Interaction
Bingsheng He,Artificial Intelligence
Bingsheng He,Computer Vision
Bingsheng He,Data Mining
Bingsheng He,Databases
Bingsheng He,Machine Learning
Bingsheng He,Natural Language Processing
Bingsheng He,The Web & Information Retrieval
Binhang Yuan,Data Mining
Binhang Yuan,Databases
Binhang Yuan,Machine Learning
Binhang Yuan,Natural Language Processing
Biplab Banerjee,Computer Vision
Biplab Banerjee,Machine Learning
Biplab Banerjee,Natural Language Processing
Biplab Banerjee,Robotics
Bistra Dilkina,Artificial Intelligence
Bistra Dilkina,Computer Vision
Bistra Dilkina,Data Mining
Bistra Dilkina,Machine Learning
Biwei Huang,Artificial Intelligence
Biwei Huang,Data Mining
Biwei Huang,Machine Learning
Bjoern Menze,Computer Vision
Bjoern Menze,Machine Learning
Björn Ommer,Artificial Intelligence
Björn Ommer,Computer Vision
Björn Ommer,Machine Learning
Björn Ommer,Robotics
Bo An 0001,Artificial Intelligence
Bo An 0001,Computer Vision
Bo An 0001,Data Mining
Bo An 0001,Machine Learning
Bo An 0001,The Web & Information Retrieval
Bo Dai 0001,Artificial Intelligence
Bo Dai 0001,Computer Vision
Bo Dai 0001,Data Mining
Bo Dai 0001,Machine Learning
Bo Dai 0001,Natural Language Processing
Bo Dai 0001,Robotics
Bo Dai 0001,The Web & Information Retrieval
Bo Dai 0002,Artificial Intelligence
Bo Dai 0002,Computer Graphics
Bo Dai 0002,Computer Vision
Bo Dai 0002,Machine Learning
Bo Du 0001,Artificial Intelligence
Bo Du 0001,Computer Vision
Bo Du 0001,Data Mining
Bo Du 0001,Machine Learning
Bo Du 0001,Natural Language Processing
Bo Du 0001,The Web & Information Retrieval
Bo Han 0003,Artificial Intelligence
Bo Han 0003,Computer Vision
Bo Han 0003,Data Mining
Bo Han 0003,Machine Learning
Bo Han 0003,Natural Language Processing
Bo Li 0026,Artificial Intelligence
Bo Li 0026,Computer Vision
Bo Li 0026,Data Mining
Bo Li 0026,Databases
Bo Li 0026,Machine Learning
Bo Li 0026,Natural Language Processing
Bo Liu 0006,Artificial Intelligence
Bo Liu 0006,Machine Learning
Bo Liu 0006,Software Engineering
Bo Tang 0016,Artificial Intelligence
Bo Tang 0016,Computer Vision
Bo Tang 0016,Data Mining
Bo Tang 0016,Databases
Bo Tang 0016,The Web & Information Retrieval
Bo Tang 0016,Visualization
Bo Yang 0002,Artificial Intelligence
Bo Yang 0002,Computer Vision
Bo Yang 0002,Data Mining
Bo Yang 0002,Machine Learning
Bo Yang 0002,The Web & Information Retrieval
Bo Zhu 0002,Computer Graphics
Bo Zhu 0002,Computer Vision
Bo Zhu 0002,Human-Computer Interaction
Bo Zhu 0002,Machine Learning
Bo Zhu 0002,Robotics
Boaz Barak,Machine Learning
Bohan Zhuang,Artificial Intelligence
Bohan Zhuang,Computer Vision
Bohan Zhuang,Machine Learning
Bohyung Han,Artificial Intelligence
Bohyung Han,Computer Vision
Bohyung Han,Machine Learning
Bolei Zhou,Artificial Intelligence
Bolei Zhou,Computer Graphics
Bolei Zhou,Computer Vision
Bolei Zhou,Machine Learning
Bolei Zhou,Robotics
Bolong Zheng,Data Mining
Bolong Zheng,Databases
Bolong Zheng,Natural Language Processing
Bolong Zheng,The Web & Information Retrieval
Bonnie Berger,Computer Vision
Bonnie Berger,Machine Learning
Boqing Gong,Artificial Intelligence
Boqing Gong,Computer Vision
Boqing Gong,Machine Learning
Boqing Gong,Natural Language Processing
Boqing Gong,Robotics
Boqing Gong,The Web & Information Retrieval
Bosheng Song,Artificial Intelligence
Bowen Xu,Artificial Intelligence
Bowen Xu,Machine Learning
Bowen Xu,Robotics
Bowen Xu,Software Engineering
Boxin Shi,Artificial Intelligence
Boxin Shi,Computer Graphics
Boxin Shi,Computer Vision
Boxin Shi,Machine Learning
Boyang Li 0001,Artificial Intelligence
Boyang Li 0001,Computer Vision
Boyang Li 0001,Data Mining
Boyang Li 0001,Machine Learning
Boyang Li 0001,Natural Language Processing
Brendan Juba,Artificial Intelligence
Brendan Juba,Machine Learning
Brenden M. Lake,Machine Learning
Brenden M. Lake,Natural Language Processing
Brian Bullins,Machine Learning
Brian Curless,Computer Graphics
Brian Curless,Computer Vision
Brian Kulis,Artificial Intelligence
Brian Kulis,Computer Vision
Brian Kulis,Machine Learning
Brian Logan 0001,Artificial Intelligence
Brian Neil Levine,The Web & Information Retrieval
Brighten Godfrey,Machine Learning
Brighten Godfrey,Robotics
Bruno Bodin,Robotics
Bruno C. da Silva 0001,Artificial Intelligence
Bruno C. da Silva 0001,Machine Learning
Bruno C. da Silva 0001,Robotics
Bruno Martins 0001,Computer Vision
Bruno Martins 0001,Natural Language Processing
Bryan A. Plummer,Artificial Intelligence
Bryan A. Plummer,Computer Vision
Bryan A. Plummer,Machine Learning
Bryan A. Plummer,Natural Language Processing
Bryan Hooi,Artificial Intelligence
Bryan Hooi,Computer Vision
Bryan Hooi,Data Mining
Bryan Hooi,Databases
Bryan Hooi,Machine Learning
Bryan Hooi,Natural Language Processing
Bryan Hooi,The Web & Information Retrieval
Bulat Ibragimov,Data Mining
Bulat Ibragimov,Machine Learning
Bulat Ibragimov,Natural Language Processing
Buzhou Tang,Computer Vision
Buzhou Tang,Natural Language Processing
Buzhou Tang,The Web & Information Retrieval
Byoung-Tak Zhang,Artificial Intelligence
Byoung-Tak Zhang,Computer Vision
Byoung-Tak Zhang,Machine Learning
Byoung-Tak Zhang,Natural Language Processing
Byoung-Tak Zhang,Robotics
Byron Boots,Artificial Intelligence
Byron Boots,Computer Vision
Byron Boots,Machine Learning
Byron Boots,Robotics
Byron Choi,Artificial Intelligence
Byron Choi,Databases
Byung-Gon Chun,Databases
Byung-Gon Chun,Machine Learning
Byungjoo Lee,Human-Computer Interaction
C. Karen Liu,Computer Graphics
C. Karen Liu,Computer Vision
C. Karen Liu,Machine Learning
C. Karen Liu,Robotics
C. V. Jawahar,Artificial Intelligence
C. V. Jawahar,Computer Vision
C. V. Jawahar,Machine Learning
C. V. Jawahar,Robotics
Caglar Gulcehre,Machine Learning
Caglar Gulcehre,Natural Language Processing
Caiwen Ding,Artificial Intelligence
Caiwen Ding,Computer Vision
Caiwen Ding,Machine Learning
Caiwen Ding,Natural Language Processing
Caiwen Ding,Robotics
Cameron Musco,Artificial Intelligence
Cameron Musco,Data Mining
Cameron Musco,Machine Learning
Cameron Musco,The Web & Information Retrieval
Camillo J. Taylor,Computer Vision
Camillo J. Taylor,Natural Language Processing
Camillo J. Taylor,Robotics
Carl Vondrick,Artificial Intelligence
Carl Vondrick,Computer Vision
Carl Vondrick,Databases
Carl Vondrick,Machine Learning
Carl Vondrick,Natural Language Processing
Carl Vondrick,Robotics
Carl Yang 0001,Artificial Intelligence
Carl Yang 0001,Computer Vision
Carl Yang 0001,Data Mining
Carl Yang 0001,Databases
Carl Yang 0001,Machine Learning
Carl Yang 0001,Natural Language Processing
Carl Yang 0001,The Web & Information Retrieval
Carla P. Gomes,Artificial Intelligence
Carla P. Gomes,Machine Learning
Carolina Nobre,Visualization
Caroline Uhler,Computer Vision
Caroline Uhler,Machine Learning
Carsten Binnig,Databases
Carsten Binnig,Machine Learning
Carsten Eickhoff,Data Mining
Carsten Eickhoff,Machine Learning
Carsten Eickhoff,Natural Language Processing
Carsten Eickhoff,The Web & Information Retrieval
Carsten Rother,Artificial Intelligence
Carsten Rother,Computer Vision
Carsten Rother,Machine Learning
Carsten Rother,Robotics
Ce Zhang 0001,Artificial Intelligence
Ce Zhang 0001,Computer Vision
Ce Zhang 0001,Data Mining
Ce Zhang 0001,Databases
Ce Zhang 0001,Machine Learning
Ce Zhang 0001,Natural Language Processing
Ce Zhang 0001,The Web & Information Retrieval
Ce Zhu,Artificial Intelligence
Ce Zhu,Computer Vision
Ce Zhu,Machine Learning
Cees Snoek,Artificial Intelligence
Cees Snoek,Computer Vision
Cees Snoek,Machine Learning
Cees Snoek,Natural Language Processing
Cem Yuksel,Computer Graphics
Cewu Lu,Artificial Intelligence
Cewu Lu,Computer Graphics
Cewu Lu,Computer Vision
Cewu Lu,Data Mining
Cewu Lu,Machine Learning
Cewu Lu,Robotics
Chandrajit L. Bajaj,Artificial Intelligence
Chandrajit L. Bajaj,Computer Graphics
Chandrajit L. Bajaj,Computer Vision
Chandrajit L. Bajaj,Machine Learning
Chang Xu 0002,Artificial Intelligence
Chang Xu 0002,Computer Vision
Chang Xu 0002,Data Mining
Chang Xu 0002,Machine Learning
Chang Xu 0002,Natural Language Processing
Chang-Gun Lee,Robotics
Changhee Lee,Artificial Intelligence
Changhee Lee,Machine Learning
Changhun Kim,Computer Vision
Changhun Kim,Machine Learning
Changhyun Choi,Computer Vision
Changhyun Choi,Robotics
Changjian Li 0001,Computer Graphics
Changjian Li 0001,Computer Vision
Changliu Liu,Artificial Intelligence
Changliu Liu,Computer Vision
Changliu Liu,Machine Learning
Changliu Liu,Robotics
Changshui Zhang,Artificial Intelligence
Changshui Zhang,Computer Vision
Changshui Zhang,Data Mining
Changshui Zhang,Machine Learning
Changshui Zhang,Natural Language Processing
Changxi Zheng,Computer Graphics
Changxi Zheng,Computer Vision
Changxi Zheng,Human-Computer Interaction
Changxi Zheng,Machine Learning
Changxi Zheng,Robotics
Changyou Chen,Artificial Intelligence
Changyou Chen,Computer Vision
Changyou Chen,Machine Learning
Changyou Chen,Natural Language Processing
Changyou Chen,Robotics
Chanyoung Park 0001,Artificial Intelligence
Chanyoung Park 0001,Computer Vision
Chanyoung Park 0001,Data Mining
Chanyoung Park 0001,Machine Learning
Chanyoung Park 0001,Natural Language Processing
Chanyoung Park 0001,The Web & Information Retrieval
Chao Chen 0012,Artificial Intelligence
Chao Chen 0012,Computer Vision
Chao Chen 0012,Machine Learning
Chao Chen 0012,Natural Language Processing
Chao Huang 0001,Artificial Intelligence
Chao Huang 0001,Data Mining
Chao Huang 0001,Machine Learning
Chao Huang 0001,Natural Language Processing
Chao Huang 0001,The Web & Information Retrieval
Chao Ma 0004,Artificial Intelligence
Chao Ma 0004,Computer Graphics
Chao Ma 0004,Computer Vision
Chao Ma 0004,Machine Learning
Chao Ma 0004,Robotics
Chao Xu 0006,Artificial Intelligence
Chao Xu 0006,Computer Vision
Chao Xu 0006,Data Mining
Chao Xu 0006,Machine Learning
Chao Zhang 0014,Artificial Intelligence
Chao Zhang 0014,Data Mining
Chao Zhang 0014,Human-Computer Interaction
Chao Zhang 0014,Machine Learning
Chao Zhang 0014,Natural Language Processing
Chao Zhang 0014,The Web & Information Retrieval
Chao Zhang 0034,Databases
Chaokun Wang,Artificial Intelligence
Chaokun Wang,Data Mining
Chaokun Wang,Databases
Chaokun Wang,Machine Learning
Chaokun Wang,Natural Language Processing
Chaokun Wang,The Web & Information Retrieval
Chaoning Zhang,Artificial Intelligence
Chaoning Zhang,Computer Vision
Chaoning Zhang,Machine Learning
Chaoning Zhang,The Web & Information Retrieval
Chaoqi Chen,Artificial Intelligence
Chaoqi Chen,Computer Vision
Chaoqi Chen,Machine Learning
Chaowei Xiao,Artificial Intelligence
Chaowei Xiao,Computer Vision
Chaowei Xiao,Machine Learning
Chaowei Xiao,Natural Language Processing
Chaowei Xiao,Robotics
Chaoyang Zhang,Artificial Intelligence
Chaoyang Zhang,Machine Learning
Charles L. A. Clarke,Artificial Intelligence
Charles L. A. Clarke,Natural Language Processing
Charles L. A. Clarke,The Web & Information Retrieval
Charles V. Stewart,Computer Vision
Charles V. Stewart,Data Mining
Charles V. Stewart,Machine Learning
Charlotte Bunne,Machine Learning
Chelsea Finn,Artificial Intelligence
Chelsea Finn,Computer Vision
Chelsea Finn,Human-Computer Interaction
Chelsea Finn,Machine Learning
Chelsea Finn,Natural Language Processing
Chelsea Finn,Robotics
Chen Change Loy,Artificial Intelligence
Chen Change Loy,Computer Graphics
Chen Change Loy,Computer Vision
Chen Change Loy,Machine Learning
Chen Change Loy,Robotics
Chen Chen 0001,Artificial Intelligence
Chen Chen 0001,Computer Vision
Chen Chen 0001,Machine Learning
Chen Chen 0001,Robotics
Chen Chen 0001,Software Engineering
Chen Chen 0022,Artificial Intelligence
Chen Chen 0022,Data Mining
Chen Chen 0022,Machine Learning
Chen Chen 0022,Natural Language Processing
Chen Feng 0002,Computer Vision
Chen Feng 0002,Machine Learning
Chen Feng 0002,Robotics
Chen Li 0001,Databases
Chen Li 0001,Natural Language Processing
Chen Lin 0001,Artificial Intelligence
Chen Lin 0001,Data Mining
Chen Lin 0001,Databases
Chen Lin 0001,Machine Learning
Chen Lin 0001,Natural Language Processing
Chen Lin 0001,The Web & Information Retrieval
Chen Ma 0001,Artificial Intelligence
Chen Ma 0001,Data Mining
Chen Ma 0001,Machine Learning
Chen Ma 0001,Natural Language Processing
Chen Ma 0001,The Web & Information Retrieval
Chen Sun 0002,Artificial Intelligence
Chen Sun 0002,Computer Vision
Chen Sun 0002,Machine Learning
Chen Sun 0002,Natural Language Processing
Chen Wang 0033,Artificial Intelligence
Chen Wang 0033,Computer Vision
Chen Wang 0033,Machine Learning
Chen Wang 0033,Robotics
Chen Yu 0003,Databases
Chen Zhao 0013,Computer Vision
Chen Zhao 0013,Machine Learning
Chen Zhao 0013,Natural Language Processing
Chen Zhao 0013,The Web & Information Retrieval
Chen Zhao 0013,Visualization
Chen Zhu-Tian,Human-Computer Interaction
Chen Zhu-Tian,Visualization
Chen-Yu Wei,Machine Learning
Chenfanfu Jiang,Artificial Intelligence
Chenfanfu Jiang,Computer Graphics
Chenfanfu Jiang,Computer Vision
Chenfanfu Jiang,Machine Learning
Chenfanfu Jiang,Robotics
Cheng Han 0001,Artificial Intelligence
Cheng Han 0001,Computer Vision
Cheng Han 0001,Machine Learning
Cheng Han 0001,Natural Language Processing
Cheng Jin 0001,Artificial Intelligence
Cheng Jin 0001,Computer Vision
Cheng Jin 0001,Machine Learning
Cheng Long 0001,Artificial Intelligence
Cheng Long 0001,Computer Vision
Cheng Long 0001,Data Mining
Cheng Long 0001,Databases
Cheng Long 0001,Machine Learning
Cheng Long 0001,The Web & Information Retrieval
Cheng Wang 0003,Artificial Intelligence
Cheng Wang 0003,Computer Vision
Cheng Wang 0003,Data Mining
Cheng Wang 0003,Human-Computer Interaction
Cheng Wang 0003,Machine Learning
Cheng Wang 0003,The Web & Information Retrieval
Cheng Yang 0002,Artificial Intelligence
Cheng Yang 0002,Data Mining
Cheng Yang 0002,Machine Learning
Cheng Yang 0002,Natural Language Processing
Cheng Yang 0002,The Web & Information Retrieval
Cheng Zhang 0014,Computer Graphics
Cheng Zhang 0014,Computer Vision
Cheng Zhang 0014,Human-Computer Interaction
Cheng Zhang 0014,Machine Learning
Cheng Zhang 0014,Natural Language Processing
Cheng Zhang 0014,Robotics
Cheng-Zhong Xu 0001,Artificial Intelligence
Cheng-Zhong Xu 0001,Computer Vision
Cheng-Zhong Xu 0001,Human-Computer Interaction
Cheng-Zhong Xu 0001,Machine Learning
Cheng-Zhong Xu 0001,Natural Language Processing
Cheng-Zhong Xu 0001,Robotics
ChengXiang Zhai,Artificial Intelligence
ChengXiang Zhai,Data Mining
ChengXiang Zhai,Machine Learning
ChengXiang Zhai,Natural Language Processing
ChengXiang Zhai,The Web & Information Retrieval
Chengliang Chai,Data Mining
Chengliang Chai,Databases
Chengliang Chai,Visualization
Chengqi Zhang,Artificial Intelligence
Chengqi Zhang,Data Mining
Chengqi Zhang,Machine Learning
Chengqi Zhang,Natural Language Processing
Chengqi Zhang,The Web & Information Retrieval
Chengqing Zong,Artificial Intelligence
Chengqing Zong,Natural Language Processing
Chengwei Liu,Artificial Intelligence
Chengwei Liu,Software Engineering
Chengzhi Mao,Artificial Intelligence
Chengzhi Mao,Computer Vision
Chengzhi Mao,Machine Learning
Chengzhi Mao,Natural Language Processing
Chengzhi Mao,Software Engineering
Chenjuan Guo,Artificial Intelligence
Chenjuan Guo,Computer Vision
Chenjuan Guo,Data Mining
Chenjuan Guo,Databases
Chenjuan Guo,Machine Learning
Chenjuan Guo,Natural Language Processing
Chenjuan Guo,The Web & Information Retrieval
Chenxi Wang,Artificial Intelligence
Chenxi Wang,Computer Vision
Chenxi Wang,Machine Learning
Chenxi Wang,Natural Language Processing
Chenxi Wang,Robotics
Chenxi Wang,The Web & Information Retrieval
Chenyan Xiong,Artificial Intelligence
Chenyan Xiong,Data Mining
Chenyan Xiong,Machine Learning
Chenyan Xiong,Natural Language Processing
Chenyan Xiong,The Web & Information Retrieval
Chenyang Si,Artificial Intelligence
Chenyang Si,Computer Graphics
Chenyang Si,Computer Vision
Chenyang Si,Machine Learning
Chenyu You,Artificial Intelligence
Chenyu You,Computer Vision
Chenyu You,Data Mining
Chenyu You,Machine Learning
Chenyu You,Natural Language Processing
Chi Harold Liu,Artificial Intelligence
Chi Harold Liu,Computer Vision
Chi Harold Liu,Data Mining
Chi Harold Liu,Human-Computer Interaction
Chi Harold Liu,Machine Learning
Chi Harold Liu,Robotics
Chi Harold Liu,Visualization
Chi Jin 0001,Machine Learning
Chi Zhang 0007,Artificial Intelligence
Chi Zhang 0007,Computer Vision
Chi Zhang 0007,Machine Learning
Chi-Keung Tang,Artificial Intelligence
Chi-Keung Tang,Computer Vision
Chi-Keung Tang,Machine Learning
Chi-Man Pun,Artificial Intelligence
Chi-Man Pun,Computer Graphics
Chi-Man Pun,Computer Vision
Chi-Man Pun,Machine Learning
Chi-Wing Fu,Artificial Intelligence
Chi-Wing Fu,Computer Graphics
Chi-Wing Fu,Computer Vision
Chi-Wing Fu,Databases
Chi-Wing Fu,Human-Computer Interaction
Chi-Wing Fu,Machine Learning
Chi-Wing Fu,Robotics
Chi-Wing Fu,Visualization
Chien-Ju Ho,Artificial Intelligence
Chien-Ju Ho,Machine Learning
Chien-Ju Ho,Natural Language Processing
Chien-Ju Ho,The Web & Information Retrieval
Chih-Hong Cheng,Natural Language Processing
Chih-Hong Cheng,Robotics
Chinmay Hegde,Artificial Intelligence
Chinmay Hegde,Computer Vision
Chinmay Hegde,Databases
Chinmay Hegde,Machine Learning
Chinmay Hegde,The Web & Information Retrieval
Chinmay Kulkarni 0001,Artificial Intelligence
Chirag Shah 0001,Artificial Intelligence
Chirag Shah 0001,Data Mining
Chirag Shah 0001,Human-Computer Interaction
Chirag Shah 0001,The Web & Information Retrieval
Chiranjib Bhattacharyya,Artificial Intelligence
Chiranjib Bhattacharyya,Computer Vision
Chiranjib Bhattacharyya,Machine Learning
Chiranjib Bhattacharyya,Natural Language Processing
Chiranjib Bhattacharyya,Robotics
Chitta Baral,Artificial Intelligence
Chitta Baral,Computer Vision
Chitta Baral,Machine Learning
Chitta Baral,Natural Language Processing
Chitta Baral,Robotics
Chiu C. Tan 0001,Artificial Intelligence
Cho-Jui Hsieh,Artificial Intelligence
Cho-Jui Hsieh,Computer Vision
Cho-Jui Hsieh,Data Mining
Cho-Jui Hsieh,Machine Learning
Cho-Jui Hsieh,Natural Language Processing
Cho-Jui Hsieh,The Web & Information Retrieval
Chongjie Zhang,Artificial Intelligence
Chongjie Zhang,Machine Learning
Chongjie Zhang,Natural Language Processing
Chongjie Zhang,Robotics
Chongxuan Li,Artificial Intelligence
Chongxuan Li,Computer Vision
Chongxuan Li,Machine Learning
Chongxuan Li,Visualization
Chongyang Tao,Artificial Intelligence
Chongyang Tao,Computer Vision
Chongyang Tao,Data Mining
Chongyang Tao,Machine Learning
Chongyang Tao,Natural Language Processing
Chongyang Tao,The Web & Information Retrieval
Chongyi Li,Artificial Intelligence
Chongyi Li,Computer Vision
Chongyi Li,Machine Learning
Chris Callison-Burch,Artificial Intelligence
Chris Callison-Burch,Computer Vision
Chris Callison-Burch,Machine Learning
Chris Callison-Burch,Natural Language Processing
Chris Donahue,Artificial Intelligence
Chris Donahue,Human-Computer Interaction
Chris Donahue,Machine Learning
Chris Donahue,Natural Language Processing
Chris J. Maddison,Artificial Intelligence
Chris J. Maddison,Machine Learning
Chris J. Maddison,Natural Language Processing
Chris Piech,Artificial Intelligence
Chris Piech,Machine Learning
Chris Russell 0001,Artificial Intelligence
Chris Russell 0001,Computer Vision
Chris Russell 0001,Machine Learning
Chris Russell 0001,Natural Language Processing
Chris Russell 0001,Robotics
Christian A. Naesseth,Machine Learning
Christian Borgelt,Computer Vision
Christian Borgelt,Machine Learning
Christian Dietrich 0001,Databases
Christian Kümmerle,Computer Vision
Christian Kümmerle,Machine Learning
Christian Richardt,Computer Graphics
Christian Richardt,Computer Vision
Christian Richardt,Machine Learning
Christian S. Jensen,Artificial Intelligence
Christian S. Jensen,Data Mining
Christian S. Jensen,Databases
Christian S. Jensen,Machine Learning
Christian S. Jensen,The Web & Information Retrieval
Christian Theobalt,Computer Graphics
Christian Theobalt,Computer Vision
Christian Theobalt,Human-Computer Interaction
Christian Theobalt,Machine Learning
Christian Theobalt,Natural Language Processing
Christina Lioma,Artificial Intelligence
Christina Lioma,Natural Language Processing
Christina Lioma,The Web & Information Retrieval
Christoph H. Lampert,Computer Vision
Christoph H. Lampert,Machine Learning
Christoph Koch 0001,Databases
Christoph Meinel,Artificial Intelligence
Christoph Meinel,Computer Vision
Christophe Hauser,Machine Learning
Christophe Hauser,Software Engineering
Christopher D. Manning,Artificial Intelligence
Christopher D. Manning,Computer Vision
Christopher D. Manning,Machine Learning
Christopher D. Manning,Natural Language Processing
Christopher De Sa,Artificial Intelligence
Christopher De Sa,Computer Graphics
Christopher De Sa,Computer Vision
Christopher De Sa,Databases
Christopher De Sa,Machine Learning
Christopher G. Lucas,Artificial Intelligence
Christopher G. Lucas,Machine Learning
Christopher G. Lucas,Natural Language Processing
Christopher Morris 0001,Artificial Intelligence
Christopher Morris 0001,Machine Learning
Christopher Peters 0001,Computer Vision
Christopher Peters 0001,Robotics
Christopher Potts,Machine Learning
Christopher Potts,Natural Language Processing
Christopher Potts,The Web & Information Retrieval
Christopher Ré,Artificial Intelligence
Christopher Ré,Computer Vision
Christopher Ré,Databases
Christopher Ré,Machine Learning
Christopher Ré,Natural Language Processing
Christopher Thomas 0004,Artificial Intelligence
Christopher Thomas 0004,Computer Vision
Christopher Thomas 0004,Machine Learning
Christopher Thomas 0004,Natural Language Processing
Christos Faloutsos,Artificial Intelligence
Christos Faloutsos,Data Mining
Christos Faloutsos,Databases
Christos Faloutsos,Machine Learning
Christos Faloutsos,Natural Language Processing
Christos Faloutsos,The Web & Information Retrieval
Christos Faloutsos,Visualization
Christos Tzamos,Artificial Intelligence
Christos Tzamos,Machine Learning
Christos Tzamos,The Web & Information Retrieval
Chuan Shi 0001,Artificial Intelligence
Chuan Shi 0001,Data Mining
Chuan Shi 0001,Machine Learning
Chuan Shi 0001,Natural Language Processing
Chuan Shi 0001,The Web & Information Retrieval
Chuang Gan 0001,Artificial Intelligence
Chuang Gan 0001,Computer Vision
Chuang Gan 0001,Machine Learning
Chuang Gan 0001,Natural Language Processing
Chuang Gan 0001,Robotics
Chuhan Shi,Human-Computer Interaction
Chuhan Shi,Visualization
Chun Jason Xue,Artificial Intelligence
Chun Jason Xue,Computer Vision
Chun Jason Xue,Databases
Chun Jason Xue,Machine Learning
Chun Jason Xue,Natural Language Processing
Chun Jason Xue,Robotics
Chun Jason Xue,The Web & Information Retrieval
Chun Yu,Computer Vision
Chun Yu,Human-Computer Interaction
Chun-Mei Feng,Computer Vision
Chun-Mei Feng,Natural Language Processing
Chun-Yi Lee,Artificial Intelligence
Chun-Yi Lee,Computer Vision
Chun-Yi Lee,Machine Learning
Chun-Yi Lee,Robotics
Chung-Wei Lin,Machine Learning
Chung-Wei Lin,Robotics
Chunhua Shen,Artificial Intelligence
Chunhua Shen,Computer Graphics
Chunhua Shen,Computer Vision
Chunhua Shen,Data Mining
Chunhua Shen,Machine Learning
Chunhua Shen,Robotics
Chunle Guo,Artificial Intelligence
Chunle Guo,Computer Vision
Chunle Guo,Machine Learning
Chunming Hu,Artificial Intelligence
Chunming Hu,Data Mining
Chunming Hu,Databases
Chunming Hu,Machine Learning
Chunming Hu,Natural Language Processing
Chunming Hu,Software Engineering
Chunming Hu,The Web & Information Retrieval
Chunwei Liu,Databases
Chunyan Miao,Artificial Intelligence
Chunyan Miao,Computer Vision
Chunyan Miao,Data Mining
Chunyan Miao,Databases
Chunyan Miao,Machine Learning
Chunyan Miao,Natural Language Processing
Chunyan Miao,The Web & Information Retrieval
Chunyang Chen 0001,Human-Computer Interaction
Chunyang Chen 0001,Machine Learning
Chunyang Chen 0001,Software Engineering
Chunyang Chen 0001,The Web & Information Retrieval
Chuxu Zhang,Artificial Intelligence
Chuxu Zhang,Data Mining
Chuxu Zhang,Machine Learning
Chuxu Zhang,Natural Language Processing
Chuxu Zhang,The Web & Information Retrieval
Cihang Xie,Artificial Intelligence
Cihang Xie,Computer Vision
Cihang Xie,Machine Learning
Cihang Xie,Natural Language Processing
Cindy Grimm,Artificial Intelligence
Cindy Grimm,Robotics
Claire Cardie,Computer Vision
Claire Cardie,Machine Learning
Claire Cardie,Natural Language Processing
Claire Cardie,The Web & Information Retrieval
Claire J. Tomlin,Artificial Intelligence
Claire J. Tomlin,Machine Learning
Claire J. Tomlin,Natural Language Processing
Claire J. Tomlin,Robotics
Claire Monteleoni,Artificial Intelligence
Claire Monteleoni,Machine Learning
Claire Monteleoni,Robotics
Clark W. Barrett,Artificial Intelligence
Clark W. Barrett,Machine Learning
Clark W. Barrett,Robotics
Clayton Scott,Machine Learning
Colin Raffel,Artificial Intelligence
Colin Raffel,Data Mining
Colin Raffel,Machine Learning
Colin Raffel,Natural Language Processing
Cong Fang 0001,Artificial Intelligence
Cong Fang 0001,Machine Learning
Cong Shen 0001,Artificial Intelligence
Cong Shen 0001,Machine Learning
Cong Shen 0001,Natural Language Processing
Congyan Lang,Artificial Intelligence
Congyan Lang,Computer Vision
Congyan Lang,Machine Learning
Congyan Lang,Robotics
Constantin A. Rothkopf,Artificial Intelligence
Constantin A. Rothkopf,Computer Vision
Constantin A. Rothkopf,Machine Learning
Constantin A. Rothkopf,Robotics
Constantine Caramanis,Artificial Intelligence
Constantine Caramanis,Computer Vision
Constantine Caramanis,Databases
Constantine Caramanis,Machine Learning
Constantinos Daskalakis,Artificial Intelligence
Constantinos Daskalakis,Machine Learning
Cordelia Schmid,Artificial Intelligence
Cordelia Schmid,Computer Vision
Cordelia Schmid,Machine Learning
Cordelia Schmid,Natural Language Processing
Cordelia Schmid,Robotics
Corinna Coupette,Artificial Intelligence
Corinna Coupette,Data Mining
Corinna Coupette,Machine Learning
Cornelia Caragea,Artificial Intelligence
Cornelia Caragea,Computer Vision
Cornelia Caragea,Machine Learning
Cornelia Caragea,Natural Language Processing
Cornelia Caragea,The Web & Information Retrieval
Cristian-Alexandru Staicu,Software Engineering
Cristian-Alexandru Staicu,The Web & Information Retrieval
Csaba Szepesvári,Artificial Intelligence
Csaba Szepesvári,Machine Learning
Cuiyun Gao 0001,Artificial Intelligence
Cuiyun Gao 0001,Natural Language Processing
Cuiyun Gao 0001,Software Engineering
Cuiyun Gao 0001,The Web & Information Retrieval
Cynthia Dwork,Machine Learning
Cynthia Dwork,The Web & Information Retrieval
D. Ellis Hershkowitz,Artificial Intelligence
D. Ellis Hershkowitz,Machine Learning
Da-Wei Zhou 0001,Artificial Intelligence
Da-Wei Zhou 0001,Computer Vision
Da-Wei Zhou 0001,Data Mining
Da-Wei Zhou 0001,Machine Learning
Dacheng Tao,Artificial Intelligence
Dacheng Tao,Computer Vision
Dacheng Tao,Data Mining
Dacheng Tao,Machine Learning
Dacheng Tao,Natural Language Processing
Dacheng Tao,Robotics
Dacheng Tao,Software Engineering
Dacheng Tao,The Web & Information Retrieval
Daehee Park 0001,Artificial Intelligence
Daehee Park 0001,Computer Vision
Daehee Park 0001,Robotics
Daehyung Park,Artificial Intelligence
Daehyung Park,Robotics
Dagang Li 0001,Artificial Intelligence
Dahua Lin,Artificial Intelligence
Dahua Lin,Computer Graphics
Dahua Lin,Computer Vision
Dahua Lin,Machine Learning
Dahua Lin,Natural Language Processing
Dahua Lin,Robotics
Dakuo Wang,Artificial Intelligence
Dakuo Wang,Data Mining
Dakuo Wang,Human-Computer Interaction
Dakuo Wang,Natural Language Processing
Dale Schuurmans,Artificial Intelligence
Dale Schuurmans,Computer Vision
Dale Schuurmans,Data Mining
Dale Schuurmans,Machine Learning
Damiano Spina,Human-Computer Interaction
Damiano Spina,The Web & Information Retrieval
Dan Alistarh,Artificial Intelligence
Dan Alistarh,Computer Vision
Dan Alistarh,Machine Learning
Dan Alistarh,Natural Language Processing
Dan Olteanu,Databases
Dan Roth 0001,Artificial Intelligence
Dan Roth 0001,Computer Vision
Dan Roth 0001,Data Mining
Dan Roth 0001,Machine Learning
Dan Roth 0001,Natural Language Processing
Dan Roth 0001,The Web & Information Retrieval
Dana McKay,The Web & Information Retrieval
Danai Koutra,Artificial Intelligence
Danai Koutra,Computer Vision
Danai Koutra,Data Mining
Danai Koutra,Databases
Danai Koutra,Machine Learning
Danai Koutra,Natural Language Processing
Danai Koutra,The Web & Information Retrieval
Danail Stoyanov,Computer Vision
Danail Stoyanov,Robotics
Danda Pani Paudel,Artificial Intelligence
Danda Pani Paudel,Computer Vision
Danda Pani Paudel,Machine Learning
Danda Pani Paudel,Robotics
Dandan Guo,Artificial Intelligence
Dandan Guo,Computer Vision
Dandan Guo,Machine Learning
Dandan Guo,Natural Language Processing
Danfei Xu,Computer Vision
Danfei Xu,Machine Learning
Danfei Xu,Robotics
Dani Lischinski,Artificial Intelligence
Dani Lischinski,Computer Graphics
Dani Lischinski,Computer Vision
Dani Lischinski,Machine Learning
Dani Lischinski,Natural Language Processing
Dani Lischinski,Visualization
Dani Yogatama,Machine Learning
Dani Yogatama,Natural Language Processing
Danica J. Sutherland,Artificial Intelligence
Danica J. Sutherland,Computer Vision
Danica J. Sutherland,Machine Learning
Daniel Ashbrook,Human-Computer Interaction
Daniel Beck,Machine Learning
Daniel Beck,Natural Language Processing
Daniel Beck,The Web & Information Retrieval
Daniel Cohen-Or,Computer Graphics
Daniel Cohen-Or,Computer Vision
Daniel Cohen-Or,Human-Computer Interaction
Daniel Cohen-Or,Machine Learning
Daniel Cohen-Or,Robotics
Daniel Cohen-Or,Visualization
Daniel Cremers,Artificial Intelligence
Daniel Cremers,Computer Vision
Daniel Cremers,Machine Learning
Daniel Cremers,Natural Language Processing
Daniel Cremers,Robotics
Daniel D. Lee,Artificial Intelligence
Daniel D. Lee,Computer Vision
Daniel D. Lee,Machine Learning
Daniel D. Lee,Robotics
Daniel Deutch,Databases
Daniel Deutch,Natural Language Processing
Daniel Fried,Artificial Intelligence
Daniel Fried,Computer Vision
Daniel Fried,Machine Learning
Daniel Fried,Natural Language Processing
Daniel Hershcovich,Artificial Intelligence
Daniel Hershcovich,Natural Language Processing
Daniel Hsu 0001,Machine Learning
Daniel Hsu 0001,Natural Language Processing
Daniel Kang 0001,Computer Vision
Daniel Kang 0001,Databases
Daniel Kang 0001,Machine Learning
Daniel Kang 0001,Natural Language Processing
Daniel Kang 0001,Robotics
Daniel Khashabi,Artificial Intelligence
Daniel Khashabi,Machine Learning
Daniel Khashabi,Natural Language Processing
Daniel M. Kane,Machine Learning
Daniel N. Rockmore,Machine Learning
Daniel Rakita,Computer Graphics
Daniel Rakita,Robotics
Daniel Ritchie,Computer Graphics
Daniel Ritchie,Computer Vision
Daniel Ritchie,Machine Learning
Daniel Ritchie,Natural Language Processing
Daniel Ritchie,Robotics
Daniel Soudry,Artificial Intelligence
Daniel Soudry,Computer Vision
Daniel Soudry,Machine Learning
Daniel Vogel 0001,Human-Computer Interaction
Daniela Rus,Artificial Intelligence
Daniela Rus,Computer Graphics
Daniela Rus,Computer Vision
Daniela Rus,Human-Computer Interaction
Daniela Rus,Machine Learning
Daniela Rus,Natural Language Processing
Daniela Rus,Robotics
Daniele Panozzo,Computer Graphics
Daniele Panozzo,Computer Vision
Daniele Panozzo,Human-Computer Interaction
Daniele Panozzo,Machine Learning
Daniele Panozzo,Robotics
Danish Pruthi,Artificial Intelligence
Danish Pruthi,Computer Vision
Danish Pruthi,Machine Learning
Danish Pruthi,Natural Language Processing
Danqi Chen 0001,Machine Learning
Danqi Chen 0001,Natural Language Processing
Danula Hettiachchi,Human-Computer Interaction
Danula Hettiachchi,The Web & Information Retrieval
Danushka Bollegala,Artificial Intelligence
Danushka Bollegala,Natural Language Processing
Danushka Bollegala,Robotics
Daphne Ippolito,Artificial Intelligence
Daphne Ippolito,Machine Learning
Daphne Ippolito,Natural Language Processing
Darren Cosker,Computer Graphics
Darren Cosker,Computer Vision
Darren Cosker,Machine Learning
Dave Zachariah,Machine Learning
David A. Forsyth,Computer Vision
David A. Forsyth,Human-Computer Interaction
David A. Forsyth,Machine Learning
David Alvarez-Melis,Machine Learning
David Alvarez-Melis,Natural Language Processing
David B. Lindell,Artificial Intelligence
David B. Lindell,Computer Graphics
David B. Lindell,Computer Vision
David B. Lindell,Human-Computer Interaction
David B. Lindell,Machine Learning
David Barber,Artificial Intelligence
David Barber,Computer Vision
David Barber,Machine Learning
David Bau,Computer Graphics
David Bau,Computer Vision
David Bau,Machine Learning
David Bau,Natural Language Processing
David Brooks 0001,Machine Learning
David Bull 0001,Artificial Intelligence
David Bull 0001,Computer Vision
David Bull 0001,Machine Learning
David Crandall,Artificial Intelligence
David Crandall,Computer Vision
David Crandall,Machine Learning
David Crandall,Robotics
David Duvenaud,Machine Learning
David Duvenaud,Natural Language Processing
David E. Carlson,Artificial Intelligence
David E. Carlson,Computer Vision
David E. Carlson,Machine Learning
David F. Fouhey,Computer Graphics
David F. Fouhey,Computer Vision
David F. Fouhey,Machine Learning
David F. Fouhey,Robotics
David G. Andersen,Data Mining
David G. Andersen,Databases
David G. Andersen,Machine Learning
David G. Andersen,The Web & Information Retrieval
David Held,Computer Vision
David Held,Machine Learning
David Held,Robotics
David Ifeoluwa Adelani,Machine Learning
David Ifeoluwa Adelani,Natural Language Processing
David Ifeoluwa Adelani,The Web & Information Retrieval
David J. Fleet,Artificial Intelligence
David J. Fleet,Computer Graphics
David J. Fleet,Computer Vision
David J. Fleet,Machine Learning
David Jacobs 0001,Computer Vision
David Jacobs 0001,Machine Learning
David Jurgens,Machine Learning
David Jurgens,Natural Language Processing
David Jurgens,The Web & Information Retrieval
David Lindlbauer,Human-Computer Interaction
David M. Blei,Data Mining
David M. Blei,Machine Learning
David M. Blei,Natural Language Processing
David M. Blei,The Web & Information Retrieval
David M. Mount,Databases
David McAllester,Computer Vision
David McAllester,Machine Learning
David Meger,Artificial Intelligence
David Meger,Machine Learning
David Meger,Robotics
David P. Woodruff,Artificial Intelligence
David P. Woodruff,Data Mining
David P. Woodruff,Databases
David P. Woodruff,Machine Learning
David P. Woodruff,Natural Language Processing
David P. Woodruff,The Web & Information Retrieval
David R. Karger,Databases
David R. Karger,Human-Computer Interaction
Davide Scaramuzza 0001,Computer Vision
Davide Scaramuzza 0001,Machine Learning
Davide Scaramuzza 0001,Robotics
Dawei Cheng,Artificial Intelligence
Dawei Cheng,Computer Vision
Dawei Cheng,Data Mining
Dawei Cheng,Machine Learning
Dawei Cheng,Natural Language Processing
Dawei Cheng,The Web & Information Retrieval
Dawei Zhou 0003,Artificial Intelligence
Dawei Zhou 0003,Data Mining
Dawei Zhou 0003,Machine Learning
Dawei Zhou 0003,The Web & Information Retrieval
Dawn Song,Artificial Intelligence
Dawn Song,Computer Vision
Dawn Song,Data Mining
Dawn Song,Databases
Dawn Song,Human-Computer Interaction
Dawn Song,Machine Learning
Dawn Song,Natural Language Processing
Dawn Song,Software Engineering
De-Chuan Zhan,Artificial Intelligence
De-Chuan Zhan,Computer Vision
De-Chuan Zhan,Data Mining
De-Chuan Zhan,Machine Learning
De-Chuan Zhan,Natural Language Processing
Debarghya Ghoshdastidar,Artificial Intelligence
Debarghya Ghoshdastidar,Machine Learning
Debin Zhao,Artificial Intelligence
Debin Zhao,Computer Vision
Debin Zhao,Machine Learning
Debmalya Panigrahi,Artificial Intelligence
Debmalya Panigrahi,Databases
Debmalya Panigrahi,Machine Learning
Debmalya Panigrahi,The Web & Information Retrieval
Deepak Pathak,Computer Vision
Deepak Pathak,Machine Learning
Deepak Pathak,Robotics
Deepu Rajan,Computer Vision
Defu Lian,Artificial Intelligence
Defu Lian,Data Mining
Defu Lian,Databases
Defu Lian,Human-Computer Interaction
Defu Lian,Machine Learning
Defu Lian,Natural Language Processing
Defu Lian,The Web & Information Retrieval
Dejing Dou,Artificial Intelligence
Dejing Dou,Computer Vision
Dejing Dou,Data Mining
Dejing Dou,Machine Learning
Dejing Dou,Natural Language Processing
Dejing Dou,Robotics
Dejing Dou,The Web & Information Retrieval
Deliang Fan,Artificial Intelligence
Deliang Fan,Computer Vision
Deliang Fan,Machine Learning
Dell Zhang,Artificial Intelligence
Dell Zhang,Human-Computer Interaction
Dell Zhang,Natural Language Processing
Dell Zhang,The Web & Information Retrieval
Deming Chen,Computer Vision
Deming Chen,Databases
Deming Chen,Machine Learning
Deng-Ping Fan,Artificial Intelligence
Deng-Ping Fan,Computer Vision
Deng-Ping Fan,Machine Learning
Denis Deratani Mauá,Artificial Intelligence
Denis Deratani Mauá,Machine Learning
Denis Parra,Machine Learning
Denis Zorin,Computer Graphics
Denis Zorin,Computer Vision
Denis Zorin,Machine Learning
Denys Poshyvanyk,Software Engineering
Deqing Zou,Natural Language Processing
Deqing Zou,Software Engineering
Dequan Wang,Computer Vision
Dequan Wang,Human-Computer Interaction
Dequan Wang,Machine Learning
Dequan Wang,Robotics
Derek Hoiem,Computer Vision
Derek Hoiem,Machine Learning
Derek Hoiem,Natural Language Processing
Derek Nowrouzezahrai,Computer Graphics
Derek Nowrouzezahrai,Computer Vision
Derek Nowrouzezahrai,Machine Learning
Desmond Elliott,Computer Vision
Desmond Elliott,Machine Learning
Desmond Elliott,Natural Language Processing
Deva Ramanan,Artificial Intelligence
Deva Ramanan,Computer Vision
Deva Ramanan,Machine Learning
Deva Ramanan,Natural Language Processing
Deva Ramanan,Robotics
Deyi Xiong,Artificial Intelligence
Deyi Xiong,Machine Learning
Deyi Xiong,Natural Language Processing
Dezhen Song,Computer Vision
Dezhen Song,Robotics
Dhruv Shah,Artificial Intelligence
Dhruv Shah,Machine Learning
Dhruv Shah,Robotics
Di He 0001,Artificial Intelligence
Di He 0001,Computer Vision
Di He 0001,Machine Learning
Di He 0001,Natural Language Processing
Di Hu 0001,Artificial Intelligence
Di Hu 0001,Computer Vision
Di Hu 0001,Machine Learning
Di Hu 0001,Natural Language Processing
Di Hu 0001,Robotics
Di Hu 0001,The Web & Information Retrieval
Di Wang 0015,Artificial Intelligence
Di Wang 0015,Databases
Di Wang 0015,Machine Learning
Di Wang 0015,Natural Language Processing
Di Wang 0015,The Web & Information Retrieval
Di Weng,Data Mining
Di Weng,Human-Computer Interaction
Di Weng,Visualization
Diana Inkpen,Artificial Intelligence
Diana Inkpen,Computer Vision
Diana Inkpen,Natural Language Processing
Dietrich Klakow,Artificial Intelligence
Dietrich Klakow,Machine Learning
Dietrich Klakow,Natural Language Processing
Difan Zou,Computer Vision
Difan Zou,Machine Learning
Difan Zou,Natural Language Processing
Dima Damen,Computer Vision
Dima Damen,Machine Learning
Dima Damen,Robotics
Dimitrios Gunopulos,Data Mining
Dimitrios Gunopulos,Machine Learning
Dimitris N. Metaxas,Artificial Intelligence
Dimitris N. Metaxas,Computer Vision
Dimitris N. Metaxas,Machine Learning
Dimitris Samaras,Artificial Intelligence
Dimitris Samaras,Computer Graphics
Dimitris Samaras,Computer Vision
Dimitris Samaras,Machine Learning
Dina Katabi,Artificial Intelligence
Dina Katabi,Computer Graphics
Dina Katabi,Computer Vision
Dina Katabi,Human-Computer Interaction
Dina Katabi,Machine Learning
Dina Katabi,Robotics
Dinesh Jayaraman,Artificial Intelligence
Dinesh Jayaraman,Computer Vision
Dinesh Jayaraman,Machine Learning
Dinesh Jayaraman,Robotics
Dinesh Manocha,Artificial Intelligence
Dinesh Manocha,Computer Graphics
Dinesh Manocha,Computer Vision
Dinesh Manocha,Human-Computer Interaction
Dinesh Manocha,Machine Learning
Dinesh Manocha,Natural Language Processing
Dinesh Manocha,Robotics
Dinesh Manocha,The Web & Information Retrieval
Dinggang Shen,Artificial Intelligence
Dinggang Shen,Computer Vision
Dinggang Shen,Data Mining
Dinggang Shen,Machine Learning
Dingming Wu 0001,Databases
Diptesh Kanojia,Artificial Intelligence
Diptesh Kanojia,Machine Learning
Diptesh Kanojia,Natural Language Processing
Dit-Yan Yeung,Artificial Intelligence
Dit-Yan Yeung,Computer Vision
Dit-Yan Yeung,Data Mining
Dit-Yan Yeung,Machine Learning
Dit-Yan Yeung,Natural Language Processing
Dit-Yan Yeung,Robotics
Dit-Yan Yeung,The Web & Information Retrieval
Diyi Yang,Artificial Intelligence
Diyi Yang,Computer Vision
Diyi Yang,Human-Computer Interaction
Diyi Yang,Machine Learning
Diyi Yang,Natural Language Processing
Doina Caragea,Artificial Intelligence
Doina Caragea,Natural Language Processing
Doina Caragea,The Web & Information Retrieval
Dominik L. Michels,Computer Graphics
Dominik L. Michels,Machine Learning
Dominik L. Michels,Robotics
Don Towsley,Artificial Intelligence
Don Towsley,Data Mining
Don Towsley,Machine Learning
Dong Gong,Artificial Intelligence
Dong Gong,Computer Vision
Dong Gong,Machine Learning
Dong Gong,Robotics
Dong Liu 0002,Artificial Intelligence
Dong Liu 0002,Computer Vision
Dong Liu 0002,Machine Learning
Dong Wang 0002,Artificial Intelligence
Dong Wang 0002,Natural Language Processing
Dong Wang 0002,The Web & Information Retrieval
Dong Wen 0001,Databases
Dong Wen 0001,The Web & Information Retrieval
Dong Zhang,Artificial Intelligence
Dong Zhang,Computer Vision
Dong Zhang,Machine Learning
Dong Zhang,Natural Language Processing
Dong Zhang,Robotics
Dong-Ming Yan 0001,Artificial Intelligence
Dong-Ming Yan 0001,Computer Graphics
Dong-Ming Yan 0001,Computer Vision
Dong-Ming Yan 0001,Machine Learning
Dongfang Liu,Artificial Intelligence
Dongfang Liu,Computer Vision
Dongfang Liu,Machine Learning
Dongfang Liu,Natural Language Processing
Dongfang Liu,Robotics
Dongfang Liu,The Web & Information Retrieval
Dongha Lee 0003,Artificial Intelligence
Dongha Lee 0003,Computer Vision
Dongha Lee 0003,Data Mining
Dongha Lee 0003,Machine Learning
Dongha Lee 0003,Natural Language Processing
Dongha Lee 0003,The Web & Information Retrieval
Donghyun Kim 0006,Artificial Intelligence
Donghyun Kim 0006,Computer Vision
Donghyun Kim 0006,Machine Learning
Dongjin Song,Artificial Intelligence
Dongjin Song,Computer Vision
Dongjin Song,Data Mining
Dongjin Song,Human-Computer Interaction
Dongjin Song,Machine Learning
Dongjin Song,Robotics
Dongkuan Xu,Artificial Intelligence
Dongkuan Xu,Computer Vision
Dongkuan Xu,Data Mining
Dongkuan Xu,Machine Learning
Dongkuan Xu,Natural Language Processing
Dongkuan Xu,Robotics
Dongkuan Xu,The Web & Information Retrieval
Donglai Wei 0001,Computer Graphics
Donglai Wei 0001,Computer Vision
Donglai Wei 0001,Human-Computer Interaction
Donglai Wei 0001,Machine Learning
Donglai Wei 0001,Visualization
Dongliang Chang,Artificial Intelligence
Dongliang Chang,Computer Vision
Donglin Wang,Artificial Intelligence
Donglin Wang,Computer Vision
Donglin Wang,Data Mining
Donglin Wang,Machine Learning
Donglin Wang,Natural Language Processing
Donglin Wang,Robotics
Dongruo Zhou,Artificial Intelligence
Dongruo Zhou,Machine Learning
Dongsheng Ding,Artificial Intelligence
Dongsheng Ding,Machine Learning
Dongsheng Wang 0003,Computer Vision
Dongsheng Wang 0003,Machine Learning
Dongwei Ren,Artificial Intelligence
Dongwei Ren,Computer Vision
Dongwei Ren,Machine Learning
Dongwoo Kim 0002,Artificial Intelligence
Dongwoo Kim 0002,Computer Vision
Dongwoo Kim 0002,Machine Learning
Dongwoo Kim 0002,Natural Language Processing
Dongxiang Zhang,Artificial Intelligence
Dongxiang Zhang,Computer Vision
Dongxiang Zhang,Data Mining
Dongxiang Zhang,Databases
Dongxiang Zhang,Machine Learning
Dongxiang Zhang,Natural Language Processing
Dongxiang Zhang,The Web & Information Retrieval
Dongxiao He,Artificial Intelligence
Dongxiao He,Machine Learning
Dongxiao He,Natural Language Processing
Dongxiao He,The Web & Information Retrieval
Dongxiao Yu,Artificial Intelligence
Dongxiao Yu,Data Mining
Dongxiao Yu,Databases
Dongxiao Yu,Machine Learning
Dongxiao Yu,The Web & Information Retrieval
Dongyan Zhao 0001,Artificial Intelligence
Dongyan Zhao 0001,Computer Vision
Dongyan Zhao 0001,Data Mining
Dongyan Zhao 0001,Databases
Dongyan Zhao 0001,Machine Learning
Dongyan Zhao 0001,Natural Language Processing
Dongyan Zhao 0001,The Web & Information Retrieval
Dorota Glowacka,The Web & Information Retrieval
Dorsa Sadigh,Artificial Intelligence
Dorsa Sadigh,Computer Vision
Dorsa Sadigh,Machine Learning
Dorsa Sadigh,Natural Language Processing
Dorsa Sadigh,Robotics
Dusit Niyato,Artificial Intelligence
Dusit Niyato,Data Mining
Dusit Niyato,The Web & Information Retrieval
Dustin Wright 0001,Machine Learning
Dustin Wright 0001,Natural Language Processing
Dustin Wright 0001,The Web & Information Retrieval
Dylan A. Shell,Artificial Intelligence
Dylan A. Shell,Machine Learning
Dylan A. Shell,Robotics
Dylan Campbell,Computer Graphics
Dylan Campbell,Computer Vision
Dylan Campbell,Machine Learning
Dylan Hadfield-Menell,Artificial Intelligence
Dylan Hadfield-Menell,Machine Learning
Dylan Hadfield-Menell,Natural Language Processing
Dylan Hadfield-Menell,Robotics
Eckehard G. Steinbach,Computer Vision
Eckehard G. Steinbach,Robotics
Edith Elkind,Artificial Intelligence
Edith Elkind,Machine Learning
Edoardo Maria Ponti,Machine Learning
Edoardo Maria Ponti,Natural Language Processing
Eduard C. Dragut,Artificial Intelligence
Eduard C. Dragut,Data Mining
Eduard C. Dragut,Databases
Eduard C. Dragut,Natural Language Processing
Eduard C. Dragut,The Web & Information Retrieval
Eduard Gorbunov,Machine Learning
Eduardo Velloso,Human-Computer Interaction
Edward Johns,Computer Vision
Edward Johns,Machine Learning
Edward Johns,Robotics
Eftychios Sifakis,Computer Graphics
Eftychios Sifakis,Machine Learning
Ehsan Abbasnejad,Artificial Intelligence
Ehsan Abbasnejad,Computer Vision
Ehsan Abbasnejad,Machine Learning
Ehsan Abbasnejad,Natural Language Processing
Ehsan Elhamifar,Artificial Intelligence
Ehsan Elhamifar,Computer Vision
Ehsan Elhamifar,Machine Learning
Eitan Grinspun,Computer Graphics
Eitan Grinspun,Machine Learning
Eitan Grinspun,Robotics
Ekaterina Kochmar,Artificial Intelligence
Ekaterina Kochmar,Natural Language Processing
Ekaterina Vylomova,Natural Language Processing
Elad Hazan,Machine Learning
Eleni Tzirita Zacharatou,Databases
Elias Bareinboim,Artificial Intelligence
Elias Bareinboim,Computer Vision
Elias Bareinboim,Machine Learning
Elias Stengel-Eskin,Computer Vision
Elias Stengel-Eskin,Machine Learning
Elias Stengel-Eskin,Natural Language Processing
Elisa Ricci 0001,Artificial Intelligence
Elisa Ricci 0001,Computer Vision
Elisa Ricci 0001,Machine Learning
Elisa Ricci 0001,Natural Language Processing
Elisa Ricci 0001,Robotics
Ellie Pavlick,Machine Learning
Ellie Pavlick,Natural Language Processing
Ellie Pavlick,Robotics
Elliot Anshelevich,Artificial Intelligence
Elliot Creager,Computer Vision
Elliot Creager,Machine Learning
Elmar Eisemann,Computer Graphics
Elmar Eisemann,Computer Vision
Elmar Eisemann,Machine Learning
Elmar Eisemann,Visualization
Elvis Dohmatob,Artificial Intelligence
Elvis Dohmatob,Machine Learning
Emanuele Rodolà,Artificial Intelligence
Emanuele Rodolà,Computer Graphics
Emanuele Rodolà,Computer Vision
Emanuele Rodolà,Machine Learning
Emanuele Rodolà,Natural Language Processing
Emanuele Rodolà,The Web & Information Retrieval
Emilie Kaufmann,Machine Learning
Emma Alexander,Computer Vision
Emma Brunskill,Artificial Intelligence
Emma Brunskill,Machine Learning
Emma Brunskill,Natural Language Processing
Emma Pierson,Artificial Intelligence
Emma Pierson,Data Mining
Emma Pierson,Machine Learning
Emma Pierson,Natural Language Processing
Emma Pierson,The Web & Information Retrieval
Emma Strubell,Artificial Intelligence
Emma Strubell,Machine Learning
Emma Strubell,Natural Language Processing
Emmanuel Abbe,Machine Learning
Enhong Chen,Artificial Intelligence
Enhong Chen,Computer Vision
Enhong Chen,Data Mining
Enhong Chen,Databases
Enhong Chen,Human-Computer Interaction
Enhong Chen,Machine Learning
Enhong Chen,Natural Language Processing
Enhong Chen,The Web & Information Retrieval
Enrico Rukzio,Human-Computer Interaction
Enrique Dunn,Computer Vision
Enrique Dunn,Robotics
Enrique Mallada,Machine Learning
Eran Segal,Machine Learning
Eran Treister,Artificial Intelligence
Eran Treister,Computer Vision
Eran Treister,Machine Learning
Erdem Biyik,Artificial Intelligence
Erdem Biyik,Machine Learning
Erdem Biyik,Natural Language Processing
Erdem Biyik,Robotics
Erel Segal-Halevi,Artificial Intelligence
Erez Karpas,Artificial Intelligence
Erez Karpas,Robotics
Eric Feron,Robotics
Eric Granger,Artificial Intelligence
Eric Granger,Computer Vision
Eric Granger,Machine Learning
Eric Lo 0001,Artificial Intelligence
Eric Lo 0001,Databases
Eric Lo 0001,Machine Learning
Eric Mazumdar,Machine Learning
Eric Mazumdar,Robotics
Eric Moulines,Machine Learning
Eric P. Xing,Artificial Intelligence
Eric P. Xing,Computer Vision
Eric P. Xing,Data Mining
Eric P. Xing,Databases
Eric P. Xing,Machine Learning
Eric P. Xing,Natural Language Processing
Eric P. Xing,The Web & Information Retrieval
Eric T. Nalisnick,Computer Vision
Eric T. Nalisnick,Machine Learning
Eric T. Nalisnick,Natural Language Processing
Eric Wong 0001,Artificial Intelligence
Eric Wong 0001,Computer Vision
Eric Wong 0001,Machine Learning
Eric Wong 0001,Natural Language Processing
Erik Cambria,Artificial Intelligence
Erik Cambria,Natural Language Processing
Erik Cambria,The Web & Information Retrieval
Erik G. Learned-Miller,Computer Vision
Erik G. Learned-Miller,Machine Learning
Erik G. Learned-Miller,Robotics
Esther Rolf,Artificial Intelligence
Esther Rolf,Machine Learning
Etienne Vouga,Computer Graphics
Etienne Vouga,Computer Vision
Etienne Vouga,Data Mining
Etienne Vouga,Machine Learning
Eugene Vinitsky,Machine Learning
Eugene Vinitsky,Robotics
Eunho Yang,Artificial Intelligence
Eunho Yang,Computer Vision
Eunho Yang,Machine Learning
Eunho Yang,Natural Language Processing
Eunice Jun,Human-Computer Interaction
Eunsol Choi,Human-Computer Interaction
Eunsol Choi,Machine Learning
Eunsol Choi,Natural Language Processing
Evangelos A. Theodorou,Machine Learning
Evangelos A. Theodorou,Robotics
Evangelos Kanoulas,Artificial Intelligence
Evangelos Kanoulas,Data Mining
Evangelos Kanoulas,Natural Language Processing
Evangelos Kanoulas,The Web & Information Retrieval
Evi Micha,Artificial Intelligence
Evi Micha,Machine Learning
Eytan Adar,Human-Computer Interaction
Eytan Adar,Natural Language Processing
Eytan Adar,The Web & Information Retrieval
Eytan Adar,Visualization
Fabian J. Theis,Machine Learning
Fabio Patrizi,Artificial Intelligence
Fabio Ramos 0001,Artificial Intelligence
Fabio Ramos 0001,Computer Vision
Fabio Ramos 0001,Machine Learning
Fabio Ramos 0001,Robotics
Fabrizio Silvestri,Artificial Intelligence
Fabrizio Silvestri,Computer Vision
Fabrizio Silvestri,Data Mining
Fabrizio Silvestri,Databases
Fabrizio Silvestri,Machine Learning
Fabrizio Silvestri,Natural Language Processing
Fabrizio Silvestri,The Web & Information Retrieval
Faegheh Hasibi,The Web & Information Retrieval
Fahad Shahbaz Khan,Artificial Intelligence
Fahad Shahbaz Khan,Computer Vision
Fahad Shahbaz Khan,Machine Learning
Fahad Shahbaz Khan,Natural Language Processing
Fahad Shahbaz Khan,Robotics
Fahiem Bacchus,Artificial Intelligence
Fajie Yuan,Artificial Intelligence
Fajie Yuan,Machine Learning
Fajie Yuan,Natural Language Processing
Fajie Yuan,The Web & Information Retrieval
Fajri Koto,Machine Learning
Fajri Koto,Natural Language Processing
Falk Scholer,Human-Computer Interaction
Falk Scholer,Natural Language Processing
Falk Scholer,The Web & Information Retrieval
Fan Wu 0006,Artificial Intelligence
Fan Wu 0006,Computer Vision
Fan Wu 0006,Data Mining
Fan Wu 0006,Databases
Fan Wu 0006,Human-Computer Interaction
Fan Wu 0006,Machine Learning
Fan Wu 0006,Natural Language Processing
Fan Wu 0006,The Web & Information Retrieval
Fan Zhang 0017,Artificial Intelligence
Fan Zhang 0017,Computer Vision
Fan Zhang 0017,Machine Learning
Fang Liu 0001,Artificial Intelligence
Fang Liu 0001,Computer Vision
Fanghui Liu 0001,Artificial Intelligence
Fanghui Liu 0001,Computer Vision
Fanghui Liu 0001,Machine Learning
Fanny Chevalier,Computer Graphics
Fanny Chevalier,Human-Computer Interaction
Fanny Chevalier,Visualization
Farzad Farnoud,Artificial Intelligence
Farzad Farnoud,Machine Learning
Farzan Farnia,Computer Vision
Farzan Farnia,Machine Learning
Fatemeh Nargesian,Artificial Intelligence
Fatemeh Nargesian,Databases
Fei Chao 0001,Artificial Intelligence
Fei Chao 0001,Computer Vision
Fei Chao 0001,Machine Learning
Fei Chao 0001,Robotics
Fei Chiang,Databases
Fei Fang 0001,Artificial Intelligence
Fei Fang 0001,Machine Learning
Fei Fang 0001,Natural Language Processing
Fei Fang 0001,Robotics
Fei Fang 0001,The Web & Information Retrieval
Fei Miao,Artificial Intelligence
Fei Miao,Computer Vision
Fei Miao,Machine Learning
Fei Miao,Natural Language Processing
Fei Miao,Robotics
Fei Sun 0001,Artificial Intelligence
Fei Sun 0001,Computer Vision
Fei Sun 0001,Data Mining
Fei Sun 0001,Machine Learning
Fei Sun 0001,Natural Language Processing
Fei Sun 0001,The Web & Information Retrieval
Fei Wang 0001,Artificial Intelligence
Fei Wang 0001,Data Mining
Fei Wang 0001,Human-Computer Interaction
Fei Wang 0001,Machine Learning
Fei Wang 0001,The Web & Information Retrieval
Fei Wang 0014,Artificial Intelligence
Fei Wang 0014,Data Mining
Fei Wang 0014,Databases
Fei Wang 0014,Machine Learning
Fei Wang 0014,The Web & Information Retrieval
Fei Wu 0001,Artificial Intelligence
Fei Wu 0001,Computer Vision
Fei Wu 0001,Data Mining
Fei Wu 0001,Machine Learning
Fei Wu 0001,Natural Language Processing
Fei Wu 0001,The Web & Information Retrieval
Feilong Tang,Artificial Intelligence
Feilong Tang,Computer Vision
Feilong Tang,Natural Language Processing
Feipeng Da,Artificial Intelligence
Feipeng Da,Computer Vision
Feipeng Da,Machine Learning
Felix Heide,Artificial Intelligence
Felix Heide,Computer Graphics
Felix Heide,Computer Vision
Felix Heide,Machine Learning
Felix Heide,Robotics
Feng Chen 0001,Artificial Intelligence
Feng Chen 0001,Data Mining
Feng Chen 0001,Machine Learning
Feng Chen 0001,Natural Language Processing
Feng Chen 0001,Software Engineering
Feng Chen 0001,The Web & Information Retrieval
Feng Liu 0003,Artificial Intelligence
Feng Liu 0003,Computer Vision
Feng Liu 0003,Data Mining
Feng Liu 0003,Machine Learning
Feng Liu 0003,The Web & Information Retrieval
Feng Liu 0015,Computer Graphics
Feng Liu 0015,Computer Vision
Feng Liu 0015,Human-Computer Interaction
Feng Tian 0001,Artificial Intelligence
Feng Tian 0001,Human-Computer Interaction
Feng Wu 0001,Artificial Intelligence
Feng Wu 0001,Computer Vision
Feng Wu 0001,Data Mining
Feng Wu 0001,Machine Learning
Feng Wu 0001,Natural Language Processing
Feng Wu 0001,Robotics
Feng Wu 0001,The Web & Information Retrieval
Feng Xia 0001,Artificial Intelligence
Feng Xia 0001,Data Mining
Feng Xia 0001,Machine Learning
Feng Xia 0001,Natural Language Processing
Feng Xia 0001,Robotics
Feng Xia 0001,The Web & Information Retrieval
Feng Zheng 0001,Artificial Intelligence
Feng Zheng 0001,Computer Vision
Feng Zheng 0001,Machine Learning
Feng Zheng 0001,Natural Language Processing
Feng Zheng 0001,Robotics
Feng Zhu 0006,Artificial Intelligence
Feng Zhu 0006,Computer Vision
Feng Zhu 0006,Machine Learning
Feng Zhu 0006,Natural Language Processing
Fengguang Song,Machine Learning
Ferenc Huszar,Computer Vision
Ferenc Huszar,Machine Learning
Finale Doshi-Velez,Artificial Intelligence
Finale Doshi-Velez,Machine Learning
Finale Doshi-Velez,Natural Language Processing
Finale Doshi-Velez,Visualization
Fisher Yu 0001,Computer Graphics
Fisher Yu 0001,Computer Vision
Fisher Yu 0001,Machine Learning
Fisher Yu 0001,Robotics
Flora D. Salim,Artificial Intelligence
Flora D. Salim,Data Mining
Flora D. Salim,Human-Computer Interaction
Flora D. Salim,Machine Learning
Flora D. Salim,Natural Language Processing
Flora D. Salim,The Web & Information Retrieval
Florian Müller 0003,Human-Computer Interaction
Florian Shkurti,Artificial Intelligence
Florian Shkurti,Computer Vision
Florian Shkurti,Robotics
Florian Tramèr,Machine Learning
Francesco Locatello,Artificial Intelligence
Francesco Locatello,Computer Vision
Francesco Locatello,Machine Learning
Francesco Orabona,Artificial Intelligence
Francesco Orabona,Machine Learning
Francesco Trovò,Artificial Intelligence
Francesco Trovò,Data Mining
Francesco Trovò,Machine Learning
Francesco Trovò,The Web & Information Retrieval
Francis Engelmann,Computer Graphics
Francis Engelmann,Computer Vision
Francis Engelmann,Machine Learning
Francis Engelmann,Robotics
Francis R. Bach,Artificial Intelligence
Francis R. Bach,Computer Vision
Francis R. Bach,Machine Learning
Frank Hutter,Artificial Intelligence
Frank Hutter,Computer Vision
Frank Hutter,Data Mining
Frank Hutter,Machine Learning
Frank Hutter,Robotics
Frank Tip,Software Engineering
Frank Wang,Computer Vision
Frank Wang,Machine Learning
Frans A. Oliehoek,Artificial Intelligence
Frans A. Oliehoek,Machine Learning
Frans A. Oliehoek,Natural Language Processing
Frans A. Oliehoek,Robotics
François Fleuret,Computer Vision
François Fleuret,Machine Learning
François Fleuret,Natural Language Processing
Frederic Koehler,Machine Learning
Frederic Sala,Artificial Intelligence
Frederic Sala,Machine Learning
Frederic Sala,Natural Language Processing
Friedrich Fraundorfer,Computer Vision
Friedrich Fraundorfer,Robotics
Frédo Durand,Computer Graphics
Frédo Durand,Computer Vision
Frédo Durand,Human-Computer Interaction
Frédo Durand,Machine Learning
Fuchun Sun 0001,Artificial Intelligence
Fuchun Sun 0001,Computer Vision
Fuchun Sun 0001,Machine Learning
Fuchun Sun 0001,Robotics
Fuli Feng,Artificial Intelligence
Fuli Feng,Data Mining
Fuli Feng,Machine Learning
Fuli Feng,Natural Language Processing
Fuli Feng,The Web & Information Retrieval
Fumin Shen,Artificial Intelligence
Fumin Shen,Computer Vision
Fumin Shen,The Web & Information Retrieval
Fumio Okura,Computer Vision
Furong Huang,Artificial Intelligence
Furong Huang,Computer Vision
Furong Huang,Machine Learning
Furong Huang,Natural Language Processing
Furong Huang,Robotics
Furong Huang,The Web & Information Retrieval
Fuxin Li,Artificial Intelligence
Fuxin Li,Computer Vision
Fuxin Li,Machine Learning
Fuxin Li,Robotics
Gabriel J. Brostow,Computer Graphics
Gabriel J. Brostow,Computer Vision
Gabriel J. Brostow,Human-Computer Interaction
Gabriel J. Brostow,Machine Learning
Gabriel Stanovsky,Artificial Intelligence
Gabriel Stanovsky,Computer Vision
Gabriel Stanovsky,Machine Learning
Gabriel Stanovsky,Natural Language Processing
Gabriele Farina,Artificial Intelligence
Gabriele Farina,Machine Learning
Gabriele Farina,Natural Language Processing
Gal Chechik,Artificial Intelligence
Gal Chechik,Computer Graphics
Gal Chechik,Computer Vision
Gal Chechik,Data Mining
Gal Chechik,Machine Learning
Gal Chechik,Natural Language Processing
Ganesh Ramakrishnan,Artificial Intelligence
Ganesh Ramakrishnan,Machine Learning
Ganesh Ramakrishnan,Natural Language Processing
Ganesh Ramakrishnan,The Web & Information Retrieval
Gang Chen 0001,Artificial Intelligence
Gang Chen 0001,Computer Vision
Gang Chen 0001,Data Mining
Gang Chen 0001,Databases
Gang Chen 0001,Machine Learning
Gang Chen 0001,Natural Language Processing
Gang Chen 0001,The Web & Information Retrieval
Gangshan Wu,Artificial Intelligence
Gangshan Wu,Computer Vision
Gangshan Wu,Machine Learning
Gangshan Wu,Natural Language Processing
Gao Cong,Artificial Intelligence
Gao Cong,Data Mining
Gao Cong,Databases
Gao Cong,Machine Learning
Gao Cong,Natural Language Processing
Gao Cong,The Web & Information Retrieval
Gary K. Fedder,Robotics
Gary Tan,Artificial Intelligence
Gaurav S. Sukhatme,Artificial Intelligence
Gaurav S. Sukhatme,Machine Learning
Gaurav S. Sukhatme,Robotics
Gautam Kamath 0001,Artificial Intelligence
Gautam Kamath 0001,Machine Learning
Ge Yu 0001,Artificial Intelligence
Ge Yu 0001,Databases
Ge Yu 0001,Natural Language Processing
Ge Yu 0001,The Web & Information Retrieval
Gedas Bertasius,Computer Vision
Gedas Bertasius,Machine Learning
Gedas Bertasius,Natural Language Processing
Gedas Bertasius,Robotics
Geir E. Dullerud,Machine Learning
Geir E. Dullerud,Robotics
Gennady Pekhimenko,Human-Computer Interaction
Gennady Pekhimenko,Machine Learning
Gennady Pekhimenko,Natural Language Processing
Gennady Pekhimenko,The Web & Information Retrieval
Georg Martius,Artificial Intelligence
Georg Martius,Computer Vision
Georg Martius,Machine Learning
Georg Martius,Robotics
George Alex Koulieris,Computer Graphics
George Dimitri Konidaris,Artificial Intelligence
George Dimitri Konidaris,Machine Learning
George Dimitri Konidaris,Natural Language Processing
George Dimitri Konidaris,Robotics
George J. Pappas,Artificial Intelligence
George J. Pappas,Machine Learning
George J. Pappas,Robotics
George Karypis,Artificial Intelligence
George Karypis,Data Mining
George Karypis,Databases
George Karypis,Machine Learning
George Karypis,Natural Language Processing
George Karypis,The Web & Information Retrieval
Georgia Chalvatzaki,Machine Learning
Georgia Chalvatzaki,Robotics
Georgia Gkioxari,Computer Vision
Georgia Gkioxari,Machine Learning
Georgia Gkioxari,Robotics
Gerard Pons-Moll,Computer Graphics
Gerard Pons-Moll,Computer Vision
Gerard Pons-Moll,Machine Learning
Gerard de Melo,Artificial Intelligence
Gerard de Melo,Computer Vision
Gerard de Melo,Data Mining
Gerard de Melo,Machine Learning
Gerard de Melo,Natural Language Processing
Gerard de Melo,The Web & Information Retrieval
Gerhard Neumann,Artificial Intelligence
Gerhard Neumann,Computer Vision
Gerhard Neumann,Machine Learning
Gerhard Neumann,Robotics
Gerhard P. Hancke 0002,Computer Graphics
Gerhard P. Hancke 0002,Computer Vision
Gerhard P. Hancke 0002,Machine Learning
Gerhard Weikum,Artificial Intelligence
Gerhard Weikum,Data Mining
Gerhard Weikum,Databases
Gerhard Weikum,Natural Language Processing
Gerhard Weikum,The Web & Information Retrieval
Gholamreza Haffari,Artificial Intelligence
Gholamreza Haffari,Computer Vision
Gholamreza Haffari,Data Mining
Gholamreza Haffari,Human-Computer Interaction
Gholamreza Haffari,Machine Learning
Gholamreza Haffari,Natural Language Processing
Gholamreza Haffari,The Web & Information Retrieval
Gi-Soo Kim,Artificial Intelligence
Gi-Soo Kim,Machine Learning
Gianluca Demartini,Artificial Intelligence
Gianluca Demartini,Data Mining
Gianluca Demartini,Human-Computer Interaction
Gianluca Demartini,The Web & Information Retrieval
Gim Hee Lee,Artificial Intelligence
Gim Hee Lee,Computer Vision
Gim Hee Lee,Machine Learning
Gim Hee Lee,Robotics
Giorgia Ramponi,Artificial Intelligence
Giorgia Ramponi,Machine Learning
Giorgio C. Buttazzo,Artificial Intelligence
Giorgio C. Buttazzo,Computer Vision
Giorgos Tolias,Computer Vision
Giorgos Tolias,Machine Learning
Giovanni Maria Farinella,Computer Vision
Giovanni Maria Farinella,Machine Learning
Gitta Kutyniok,Computer Vision
Gitta Kutyniok,Machine Learning
Gitta Kutyniok,Robotics
Giuseppe De Giacomo,Artificial Intelligence
Glen Berseth,Computer Graphics
Glen Berseth,Machine Learning
Glen Berseth,Robotics
Gongshen Liu,Artificial Intelligence
Gongshen Liu,Machine Learning
Gongshen Liu,Natural Language Processing
Goran Glavas,Artificial Intelligence
Goran Glavas,Natural Language Processing
Goran Glavas,The Web & Information Retrieval
Gordon Wetzstein,Computer Graphics
Gordon Wetzstein,Computer Vision
Gordon Wetzstein,Machine Learning
Graham Neubig,Artificial Intelligence
Graham Neubig,Computer Vision
Graham Neubig,Machine Learning
Graham Neubig,Natural Language Processing
Graham Neubig,Software Engineering
Gramoz Goranci,Data Mining
Gramoz Goranci,Machine Learning
Grant Schoenebeck,Artificial Intelligence
Grant Schoenebeck,Databases
Grant Schoenebeck,Machine Learning
Grant Schoenebeck,The Web & Information Retrieval
Greg Durrett,Artificial Intelligence
Greg Durrett,Machine Learning
Greg Durrett,Natural Language Processing
Greg Durrett,The Web & Information Retrieval
Greg Turk,Computer Graphics
Greg Turk,Computer Vision
Greg Turk,Machine Learning
Greg Turk,Robotics
Greg Ver Steeg,Artificial Intelligence
Greg Ver Steeg,Computer Vision
Greg Ver Steeg,Machine Learning
Greg Ver Steeg,Natural Language Processing
Greg Ver Steeg,The Web & Information Retrieval
Gregory D. Hager,Artificial Intelligence
Gregory D. Hager,Computer Vision
Gregory D. Hager,Robotics
Gregory Dudek,Artificial Intelligence
Gregory Dudek,Robotics
Gregory Dudek,The Web & Information Retrieval
Gregory J. Zelinsky,Computer Vision
Gregory J. Zelinsky,Machine Learning
Gregory Kehne,Artificial Intelligence
Gregory Kehne,Machine Learning
Gregory W. Wornell,Artificial Intelligence
Gregory W. Wornell,Computer Vision
Gregory W. Wornell,Machine Learning
Grigorios Chrysos 0002,Computer Vision
Grigorios Chrysos 0002,Machine Learning
Guanbin Li,Artificial Intelligence
Guanbin Li,Computer Graphics
Guanbin Li,Computer Vision
Guanbin Li,Machine Learning
Guanbin Li,Robotics
Guanchu Wang,Artificial Intelligence
Guanchu Wang,Machine Learning
Guanchu Wang,Natural Language Processing
Guang Chen 0001,Artificial Intelligence
Guang Chen 0001,Computer Vision
Guang Chen 0001,Machine Learning
Guang Chen 0001,Robotics
Guang-Zhong Yang,Computer Vision
Guang-Zhong Yang,Robotics
Guanghui Liu 0001,Artificial Intelligence
Guanghui Liu 0001,Computer Vision
Guanghui Wang 0001,Computer Vision
Guanghui Wang 0001,Machine Learning
Guanghui Wang 0001,Robotics
Guansong Pang,Artificial Intelligence
Guansong Pang,Computer Vision
Guansong Pang,Data Mining
Guansong Pang,Machine Learning
Guansong Pang,The Web & Information Retrieval
Guanxiong Sun,Artificial Intelligence
Guanxiong Sun,Computer Vision
Guanxiong Sun,Machine Learning
Guanya Shi,Machine Learning
Guanya Shi,Robotics
Guanying Chen,Artificial Intelligence
Guanying Chen,Computer Graphics
Guanying Chen,Computer Vision
Guanying Chen,Machine Learning
Gugan Thoppe,Artificial Intelligence
Gugan Thoppe,Machine Learning
Guha Balakrishnan,Computer Graphics
Guha Balakrishnan,Computer Vision
Guha Balakrishnan,Machine Learning
Gui-Song Xia,Artificial Intelligence
Gui-Song Xia,Computer Vision
Gui-Song Xia,Machine Learning
Gui-Song Xia,Natural Language Processing
Gui-Song Xia,Robotics
Guiguang Ding,Artificial Intelligence
Guiguang Ding,Computer Vision
Guiguang Ding,Machine Learning
Guiguang Ding,Natural Language Processing
Guihai Chen,Artificial Intelligence
Guihai Chen,Data Mining
Guihai Chen,Databases
Guihai Chen,Human-Computer Interaction
Guihai Chen,Machine Learning
Guihai Chen,Natural Language Processing
Guihai Chen,The Web & Information Retrieval
Guiliang Liu,Artificial Intelligence
Guiliang Liu,Computer Vision
Guiliang Liu,Data Mining
Guiliang Liu,Machine Learning
Guiliang Liu,Robotics
Guiliang Liu,The Web & Information Retrieval
Guillermo Gallego 0002,Computer Vision
Guillermo Gallego 0002,Robotics
Gunhee Kim,Artificial Intelligence
Gunhee Kim,Computer Vision
Gunhee Kim,Data Mining
Gunhee Kim,Machine Learning
Gunhee Kim,Natural Language Processing
Gunnar Rätsch,Artificial Intelligence
Gunnar Rätsch,Machine Learning
Guo-Jun Qi,Artificial Intelligence
Guo-Jun Qi,Computer Graphics
Guo-Jun Qi,Computer Vision
Guo-Jun Qi,Data Mining
Guo-Jun Qi,Machine Learning
Guodong Long,Artificial Intelligence
Guodong Long,Computer Vision
Guodong Long,Data Mining
Guodong Long,Machine Learning
Guodong Long,Natural Language Processing
Guodong Long,The Web & Information Retrieval
Guofeng Zhang 0001,Artificial Intelligence
Guofeng Zhang 0001,Computer Graphics
Guofeng Zhang 0001,Computer Vision
Guofeng Zhang 0001,Machine Learning
Guofeng Zhang 0001,Robotics
Guojie Song,Artificial Intelligence
Guojie Song,Data Mining
Guojie Song,Machine Learning
Guojie Song,Natural Language Processing
Guojie Song,The Web & Information Retrieval
Guolei Sun,Artificial Intelligence
Guolei Sun,Computer Vision
Guolei Sun,Data Mining
Guoliang Li 0001,Artificial Intelligence
Guoliang Li 0001,Data Mining
Guoliang Li 0001,Databases
Guoliang Li 0001,Machine Learning
Guoliang Li 0001,Visualization
Guoqing Wang 0001,Artificial Intelligence
Guoqing Wang 0001,Computer Vision
Guoqing Wang 0001,Human-Computer Interaction
Guoqing Wang 0001,Machine Learning
Guoqing Wang 0001,The Web & Information Retrieval
Guoquan Huang 0001,Computer Vision
Guoquan Huang 0001,Robotics
Guoren Wang,Artificial Intelligence
Guoren Wang,Computer Vision
Guoren Wang,Data Mining
Guoren Wang,Databases
Guoren Wang,Machine Learning
Guoren Wang,Robotics
Guoren Wang,The Web & Information Retrieval
Guoren Wang,Visualization
Guosheng Lin,Artificial Intelligence
Guosheng Lin,Computer Vision
Guosheng Lin,Machine Learning
Guosheng Lin,Robotics
Guowu Yang,Artificial Intelligence
Guowu Yang,Computer Vision
Guowu Yang,Data Mining
Guowu Yang,Natural Language Processing
Guowu Yang,The Web & Information Retrieval
Guozhong Dai,Human-Computer Interaction
Guy Van den Broeck,Artificial Intelligence
Guy Van den Broeck,Machine Learning
Guy Van den Broeck,Natural Language Processing
Guy Van den Broeck,Software Engineering
Gyeongsik Moon,Artificial Intelligence
Gyeongsik Moon,Computer Vision
Gyeongsik Moon,Machine Learning
Günther Specht,Databases
H. Jin Kim,Computer Vision
H. Jin Kim,Machine Learning
H. Jin Kim,Robotics
H. Sebastian Seung,Artificial Intelligence
H. Sebastian Seung,Machine Learning
H. Sebastian Seung,Robotics
H. V. Jagadish,Data Mining
H. V. Jagadish,Databases
H. V. Jagadish,Machine Learning
H. V. Jagadish,Natural Language Processing
Hadar Averbuch-Elor,Computer Graphics
Hadar Averbuch-Elor,Computer Vision
Hadar Averbuch-Elor,Machine Learning
Hadar Averbuch-Elor,Natural Language Processing
Hadas Kress-Gazit,Robotics
Hadi Daneshmand,Machine Learning
Hadi Hosseini,Artificial Intelligence
Hadi Hosseini,Machine Learning
Hadi Hosseini,The Web & Information Retrieval
Hae-Gon Jeon,Artificial Intelligence
Hae-Gon Jeon,Computer Vision
Hae-Gon Jeon,Machine Learning
Hae-Gon Jeon,Robotics
Haggai Maron,Computer Graphics
Haggai Maron,Computer Vision
Haggai Maron,Machine Learning
Hai Jin 0001,Artificial Intelligence
Hai Jin 0001,Computer Vision
Hai Jin 0001,Data Mining
Hai Jin 0001,Databases
Hai Jin 0001,Machine Learning
Hai Jin 0001,Software Engineering
Hai Jin 0001,The Web & Information Retrieval
Hai Li 0001,Artificial Intelligence
Hai Li 0001,Computer Vision
Hai Li 0001,Data Mining
Hai Li 0001,Machine Learning
Hai Li 0001,Natural Language Processing
Hai Li 0001,The Web & Information Retrieval
Haibin Ling,Artificial Intelligence
Haibin Ling,Computer Vision
Haibin Ling,Machine Learning
Haibin Ling,Robotics
Haibin Ling,Visualization
Haifeng Liu 0001,Artificial Intelligence
Haifeng Liu 0001,Computer Vision
Haifeng Liu 0001,Machine Learning
Haifeng Liu 0001,Robotics
Haifeng Liu 0001,The Web & Information Retrieval
Haifeng Xu,Artificial Intelligence
Haifeng Xu,Data Mining
Haifeng Xu,Machine Learning
Haifeng Xu,The Web & Information Retrieval
Haihong E,Artificial Intelligence
Haihong E,Machine Learning
Haihong E,Natural Language Processing
Haijun Xia,Human-Computer Interaction
Haijun Xia,Visualization
Hailong Yang 0002,Natural Language Processing
Hailong Yang 0002,Software Engineering
Haim Kaplan,Artificial Intelligence
Haim Kaplan,Machine Learning
Haipeng Cai,Human-Computer Interaction
Haipeng Cai,Software Engineering
Haipeng Cai,The Web & Information Retrieval
Haipeng Dai 0001,Data Mining
Haipeng Dai 0001,Databases
Haipeng Dai 0001,Human-Computer Interaction
Haipeng Dai 0001,The Web & Information Retrieval
Haipeng Luo,Computer Vision
Haipeng Luo,Machine Learning
Haizhou Li 0001,Artificial Intelligence
Haizhou Li 0001,Computer Vision
Haizhou Li 0001,Machine Learning
Haizhou Li 0001,Natural Language Processing
Haizhou Li 0001,Robotics
Haizhou Li 0001,The Web & Information Retrieval
Hakan Bilen,Computer Vision
Hakan Bilen,Machine Learning
Hakan Bilen,Natural Language Processing
Hal Daumé III,Artificial Intelligence
Hal Daumé III,Computer Vision
Hal Daumé III,Machine Learning
Hal Daumé III,Natural Language Processing
Hal Daumé III,The Web & Information Retrieval
Hamed Zamani,Machine Learning
Hamed Zamani,Natural Language Processing
Hamed Zamani,The Web & Information Retrieval
Hamid Karimi,Natural Language Processing
Han Yu 0001,Artificial Intelligence
Han Yu 0001,Computer Vision
Han Yu 0001,Databases
Han Yu 0001,Machine Learning
Han Yu 0001,Natural Language Processing
Han Yu 0001,The Web & Information Retrieval
Han Zhao 0002,Artificial Intelligence
Han Zhao 0002,Computer Vision
Han Zhao 0002,Machine Learning
Han Zhao 0002,Natural Language Processing
Han Zhao 0002,The Web & Information Retrieval
Han-Jia Ye,Artificial Intelligence
Han-Jia Ye,Computer Vision
Han-Jia Ye,Machine Learning
Han-Jia Ye,Natural Language Processing
Han-Jia Ye,The Web & Information Retrieval
Han-Wei Shen,Computer Vision
Han-Wei Shen,Machine Learning
Han-Wei Shen,Natural Language Processing
Han-Wei Shen,Visualization
Hanan Samet,Data Mining
Hanan Samet,Human-Computer Interaction
Hanan Samet,Machine Learning
Hanbyul Joo,Computer Graphics
Hanbyul Joo,Computer Vision
Hanbyul Joo,Machine Learning
Hande McGinty,The Web & Information Retrieval
Hang Su 0006,Artificial Intelligence
Hang Su 0006,Computer Vision
Hang Su 0006,Machine Learning
Hang Su 0006,Visualization
Hang Zhao 0021,Artificial Intelligence
Hang Zhao 0021,Computer Vision
Hang Zhao 0021,Human-Computer Interaction
Hang Zhao 0021,Machine Learning
Hang Zhao 0021,Robotics
Hanghang Tong,Artificial Intelligence
Hanghang Tong,Computer Vision
Hanghang Tong,Data Mining
Hanghang Tong,Databases
Hanghang Tong,Machine Learning
Hanghang Tong,Natural Language Processing
Hanghang Tong,The Web & Information Retrieval
Hanghang Tong,Visualization
Hannah Kerner,Artificial Intelligence
Hannah Kerner,Machine Learning
Hannaneh Hajishirzi,Artificial Intelligence
Hannaneh Hajishirzi,Computer Vision
Hannaneh Hajishirzi,Machine Learning
Hannaneh Hajishirzi,Natural Language Processing
Hanpin Wang,Artificial Intelligence
Hanpin Wang,Computer Vision
Hanrui Zhang 0001,Artificial Intelligence
Hanrui Zhang 0001,Machine Learning
Hanrui Zhang 0001,The Web & Information Retrieval
Hans-Arno Jacobsen,Artificial Intelligence
Hans-Arno Jacobsen,Databases
Hans-Peter Seidel,Computer Graphics
Hans-Peter Seidel,Computer Vision
Hans-Peter Seidel,Machine Learning
Hans-Peter Seidel,Robotics
Hans-Peter Seidel,Visualization
Hanspeter Pfister,Artificial Intelligence
Hanspeter Pfister,Computer Graphics
Hanspeter Pfister,Computer Vision
Hanspeter Pfister,Human-Computer Interaction
Hanspeter Pfister,Machine Learning
Hanspeter Pfister,Visualization
Hanwang Zhang,Artificial Intelligence
Hanwang Zhang,Computer Vision
Hanwang Zhang,Machine Learning
Hanwang Zhang,Natural Language Processing
Hanwang Zhang,The Web & Information Retrieval
Hao (Richard) Zhang,Computer Graphics
Hao (Richard) Zhang,Computer Vision
Hao (Richard) Zhang,Machine Learning
Hao (Richard) Zhang,Robotics
Hao Chen 0011,Artificial Intelligence
Hao Chen 0011,Computer Vision
Hao Chen 0011,Machine Learning
Hao Chen 0011,Natural Language Processing
Hao Chen 0034,Artificial Intelligence
Hao Chen 0034,Computer Vision
Hao Chen 0034,Machine Learning
Hao Chen 0034,Robotics
Hao Dong 0003,Artificial Intelligence
Hao Dong 0003,Computer Graphics
Hao Dong 0003,Computer Vision
Hao Dong 0003,Machine Learning
Hao Dong 0003,Robotics
Hao Li 0015,Computer Graphics
Hao Li 0015,Computer Vision
Hao Li 0015,Human-Computer Interaction
Hao Li 0015,Machine Learning
Hao Liao,Artificial Intelligence
Hao Liao,Data Mining
Hao Liao,Databases
Hao Liao,Machine Learning
Hao Liao,Natural Language Processing
Hao Liao,The Web & Information Retrieval
Hao Liu 0026,Artificial Intelligence
Hao Liu 0026,Computer Vision
Hao Liu 0026,Data Mining
Hao Liu 0026,Databases
Hao Liu 0026,Machine Learning
Hao Liu 0026,Natural Language Processing
Hao Liu 0026,The Web & Information Retrieval
Hao Peng 0009,Machine Learning
Hao Peng 0009,Natural Language Processing
Hao Peng 0009,The Web & Information Retrieval
Hao Su 0001,Artificial Intelligence
Hao Su 0001,Computer Graphics
Hao Su 0001,Computer Vision
Hao Su 0001,Machine Learning
Hao Su 0001,Robotics
Hao Wang 0014,Artificial Intelligence
Hao Wang 0014,Computer Vision
Hao Wang 0014,Data Mining
Hao Wang 0014,Human-Computer Interaction
Hao Wang 0014,Machine Learning
Hao Wang 0014,Natural Language Processing
Hao Zhang 0025,Artificial Intelligence
Hao Zhang 0025,Computer Vision
Hao Zhang 0025,Data Mining
Hao Zhang 0025,Machine Learning
Hao Zhang 0025,Natural Language Processing
Haodi Zhang,Artificial Intelligence
Haodi Zhang,Robotics
Haodong Wang,Machine Learning
Haodong Wang,Natural Language Processing
Haodong Wang,Robotics
Haonan Lu,Artificial Intelligence
Haonan Lu,Computer Vision
Haonan Lu,Natural Language Processing
Haoyu Wang 0004,Artificial Intelligence
Haoyu Wang 0004,Data Mining
Haoyu Wang 0004,Machine Learning
Haoyu Wang 0004,Natural Language Processing
Haoyu Wang 0004,The Web & Information Retrieval
Haris Aziz 0001,Artificial Intelligence
Haris Aziz 0001,Machine Learning
Harrie Oosterhuis,Artificial Intelligence
Harrie Oosterhuis,Data Mining
Harrie Oosterhuis,Machine Learning
Harrie Oosterhuis,Natural Language Processing
Harrie Oosterhuis,The Web & Information Retrieval
Harry Shomer,Data Mining
Harry Shomer,Machine Learning
Harry Shomer,Natural Language Processing
Harry Shomer,The Web & Information Retrieval
Hau-San Wong,Artificial Intelligence
Hau-San Wong,Computer Vision
Hau-San Wong,Machine Learning
Hazel Doughty,Computer Vision
Hazel Doughty,Machine Learning
He He 0001,Machine Learning
He He 0001,Natural Language Processing
He He 0001,Visualization
He Wang 0010,Artificial Intelligence
He Wang 0010,Computer Graphics
He Wang 0010,Computer Vision
He Wang 0010,Machine Learning
He Wang 0010,Robotics
Hehe Fan,Artificial Intelligence
Hehe Fan,Computer Vision
Hehe Fan,Machine Learning
Hehe Fan,The Web & Information Retrieval
Heiko Paulheim,Artificial Intelligence
Heiko Paulheim,The Web & Information Retrieval
Helge Rhodin,Computer Graphics
Helge Rhodin,Computer Vision
Helge Rhodin,Machine Learning
Helmut Schmid,Natural Language Processing
Heng Huang 0001,Artificial Intelligence
Heng Huang 0001,Computer Vision
Heng Huang 0001,Data Mining
Heng Huang 0001,Machine Learning
Heng Huang 0001,Natural Language Processing
Heng Huang 0001,The Web & Information Retrieval
Heng Ji 0001,Artificial Intelligence
Heng Ji 0001,Computer Vision
Heng Ji 0001,Data Mining
Heng Ji 0001,Machine Learning
Heng Ji 0001,Natural Language Processing
Heng Ji 0001,The Web & Information Retrieval
Heng Tao Shen,Artificial Intelligence
Heng Tao Shen,Computer Vision
Heng Tao Shen,Databases
Heng Tao Shen,Human-Computer Interaction
Heng Tao Shen,Machine Learning
Heng Tao Shen,Natural Language Processing
Heng Tao Shen,The Web & Information Retrieval
Henghui Ding,Artificial Intelligence
Henghui Ding,Computer Vision
Henghui Ding,Machine Learning
Hengshu Zhu,Artificial Intelligence
Hengshu Zhu,Data Mining
Hengshu Zhu,Databases
Hengshu Zhu,Human-Computer Interaction
Hengshu Zhu,Machine Learning
Hengshu Zhu,Natural Language Processing
Hengshu Zhu,The Web & Information Retrieval
Hengshuang Zhao,Artificial Intelligence
Hengshuang Zhao,Computer Graphics
Hengshuang Zhao,Computer Vision
Hengshuang Zhao,Machine Learning
Hengshuang Zhao,Robotics
Heni Ben Amor,Artificial Intelligence
Heni Ben Amor,Machine Learning
Heni Ben Amor,Robotics
Henning Pohl,Human-Computer Interaction
Henrik I. Christensen,Computer Vision
Henrik I. Christensen,Machine Learning
Henrik I. Christensen,Robotics
Henry Gouk,Computer Vision
Henry Gouk,Machine Learning
Henry Gouk,Robotics
Herke van Hoof,Artificial Intelligence
Herke van Hoof,Machine Learning
Herke van Hoof,Natural Language Processing
Herke van Hoof,Robotics
Herke van Hoof,The Web & Information Retrieval
Hieu Le 0001,Computer Vision
Hieu Le 0001,Machine Learning
Hilde Kuehne,Computer Vision
Hilde Kuehne,Human-Computer Interaction
Hilde Kuehne,Machine Learning
Himabindu Lakkaraju,Artificial Intelligence
Himabindu Lakkaraju,Data Mining
Himabindu Lakkaraju,Machine Learning
Himabindu Lakkaraju,Natural Language Processing
Hinrich Schütze,Artificial Intelligence
Hinrich Schütze,Machine Learning
Hinrich Schütze,Natural Language Processing
Hinrich Schütze,The Web & Information Retrieval
Hisham Cholakkal,Artificial Intelligence
Hisham Cholakkal,Computer Vision
Hisham Cholakkal,Machine Learning
Hisham Cholakkal,Natural Language Processing
Hisham Cholakkal,Robotics
Ho-fung Leung,Artificial Intelligence
Ho-fung Leung,Human-Computer Interaction
Ho-fung Leung,Machine Learning
Ho-fung Leung,Natural Language Processing
Hoda Eldardiry,Data Mining
Hoda Eldardiry,Natural Language Processing
Hoda Eldardiry,The Web & Information Retrieval
Holden Lee,Machine Learning
Hong Chang 0001,Artificial Intelligence
Hong Chang 0001,Computer Vision
Hong Chang 0001,Machine Learning
Hong Cheng 0001,Artificial Intelligence
Hong Cheng 0001,Data Mining
Hong Cheng 0001,Databases
Hong Cheng 0001,Machine Learning
Hong Cheng 0001,Natural Language Processing
Hong Cheng 0001,The Web & Information Retrieval
Hong Gao 0001,Artificial Intelligence
Hong Gao 0001,Databases
Hong Gao 0001,Machine Learning
Hong Qin 0001,Artificial Intelligence
Hong Qin 0001,Computer Graphics
Hong Qin 0001,Computer Vision
Hong Qin 0001,Machine Learning
Hongbo Fu 0001,Artificial Intelligence
Hongbo Fu 0001,Computer Graphics
Hongbo Fu 0001,Computer Vision
Hongbo Fu 0001,Human-Computer Interaction
Hongbo Fu 0001,Robotics
Hongchang Gao,Artificial Intelligence
Hongchang Gao,Computer Vision
Hongchang Gao,Data Mining
Hongchang Gao,Machine Learning
Hongchang Gao,The Web & Information Retrieval
Hongdong Li,Artificial Intelligence
Hongdong Li,Computer Graphics
Hongdong Li,Computer Vision
Hongdong Li,Machine Learning
Hongdong Li,Robotics
Honggang Zhang 0002,Artificial Intelligence
Honggang Zhang 0002,Computer Vision
Honggang Zhang 0002,Machine Learning
Honggang Zhang 0002,Natural Language Processing
Hongkai Yu,Artificial Intelligence
Hongkai Yu,Computer Vision
Hongkai Yu,Robotics
Hongli Xu,Computer Vision
Hongli Xu,Robotics
Hongning Wang,Artificial Intelligence
Hongning Wang,Data Mining
Hongning Wang,Machine Learning
Hongning Wang,Natural Language Processing
Hongning Wang,The Web & Information Retrieval
Hongsheng Li 0001,Artificial Intelligence
Hongsheng Li 0001,Computer Graphics
Hongsheng Li 0001,Computer Vision
Hongsheng Li 0001,Machine Learning
Hongsheng Li 0001,Natural Language Processing
Hongsheng Li 0001,Robotics
Hongteng Xu,Artificial Intelligence
Hongteng Xu,Computer Vision
Hongteng Xu,Databases
Hongteng Xu,Machine Learning
Hongteng Xu,Natural Language Processing
Hongteng Xu,The Web & Information Retrieval
Hongtu Zhu,Artificial Intelligence
Hongtu Zhu,Data Mining
Hongtu Zhu,Machine Learning
Hongtu Zhu,Natural Language Processing
Hongwen Zhang 0001,Artificial Intelligence
Hongwen Zhang 0001,Computer Graphics
Hongwen Zhang 0001,Computer Vision
Hongwen Zhang 0001,Machine Learning
Hongxia Yang,Artificial Intelligence
Hongxia Yang,Computer Vision
Hongxia Yang,Data Mining
Hongxia Yang,Databases
Hongxia Yang,Machine Learning
Hongxia Yang,Natural Language Processing
Hongxia Yang,The Web & Information Retrieval
Hongxin Wei,Artificial Intelligence
Hongxin Wei,Computer Vision
Hongxin Wei,Data Mining
Hongxin Wei,Human-Computer Interaction
Hongxin Wei,Machine Learning
Hongyang Li,Artificial Intelligence
Hongyang Li,Computer Vision
Hongyang Li,Machine Learning
Hongyang Zhang 0001,Artificial Intelligence
Hongyang Zhang 0001,Computer Vision
Hongyang Zhang 0001,Machine Learning
Hongyang Zhang 0001,Natural Language Processing
Hongyi Wang 0001,Machine Learning
Hongyi Wang 0001,Robotics
Hongyu Lin,Artificial Intelligence
Hongyu Lin,Machine Learning
Hongyu Lin,Natural Language Processing
Hongyu Lin,Software Engineering
Hongyu Zhang 0002,Artificial Intelligence
Hongyu Zhang 0002,Data Mining
Hongyu Zhang 0002,Databases
Hongyu Zhang 0002,Machine Learning
Hongyu Zhang 0002,Natural Language Processing
Hongyu Zhang 0002,Software Engineering
Hongyu Zhang 0002,The Web & Information Retrieval
Hongyuan Zha,Artificial Intelligence
Hongyuan Zha,Computer Vision
Hongyuan Zha,Data Mining
Hongyuan Zha,Machine Learning
Hongyuan Zha,Natural Language Processing
Hongyuan Zha,Robotics
Hongyuan Zha,The Web & Information Retrieval
Hongyuan Zha,Visualization
Hongzhi Wang 0001,Artificial Intelligence
Hongzhi Wang 0001,Computer Vision
Hongzhi Wang 0001,Data Mining
Hongzhi Wang 0001,Databases
Hongzhi Wang 0001,Machine Learning
Hongzhi Yin,Artificial Intelligence
Hongzhi Yin,Computer Vision
Hongzhi Yin,Data Mining
Hongzhi Yin,Databases
Hongzhi Yin,Machine Learning
Hongzhi Yin,Natural Language Processing
Hongzhi Yin,The Web & Information Retrieval
Hongzi Zhu,Artificial Intelligence
Hongzi Zhu,Computer Vision
Hongzi Zhu,Human-Computer Interaction
Hongzi Zhu,Machine Learning
Horst Bischof,Computer Vision
Horst Bischof,Machine Learning
Horst Bischof,Robotics
Hossein Rahmani 0001,Artificial Intelligence
Hossein Rahmani 0001,Computer Vision
Hossein Rahmani 0001,Machine Learning
Hossein Rahmani 0001,Robotics
Houqiang Li,Artificial Intelligence
Houqiang Li,Computer Vision
Houqiang Li,Data Mining
Houqiang Li,Machine Learning
Houqiang Li,Natural Language Processing
Houqiang Li,Robotics
Houqiang Li,The Web & Information Retrieval
Howie Choset,Artificial Intelligence
Howie Choset,Machine Learning
Howie Choset,Robotics
Hsuan-Tien Lin,Artificial Intelligence
Hsuan-Tien Lin,Computer Vision
Hsuan-Tien Lin,Data Mining
Hsuan-Tien Lin,Machine Learning
Hsuan-Tien Lin,Natural Language Processing
Hu Han 0001,Artificial Intelligence
Hu Han 0001,Computer Vision
Hu Han 0001,Machine Learning
Hua Lu 0001,Artificial Intelligence
Hua Lu 0001,Data Mining
Hua Lu 0001,Databases
Hua Lu 0001,Machine Learning
Hua Lu 0001,The Web & Information Retrieval
Hua Shen 0005,Natural Language Processing
Hua Wei 0001,Artificial Intelligence
Hua Wei 0001,Computer Vision
Hua Wei 0001,Data Mining
Hua Wei 0001,Machine Learning
Hua Wei 0001,The Web & Information Retrieval
Huadong Ma,Artificial Intelligence
Huadong Ma,Computer Vision
Huadong Ma,Human-Computer Interaction
Huadong Ma,Machine Learning
Huajun Chen,Artificial Intelligence
Huajun Chen,Data Mining
Huajun Chen,Databases
Huajun Chen,Machine Learning
Huajun Chen,Natural Language Processing
Huajun Chen,The Web & Information Retrieval
Huamin Qu,Artificial Intelligence
Huamin Qu,Computer Vision
Huamin Qu,Data Mining
Huamin Qu,Human-Computer Interaction
Huamin Qu,Machine Learning
Huamin Qu,Natural Language Processing
Huamin Qu,Visualization
Huan Li 0003,Artificial Intelligence
Huan Li 0003,Data Mining
Huan Li 0003,Databases
Huan Li 0003,Natural Language Processing
Huan Li 0003,The Web & Information Retrieval
Huan Liu 0001,Artificial Intelligence
Huan Liu 0001,Computer Vision
Huan Liu 0001,Data Mining
Huan Liu 0001,Natural Language Processing
Huan Liu 0001,The Web & Information Retrieval
Huan Sun 0001,Artificial Intelligence
Huan Sun 0001,Computer Vision
Huan Sun 0001,Data Mining
Huan Sun 0001,Databases
Huan Sun 0001,Machine Learning
Huan Sun 0001,Natural Language Processing
Huan Sun 0001,The Web & Information Retrieval
Huan Zhang 0001,Artificial Intelligence
Huan Zhang 0001,Computer Vision
Huan Zhang 0001,Machine Learning
Huan Zhang 0001,Natural Language Processing
Huanchen Zhang,Databases
Huanchen Zhang,Machine Learning
Huaxiu Yao,Artificial Intelligence
Huaxiu Yao,Computer Vision
Huaxiu Yao,Data Mining
Huaxiu Yao,Machine Learning
Huaxiu Yao,Natural Language Processing
Huaxiu Yao,Robotics
Huaxiu Yao,The Web & Information Retrieval
Huazhe Xu,Artificial Intelligence
Huazhe Xu,Computer Graphics
Huazhe Xu,Computer Vision
Huazhe Xu,Machine Learning
Huazhe Xu,Natural Language Processing
Huazhe Xu,Robotics
Huazheng Wang,Artificial Intelligence
Huazheng Wang,Data Mining
Huazheng Wang,Machine Learning
Huazheng Wang,Natural Language Processing
Huazheng Wang,The Web & Information Retrieval
Hui Huang 0004,Artificial Intelligence
Hui Huang 0004,Computer Graphics
Hui Huang 0004,Computer Vision
Hui Huang 0004,Machine Learning
Hui Huang 0004,Robotics
Hui Huang 0004,Visualization
Hui Liu 0031,Artificial Intelligence
Hui Liu 0031,Data Mining
Hui Liu 0031,Machine Learning
Hui Liu 0031,Natural Language Processing
Hui Liu 0031,The Web & Information Retrieval
Hui Wei,Natural Language Processing
Hui Xiong 0001,Artificial Intelligence
Hui Xiong 0001,Computer Vision
Hui Xiong 0001,Data Mining
Hui Xiong 0001,Databases
Hui Xiong 0001,Human-Computer Interaction
Hui Xiong 0001,Machine Learning
Hui Xiong 0001,Natural Language Processing
Hui Xiong 0001,Robotics
Hui Xiong 0001,The Web & Information Retrieval
Huiyuan Fu,Artificial Intelligence
Huiyuan Fu,Computer Vision
Huizhu Jia,Artificial Intelligence
Huizhu Jia,Computer Vision
Hujun Bao,Artificial Intelligence
Hujun Bao,Computer Graphics
Hujun Bao,Computer Vision
Hujun Bao,Databases
Hujun Bao,Machine Learning
Hujun Bao,Robotics
Humphrey Shi,Artificial Intelligence
Humphrey Shi,Computer Vision
Humphrey Shi,Machine Learning
Hung Viet Pham,Artificial Intelligence
Hung Viet Pham,Machine Learning
Hung Viet Pham,Software Engineering
Huy L. Nguyen 0001,Artificial Intelligence
Huy L. Nguyen 0001,Machine Learning
Hwanjo Yu,Artificial Intelligence
Hwanjo Yu,Computer Vision
Hwanjo Yu,Data Mining
Hwanjo Yu,Natural Language Processing
Hwanjo Yu,The Web & Information Retrieval
Hwee Tou Ng,Artificial Intelligence
Hwee Tou Ng,Natural Language Processing
Hyun Myung,Artificial Intelligence
Hyun Myung,Computer Vision
Hyun Myung,Machine Learning
Hyun Myung,Robotics
Hyun Oh Song,Artificial Intelligence
Hyun Oh Song,Computer Vision
Hyun Oh Song,Machine Learning
Hyun Oh Song,Natural Language Processing
Hyun Soo Park,Artificial Intelligence
Hyun Soo Park,Computer Vision
Hyun Soo Park,Machine Learning
Hyun Soo Park,Robotics
Hyung Jin Chang,Artificial Intelligence
Hyung Jin Chang,Computer Vision
Hyung Jin Chang,Machine Learning
Hyung Jin Chang,Robotics
Hyunwoo J. Kim,Artificial Intelligence
Hyunwoo J. Kim,Computer Vision
Hyunwoo J. Kim,Machine Learning
Hyunwoo J. Kim,Natural Language Processing
I. V. Ramakrishnan,Human-Computer Interaction
I. V. Ramakrishnan,Robotics
Iadh Ounis,Natural Language Processing
Iadh Ounis,The Web & Information Retrieval
Ian Arawjo,Human-Computer Interaction
Ian Stavness,Machine Learning
Ian T. Foster,Data Mining
Ian T. Foster,Databases
Ian T. Foster,Machine Learning
Ibrahim Sabek,Databases
Igor Gilitschenski,Computer Graphics
Igor Gilitschenski,Computer Vision
Igor Gilitschenski,Machine Learning
Igor Gilitschenski,Robotics
Ilias Diakonikolas,Artificial Intelligence
Ilias Diakonikolas,Machine Learning
Imari Sato,Artificial Intelligence
Imari Sato,Computer Graphics
Imari Sato,Computer Vision
Immanuel Trummer,Artificial Intelligence
Immanuel Trummer,Databases
Inbal Talgam-Cohen,Artificial Intelligence
Inbal Talgam-Cohen,Machine Learning
Insup Lee 0001,Artificial Intelligence
Insup Lee 0001,Computer Vision
Insup Lee 0001,Data Mining
Insup Lee 0001,Human-Computer Interaction
Insup Lee 0001,Machine Learning
Insup Lee 0001,Natural Language Processing
Insup Lee 0001,Robotics
Ioannis M. Rekleitis,Robotics
Ioannis Panageas,Artificial Intelligence
Ioannis Panageas,Machine Learning
Ioannis Patras,Computer Vision
Ioannis Patras,Machine Learning
Ioannis Patras,Natural Language Processing
Ion Stoica,Artificial Intelligence
Ion Stoica,Computer Vision
Ion Stoica,Databases
Ion Stoica,Machine Learning
Ion Stoica,Natural Language Processing
Ion Stoica,Robotics
Iqbal Gondal,The Web & Information Retrieval
Ira Assent,Artificial Intelligence
Ira Assent,Data Mining
Ira Assent,Databases
Ira Assent,Natural Language Processing
Irina Rish,Artificial Intelligence
Irina Rish,Computer Vision
Irina Rish,Machine Learning
Irina Rish,Natural Language Processing
Irwin King,Artificial Intelligence
Irwin King,Computer Vision
Irwin King,Data Mining
Irwin King,Machine Learning
Irwin King,Natural Language Processing
Irwin King,Software Engineering
Irwin King,The Web & Information Retrieval
Iryna Gurevych,Artificial Intelligence
Iryna Gurevych,Machine Learning
Iryna Gurevych,Natural Language Processing
Iryna Gurevych,The Web & Information Retrieval
Isabelle Augenstein,Artificial Intelligence
Isabelle Augenstein,Machine Learning
Isabelle Augenstein,Natural Language Processing
Isabelle Augenstein,The Web & Information Retrieval
Ishtiyaque Ahmad,Databases
Isil Dillig,Artificial Intelligence
Isil Dillig,Databases
Isil Dillig,Machine Learning
Isil Dillig,Natural Language Processing
Isil Dillig,Robotics
Isil Dillig,Software Engineering
Ismail Ben Ayed,Artificial Intelligence
Ismail Ben Ayed,Computer Vision
Ismail Ben Ayed,Machine Learning
Ismail Ben Ayed,Natural Language Processing
Ismail Ilkan Ceylan,Artificial Intelligence
Ismail Ilkan Ceylan,Machine Learning
Issei Sato,Artificial Intelligence
Issei Sato,Computer Graphics
Issei Sato,Computer Vision
Issei Sato,Data Mining
Issei Sato,Databases
Issei Sato,Machine Learning
Issei Sato,Natural Language Processing
Ivan Laptev,Computer Vision
Ivan Laptev,Machine Learning
Ivan Laptev,Natural Language Processing
Ivan Laptev,Robotics
Ivan Titov 0001,Machine Learning
Ivan Titov 0001,Natural Language Processing
J. Andrew Bagnell,Artificial Intelligence
J. Andrew Bagnell,Computer Vision
J. Andrew Bagnell,Machine Learning
J. Andrew Bagnell,Robotics
J. Shane Culpepper,Data Mining
J. Shane Culpepper,Databases
J. Shane Culpepper,The Web & Information Retrieval
J. Zico Kolter,Artificial Intelligence
J. Zico Kolter,Computer Vision
J. Zico Kolter,Data Mining
J. Zico Kolter,Machine Learning
J. Zico Kolter,Natural Language Processing
Jaakko Lehtinen,Computer Graphics
Jaakko Lehtinen,Computer Vision
Jaakko Lehtinen,Machine Learning
Jaap Kamps,Natural Language Processing
Jaap Kamps,The Web & Information Retrieval
Jackie Chi Kit Cheung,Artificial Intelligence
Jackie Chi Kit Cheung,Machine Learning
Jackie Chi Kit Cheung,Natural Language Processing
Jackie Chi Kit Cheung,The Web & Information Retrieval
Jacob Andreas,Artificial Intelligence
Jacob Andreas,Computer Vision
Jacob Andreas,Machine Learning
Jacob Andreas,Natural Language Processing
Jacob Andreas,Robotics
Jacob R. Gardner,Artificial Intelligence
Jacob R. Gardner,Computer Vision
Jacob R. Gardner,Databases
Jacob R. Gardner,Machine Learning
Jacob Steinhardt,Computer Vision
Jacob Steinhardt,Machine Learning
Jae-sun Seo,Artificial Intelligence
Jae-sun Seo,Computer Vision
Jae-sun Seo,Machine Learning
Jaegul Choo,Artificial Intelligence
Jaegul Choo,Computer Vision
Jaegul Choo,Data Mining
Jaegul Choo,Human-Computer Interaction
Jaegul Choo,Machine Learning
Jaegul Choo,Natural Language Processing
Jaegul Choo,The Web & Information Retrieval
Jaegul Choo,Visualization
Jaeho Lee 0001,Artificial Intelligence
Jaeho Lee 0001,Computer Vision
Jaeho Lee 0001,Machine Learning
Jaeho Lee 0001,Natural Language Processing
Jaehong Yoon,Computer Vision
Jaehong Yoon,Machine Learning
Jaehong Yoon,Natural Language Processing
Jaehyung Kim 0001,Artificial Intelligence
Jaehyung Kim 0001,Computer Vision
Jaehyung Kim 0001,Machine Learning
Jaehyung Kim 0001,Natural Language Processing
Jaehyung Kim 0001,Robotics
Jaemin Cho 0001,Artificial Intelligence
Jaemin Cho 0001,Computer Vision
Jaemin Cho 0001,Machine Learning
Jaemin Cho 0001,Natural Language Processing
Jaemin Yoo,Artificial Intelligence
Jaemin Yoo,Data Mining
Jaemin Yoo,Machine Learning
Jaemin Yoo,The Web & Information Retrieval
Jaesik Park,Artificial Intelligence
Jaesik Park,Computer Graphics
Jaesik Park,Computer Vision
Jaesik Park,Machine Learning
Jaesik Park,Natural Language Processing
Jaesik Park,Robotics
Jaeyeon Lee 0002,Human-Computer Interaction
Jaime Arguello,The Web & Information Retrieval
Jakob N. Foerster,Artificial Intelligence
Jakob N. Foerster,Machine Learning
Jakob N. Foerster,Natural Language Processing
Jakub M. Tomczak,Computer Vision
Jakub M. Tomczak,Machine Learning
James A. Landay,Human-Computer Interaction
James A. Landay,Natural Language Processing
James A. Preiss,Machine Learning
James A. Preiss,Robotics
James Allan 0001,Data Mining
James Allan 0001,Natural Language Processing
James Allan 0001,The Web & Information Retrieval
James Bailey 0001,Artificial Intelligence
James Bailey 0001,Computer Vision
James Bailey 0001,Data Mining
James Bailey 0001,Human-Computer Interaction
James Bailey 0001,Machine Learning
James C. Gee,Computer Vision
James C. Gee,Machine Learning
James Caverlee,Artificial Intelligence
James Caverlee,Computer Vision
James Caverlee,Data Mining
James Caverlee,Natural Language Processing
James Caverlee,The Web & Information Retrieval
James H. Elder,Computer Vision
James Hays,Artificial Intelligence
James Hays,Computer Graphics
James Hays,Computer Vision
James Hays,Machine Learning
James Hays,Natural Language Processing
James Hays,Robotics
James J. Little,Computer Vision
James J. Little,Robotics
James M. Rehg,Computer Vision
James M. Rehg,Human-Computer Interaction
James M. Rehg,Machine Learning
James M. Rehg,Natural Language Processing
James M. Rehg,Robotics
James McCann,Computer Graphics
James McCann,Human-Computer Interaction
James McCann,Robotics
James T. Kwok,Artificial Intelligence
James T. Kwok,Computer Vision
James T. Kwok,Machine Learning
James T. Kwok,Natural Language Processing
James T. Kwok,The Web & Information Retrieval
James Thorne,Databases
James Thorne,Machine Learning
James Thorne,Natural Language Processing
James Tompkin 0001,Computer Graphics
James Tompkin 0001,Computer Vision
James Tompkin 0001,Human-Computer Interaction
James Tompkin 0001,Machine Learning
James Tompkin 0001,Visualization
James Wang,Computer Vision
James Wang,Natural Language Processing
James Zou 0001,Artificial Intelligence
James Zou 0001,Computer Vision
James Zou 0001,Machine Learning
James Zou 0001,Natural Language Processing
Jamie Callan,Machine Learning
Jamie Callan,Natural Language Processing
Jamie Callan,The Web & Information Retrieval
Jamie Morgenstern,Artificial Intelligence
Jamie Morgenstern,Machine Learning
Jan C. van Gemert,Artificial Intelligence
Jan C. van Gemert,Computer Vision
Jan C. van Gemert,Machine Learning
Jan C. van Gemert,Robotics
Jan C. van Gemert,Visualization
Jan Gugenheimer,Human-Computer Interaction
Jan O. Borchers,Human-Computer Interaction
Jan Peters 0001,Artificial Intelligence
Jan Peters 0001,Machine Learning
Jan Peters 0001,Robotics
Jan-Willem van de Meent,Machine Learning
Jan-Willem van de Meent,Natural Language Processing
Jan-Willem van de Meent,Robotics
Jana Giceva,Databases
Jarrod Knibbe,Artificial Intelligence
Jarrod Knibbe,Human-Computer Interaction
Jason Alexander,Human-Computer Interaction
Jason Alexander,Visualization
Jason Cong,Artificial Intelligence
Jason Cong,Machine Learning
Jason Cong,Natural Language Processing
Jason Cong,Software Engineering
Jason D. Hartline,Machine Learning
Jason D. Hartline,The Web & Information Retrieval
Jason D. Hartline,Visualization
Jason D. Lee,Machine Learning
Jason D. Lee,Natural Language Processing
Jason Eisner,Artificial Intelligence
Jason Eisner,Machine Learning
Jason Eisner,Natural Language Processing
Jason J. Ford,Robotics
Jason Wu 0001,Computer Vision
Jason Wu 0001,Human-Computer Interaction
Jason Wu 0001,Natural Language Processing
Jasper C. H. Lee,Artificial Intelligence
Jasper C. H. Lee,Machine Learning
Jay-Yoon Lee,Artificial Intelligence
Jay-Yoon Lee,Machine Learning
Jay-Yoon Lee,Natural Language Processing
Jean Ponce,Computer Graphics
Jean Ponce,Computer Vision
Jean Ponce,Machine Learning
Jean Ponce,Robotics
Jean-François Lalonde,Computer Graphics
Jean-François Lalonde,Computer Vision
Jeannette Bohg,Computer Vision
Jeannette Bohg,Machine Learning
Jeannette Bohg,Robotics
Jeff Clune,Artificial Intelligence
Jeff Clune,Computer Vision
Jeff Clune,Machine Learning
Jeff Clune,Robotics
Jeff Dalton 0001,Data Mining
Jeff Dalton 0001,Natural Language Processing
Jeff Dalton 0001,The Web & Information Retrieval
Jeff Z. Pan,Artificial Intelligence
Jeff Z. Pan,Data Mining
Jeff Z. Pan,Natural Language Processing
Jeff Z. Pan,The Web & Information Retrieval
Jeffrey Heer,Human-Computer Interaction
Jeffrey Heer,Natural Language Processing
Jeffrey Heer,Visualization
Jeffrey Ichnowski,Machine Learning
Jeffrey Ichnowski,Robotics
Jeffrey Xu Yu,Artificial Intelligence
Jeffrey Xu Yu,Data Mining
Jeffrey Xu Yu,Databases
Jeffrey Xu Yu,Machine Learning
Jeffrey Xu Yu,The Web & Information Retrieval
Jelena Diakonikolas,Machine Learning
Jennifer J. Sun,Computer Vision
Jennifer J. Sun,Machine Learning
Jennifer Jacobs 0001,Human-Computer Interaction
Jens Dietrich 0001,Software Engineering
Jeong Joon Park,Computer Vision
Jeong Joon Park,Machine Learning
Jeong Joon Park,Robotics
Jeppe Revall Frisvad,Computer Graphics
Jeremias Sulam,Computer Vision
Jeremias Sulam,Machine Learning
Jesse Thomason,Artificial Intelligence
Jesse Thomason,Computer Vision
Jesse Thomason,Machine Learning
Jesse Thomason,Natural Language Processing
Jesse Thomason,Robotics
Jessica Hullman,Natural Language Processing
Jessica Hullman,Visualization
Jey Han Lau,Artificial Intelligence
Jey Han Lau,Natural Language Processing
Jey Han Lau,The Web & Information Retrieval
Ji-Rong Wen,Artificial Intelligence
Ji-Rong Wen,Computer Vision
Ji-Rong Wen,Data Mining
Ji-Rong Wen,Databases
Ji-Rong Wen,Machine Learning
Ji-Rong Wen,Natural Language Processing
Ji-Rong Wen,The Web & Information Retrieval
Jia Li 0009,Artificial Intelligence
Jia Li 0009,Data Mining
Jia Li 0009,Machine Learning
Jia Li 0009,Natural Language Processing
Jia Li 0009,The Web & Information Retrieval
Jia Pan 0001,Computer Vision
Jia Pan 0001,Machine Learning
Jia Pan 0001,Natural Language Processing
Jia Pan 0001,Robotics
Jia Wu 0001,Artificial Intelligence
Jia Wu 0001,Data Mining
Jia Wu 0001,Machine Learning
Jia Wu 0001,Natural Language Processing
Jia Wu 0001,The Web & Information Retrieval
Jia-Bin Huang 0001,Artificial Intelligence
Jia-Bin Huang 0001,Computer Graphics
Jia-Bin Huang 0001,Computer Vision
Jia-Bin Huang 0001,Machine Learning
Jiachi Chen,Software Engineering
Jiafeng Guo,Artificial Intelligence
Jiafeng Guo,Computer Vision
Jiafeng Guo,Data Mining
Jiafeng Guo,Machine Learning
Jiafeng Guo,Natural Language Processing
Jiafeng Guo,The Web & Information Retrieval
Jiaheng Zhang,Machine Learning
Jiahui Jin 0001,Artificial Intelligence
Jiahui Jin 0001,Databases
Jiahui Jin 0001,Natural Language Processing
Jiahui Jin 0001,The Web & Information Retrieval
Jiajun Chen 0001,Artificial Intelligence
Jiajun Chen 0001,Data Mining
Jiajun Chen 0001,Machine Learning
Jiajun Chen 0001,Natural Language Processing
Jiajun Chen 0001,The Web & Information Retrieval
Jiajun Jiang,Software Engineering
Jiajun Wu 0001,Artificial Intelligence
Jiajun Wu 0001,Computer Graphics
Jiajun Wu 0001,Computer Vision
Jiajun Wu 0001,Human-Computer Interaction
Jiajun Wu 0001,Machine Learning
Jiajun Wu 0001,Robotics
Jiale Zhang 0001,Artificial Intelligence
Jiale Zhang 0001,Computer Vision
Jiale Zhang 0001,The Web & Information Retrieval
Jialin Ding 0001,Databases
Jian Kang 0008,Data Mining
Jian Kang 0008,Machine Learning
Jian Kang 0008,The Web & Information Retrieval
Jian Kang 0008,Visualization
Jian Li 0015,Artificial Intelligence
Jian Li 0015,Data Mining
Jian Li 0015,Databases
Jian Li 0015,Human-Computer Interaction
Jian Li 0015,Machine Learning
Jian Li 0015,Natural Language Processing
Jian Li 0015,The Web & Information Retrieval
Jian Lou 0001,Artificial Intelligence
Jian Lou 0001,Computer Vision
Jian Lou 0001,Databases
Jian Lou 0001,Machine Learning
Jian Lou 0001,Natural Language Processing
Jian Lou 0001,The Web & Information Retrieval
Jian Pei 0001,Artificial Intelligence
Jian Pei 0001,Computer Vision
Jian Pei 0001,Data Mining
Jian Pei 0001,Databases
Jian Pei 0001,Machine Learning
Jian Pei 0001,Natural Language Processing
Jian Pei 0001,The Web & Information Retrieval
Jian Tang 0005,Artificial Intelligence
Jian Tang 0005,Data Mining
Jian Tang 0005,Machine Learning
Jian Tang 0005,Natural Language Processing
Jian Tang 0005,The Web & Information Retrieval
Jian Tang 0008,Artificial Intelligence
Jian Tang 0008,Computer Vision
Jian Tang 0008,Data Mining
Jian Tang 0008,Databases
Jian Tang 0008,Machine Learning
Jian Tang 0008,Robotics
Jian Yang 0001,Artificial Intelligence
Jian Yang 0001,Computer Vision
Jian Yang 0001,Data Mining
Jian Yang 0001,Machine Learning
Jian Yang 0001,Natural Language Processing
Jian Yang 0001,The Web & Information Retrieval
Jian Zhang 0018,Artificial Intelligence
Jian Zhang 0018,Computer Graphics
Jian Zhang 0018,Computer Vision
Jian Zhang 0018,Machine Learning
Jian Zhao 0010,Human-Computer Interaction
Jian Zhao 0010,Machine Learning
Jian Zhao 0010,Visualization
Jian-Huang Lai,Artificial Intelligence
Jian-Huang Lai,Computer Vision
Jian-Huang Lai,Data Mining
Jian-Huang Lai,Machine Learning
Jian-Huang Lai,Natural Language Processing
Jianbin Qin,Artificial Intelligence
Jianbin Qin,Databases
Jianbin Qin,The Web & Information Retrieval
Jianbin Qin,Visualization
Jianbing Shen,Artificial Intelligence
Jianbing Shen,Computer Vision
Jianbing Shen,Natural Language Processing
Jianbo Jiao,Artificial Intelligence
Jianbo Jiao,Computer Vision
Jianbo Jiao,Machine Learning
Jianbo Shi,Computer Vision
Jianbo Shi,Machine Learning
Jianbo Shi,Robotics
Jiancheng Lv 0001,Artificial Intelligence
Jiancheng Lv 0001,Computer Vision
Jiancheng Lv 0001,Machine Learning
Jiancheng Lv 0001,Natural Language Processing
Jiancheng Lv 0001,The Web & Information Retrieval
Jianfei Cai 0001,Artificial Intelligence
Jianfei Cai 0001,Computer Vision
Jianfei Cai 0001,Machine Learning
Jianfeng Li,Artificial Intelligence
Jianfeng Li,Data Mining
Jianfeng Li,Natural Language Processing
Jianfeng Li,Robotics
Jianfeng Li,The Web & Information Retrieval
Jiangtao Cui,Artificial Intelligence
Jiangtao Cui,Databases
Jiangtao Cui,Human-Computer Interaction
Jianing Qiu,Computer Vision
Jianing Qiu,Machine Learning
Jianing Qiu,Robotics
Jianke Zhu,Artificial Intelligence
Jianke Zhu,Computer Vision
Jianke Zhu,Machine Learning
Jianke Zhu,Natural Language Processing
Jianke Zhu,Robotics
Jianliang Xu,Artificial Intelligence
Jianliang Xu,Data Mining
Jianliang Xu,Databases
Jianliang Xu,Machine Learning
Jianliang Xu,Natural Language Processing
Jianliang Xu,The Web & Information Retrieval
Jianlong Wu,Artificial Intelligence
Jianlong Wu,Computer Vision
Jianlong Wu,Machine Learning
Jianlong Wu,Natural Language Processing
Jianlong Wu,Robotics
Jianlong Wu,The Web & Information Retrieval
Jianmin Wang 0001,Artificial Intelligence
Jianmin Wang 0001,Computer Graphics
Jianmin Wang 0001,Computer Vision
Jianmin Wang 0001,Data Mining
Jianmin Wang 0001,Databases
Jianmin Wang 0001,Machine Learning
Jianmin Wang 0001,The Web & Information Retrieval
Jiannan Li,Human-Computer Interaction
Jiannan Wang 0001,Data Mining
Jiannan Wang 0001,Databases
Jiantao Jiao,Artificial Intelligence
Jiantao Jiao,Machine Learning
Jiantao Jiao,Natural Language Processing
Jiantao Jiao,Robotics
Jianwei Huang 0001,Artificial Intelligence
Jianwei Niu 0002,Artificial Intelligence
Jianwei Niu 0002,Computer Vision
Jianwei Niu 0002,Data Mining
Jianwei Niu 0002,Machine Learning
Jianwei Niu 0002,Natural Language Processing
Jianwei Niu 0002,Robotics
Jianwei Niu 0002,The Web & Information Retrieval
Jianwei Yin,Artificial Intelligence
Jianwei Yin,Databases
Jianwei Yin,Machine Learning
Jianwei Yin,Natural Language Processing
Jianwei Yin,Software Engineering
Jianwei Yin,The Web & Information Retrieval
Jianwei Yin,Visualization
Jianwei Zhang 0001,Computer Graphics
Jianwei Zhang 0001,Machine Learning
Jianwei Zhang 0001,Robotics
Jianxin Li 0002,Artificial Intelligence
Jianxin Li 0002,Computer Vision
Jianxin Li 0002,Data Mining
Jianxin Li 0002,Databases
Jianxin Li 0002,Machine Learning
Jianxin Li 0002,Natural Language Processing
Jianxin Li 0002,The Web & Information Retrieval
Jianxin Liao,Artificial Intelligence
Jianxin Liao,Computer Vision
Jianxin Liao,Machine Learning
Jianxin Liao,Natural Language Processing
Jianxin Wang 0001,Artificial Intelligence
Jianxin Wang 0001,Data Mining
Jianxin Wang 0001,Human-Computer Interaction
Jianxin Wang 0001,Machine Learning
Jianxin Wang 0001,Natural Language Processing
Jianxin Wang 0001,Robotics
Jianye Hao,Artificial Intelligence
Jianye Hao,Computer Vision
Jianye Hao,Data Mining
Jianye Hao,Machine Learning
Jianye Hao,Natural Language Processing
Jianye Hao,Robotics
Jianye Hao,Software Engineering
Jianye Hao,The Web & Information Retrieval
Jianzhong Qi 0001,Artificial Intelligence
Jianzhong Qi 0001,Computer Vision
Jianzhong Qi 0001,Databases
Jianzhong Qi 0001,Machine Learning
Jianzhong Qi 0001,Natural Language Processing
Jianzhong Qi 0001,The Web & Information Retrieval
Jianzhu Ma,Computer Vision
Jianzhu Ma,Data Mining
Jianzhu Ma,Machine Learning
Jianzhu Ma,Robotics
Jianzhu Ma,The Web & Information Retrieval
Jiaoyang Li 0001,Artificial Intelligence
Jiaoyang Li 0001,Machine Learning
Jiaoyang Li 0001,Robotics
Jiaqi Lv,Artificial Intelligence
Jiaqi Lv,Computer Vision
Jiaqi Lv,Machine Learning
Jiatao Gu,Artificial Intelligence
Jiatao Gu,Computer Graphics
Jiatao Gu,Computer Vision
Jiatao Gu,Machine Learning
Jiatao Gu,Natural Language Processing
Jiawei Han 0001,Artificial Intelligence
Jiawei Han 0001,Computer Vision
Jiawei Han 0001,Data Mining
Jiawei Han 0001,Databases
Jiawei Han 0001,Machine Learning
Jiawei Han 0001,Natural Language Processing
Jiawei Han 0001,The Web & Information Retrieval
Jiawei Ma,Artificial Intelligence
Jiawei Ma,Computer Vision
Jiawei Ma,Machine Learning
Jiaxin Bai,Data Mining
Jiaxin Bai,Machine Learning
Jiaxin Bai,Natural Language Processing
Jiaxin Bai,Visualization
Jiaxin Huang 0001,Data Mining
Jiaxin Huang 0001,Machine Learning
Jiaxin Huang 0001,Natural Language Processing
Jiaxin Huang 0001,Robotics
Jiaxin Huang 0001,The Web & Information Retrieval
Jiaxin Mao,Artificial Intelligence
Jiaxin Mao,Data Mining
Jiaxin Mao,Natural Language Processing
Jiaxin Mao,The Web & Information Retrieval
Jiaxuan You,Artificial Intelligence
Jiaxuan You,Data Mining
Jiaxuan You,Machine Learning
Jiaxuan You,Natural Language Processing
Jiaxuan You,The Web & Information Retrieval
Jiaya Jia,Artificial Intelligence
Jiaya Jia,Computer Graphics
Jiaya Jia,Computer Vision
Jiaya Jia,Machine Learning
Jiaya Jia,Natural Language Processing
Jiayi Ma 0001,Artificial Intelligence
Jiayi Ma 0001,Computer Vision
Jiayi Ma 0001,Machine Learning
Jiayi Ma 0001,Robotics
Jiaying Liu 0001,Artificial Intelligence
Jiaying Liu 0001,Computer Vision
Jiaying Liu 0001,Machine Learning
Jiayuan Gu,Computer Vision
Jiayuan Gu,Machine Learning
Jiayuan Gu,Natural Language Processing
Jiayuan Gu,Robotics
Jiayuan Mao,Artificial Intelligence
Jiayuan Mao,Computer Vision
Jiayuan Mao,Machine Learning
Jiayuan Mao,Natural Language Processing
Jiayuan Mao,Robotics
Jibesh Patra,Software Engineering
Jie Li,Artificial Intelligence
Jie Li,Computer Graphics
Jie Li,Computer Vision
Jie Li,Machine Learning
Jie Li,Robotics
Jie Li,The Web & Information Retrieval
Jie Lu 0001,Artificial Intelligence
Jie Lu 0001,Computer Vision
Jie Lu 0001,Data Mining
Jie Lu 0001,Machine Learning
Jie Lu 0001,The Web & Information Retrieval
Jie Shao 0001,Artificial Intelligence
Jie Shao 0001,Computer Vision
Jie Shao 0001,Data Mining
Jie Shao 0001,Databases
Jie Shao 0001,Machine Learning
Jie Shao 0001,Natural Language Processing
Jie Shao 0001,The Web & Information Retrieval
Jie Tang 0001,Artificial Intelligence
Jie Tang 0001,Computer Vision
Jie Tang 0001,Data Mining
Jie Tang 0001,Databases
Jie Tang 0001,Machine Learning
Jie Tang 0001,Natural Language Processing
Jie Tang 0001,The Web & Information Retrieval
Jie Wang 0005,Artificial Intelligence
Jie Wang 0005,Computer Vision
Jie Wang 0005,Data Mining
Jie Wang 0005,Machine Learning
Jie Wang 0005,Natural Language Processing
Jie Wang 0005,The Web & Information Retrieval
Jie Wei,Machine Learning
Jie Wei,Robotics
Jie Wu 0001,Artificial Intelligence
Jie Wu 0001,Human-Computer Interaction
Jie Wu 0001,Machine Learning
Jie Wu 0001,Natural Language Processing
Jie Wu 0001,The Web & Information Retrieval
Jie Xu 0007,Artificial Intelligence
Jie Xu 0007,Data Mining
Jie Xu 0007,Natural Language Processing
Jie Zhang 0002,Artificial Intelligence
Jie Zhang 0002,Computer Vision
Jie Zhang 0002,Data Mining
Jie Zhang 0002,Machine Learning
Jie Zhang 0002,The Web & Information Retrieval
Jie Zhang 0071,Computer Vision
Jie Zhang 0071,Machine Learning
Jie Zhang 0071,Natural Language Processing
Jiebo Luo 0001,Artificial Intelligence
Jiebo Luo 0001,Computer Vision
Jiebo Luo 0001,Data Mining
Jiebo Luo 0001,Machine Learning
Jiebo Luo 0001,Natural Language Processing
Jiebo Luo 0001,The Web & Information Retrieval
Jieming Shi 0001,Artificial Intelligence
Jieming Shi 0001,Data Mining
Jieming Shi 0001,Databases
Jieming Shi 0001,Machine Learning
Jieming Shi 0001,The Web & Information Retrieval
Jieyu Zhao 0001,Computer Vision
Jieyu Zhao 0001,Machine Learning
Jieyu Zhao 0001,Natural Language Processing
Jihun Hamm,Artificial Intelligence
Jihun Hamm,Computer Vision
Jihun Hamm,Machine Learning
Jiliang Tang,Artificial Intelligence
Jiliang Tang,Computer Vision
Jiliang Tang,Data Mining
Jiliang Tang,Machine Learning
Jiliang Tang,Natural Language Processing
Jiliang Tang,The Web & Information Retrieval
Jilin Hu,Artificial Intelligence
Jilin Hu,Computer Vision
Jilin Hu,Data Mining
Jilin Hu,Databases
Jilin Hu,Machine Learning
Jilin Hu,Robotics
Jilin Hu,The Web & Information Retrieval
Jilles Vreeken,Artificial Intelligence
Jilles Vreeken,Data Mining
Jilles Vreeken,Machine Learning
Jilles Vreeken,The Web & Information Retrieval
Jimeng Sun 0001,Artificial Intelligence
Jimeng Sun 0001,Data Mining
Jimeng Sun 0001,Databases
Jimeng Sun 0001,Machine Learning
Jimeng Sun 0001,Natural Language Processing
Jimeng Sun 0001,The Web & Information Retrieval
Jimeng Sun 0001,Visualization
Jimmy Ba,Computer Vision
Jimmy Ba,Machine Learning
Jimmy Lin,Artificial Intelligence
Jimmy Lin,Data Mining
Jimmy Lin,Databases
Jimmy Lin,Machine Learning
Jimmy Lin,Natural Language Processing
Jimmy Lin,The Web & Information Retrieval
Jin Huang 0009,Human-Computer Interaction
Jin Liu 0012,Artificial Intelligence
Jin Sun 0007,Computer Vision
Jin Tian 0001,Artificial Intelligence
Jin Tian 0001,Machine Learning
Jin Tian 0001,The Web & Information Retrieval
Jin Xie 0001,Artificial Intelligence
Jin Xie 0001,Computer Graphics
Jin Xie 0001,Computer Vision
Jin Xie 0001,Machine Learning
Jin Xie 0001,Robotics
Jin Young Choi,Machine Learning
Jindong Wang 0001,Artificial Intelligence
Jindong Wang 0001,Computer Vision
Jindong Wang 0001,Data Mining
Jindong Wang 0001,Human-Computer Interaction
Jindong Wang 0001,Machine Learning
Jindong Wang 0001,Natural Language Processing
Jindong Wang 0001,Software Engineering
Jinfei Liu,Data Mining
Jinfei Liu,Databases
Jinfei Liu,Machine Learning
Jinfei Liu,The Web & Information Retrieval
Jing Hua 0001,Artificial Intelligence
Jing Hua 0001,Computer Graphics
Jing Hua 0001,Computer Vision
Jing Hua 0001,Robotics
Jing Hua 0001,Visualization
Jing Jiang 0002,Artificial Intelligence
Jing Jiang 0002,Computer Vision
Jing Jiang 0002,Data Mining
Jing Jiang 0002,Machine Learning
Jing Jiang 0002,Natural Language Processing
Jing Liao 0001,Artificial Intelligence
Jing Liao 0001,Computer Graphics
Jing Liao 0001,Computer Vision
Jing Liao 0001,Machine Learning
Jing Ma 0002,Artificial Intelligence
Jing Ma 0002,Data Mining
Jing Ma 0002,Machine Learning
Jing Ma 0002,The Web & Information Retrieval
Jing Ma 0004,Artificial Intelligence
Jing Ma 0004,Computer Vision
Jing Ma 0004,Natural Language Processing
Jing Ma 0004,The Web & Information Retrieval
Jing Tang 0004,Artificial Intelligence
Jing Tang 0004,Computer Vision
Jing Tang 0004,Data Mining
Jing Tang 0004,Databases
Jing Tang 0004,Machine Learning
Jing Tang 0004,Natural Language Processing
Jing Tang 0004,The Web & Information Retrieval
Jing Yang 0002,Artificial Intelligence
Jing Yang 0002,Machine Learning
Jing Zhang 0001,Artificial Intelligence
Jing Zhang 0001,Data Mining
Jing Zhang 0001,Databases
Jing Zhang 0001,Machine Learning
Jing Zhang 0001,Natural Language Processing
Jing Zhang 0001,The Web & Information Retrieval
Jing Zhang 0037,Artificial Intelligence
Jing Zhang 0037,Computer Vision
Jing Zhang 0037,Machine Learning
Jing Zhang 0037,Natural Language Processing
Jing Zhang 0037,Robotics
Jing Zhang 0037,The Web & Information Retrieval
Jing Zhang 0052,Artificial Intelligence
Jing Zhang 0052,Computer Vision
Jing Zhang 0052,Machine Learning
Jingbo Shang,Artificial Intelligence
Jingbo Shang,Computer Vision
Jingbo Shang,Data Mining
Jingbo Shang,Databases
Jingbo Shang,Machine Learning
Jingbo Shang,Natural Language Processing
Jingbo Shang,The Web & Information Retrieval
Jingcai Guo,Artificial Intelligence
Jingcai Guo,Computer Vision
Jingcai Guo,Machine Learning
Jingjin Yu,Artificial Intelligence
Jingjin Yu,Robotics
Jingjing Li 0001,Artificial Intelligence
Jingjing Li 0001,Computer Vision
Jingjing Li 0001,Machine Learning
Jingjing Li 0001,The Web & Information Retrieval
Jingjing Wang,Artificial Intelligence
Jingjing Wang,Computer Vision
Jingjing Wang,Machine Learning
Jingjing Wang,Natural Language Processing
Jingjing Wang,Robotics
Jingjing Wang,The Web & Information Retrieval
Jingkuan Song,Artificial Intelligence
Jingkuan Song,Computer Vision
Jingkuan Song,Databases
Jingkuan Song,Machine Learning
Jingkuan Song,Natural Language Processing
Jingkuan Song,The Web & Information Retrieval
Jinglei Shi,Computer Vision
Jinglei Shi,Machine Learning
Jingrui He,Artificial Intelligence
Jingrui He,Data Mining
Jingrui He,Machine Learning
Jingrui He,Natural Language Processing
Jingrui He,The Web & Information Retrieval
Jingrui He,Visualization
Jingya Wang 0001,Artificial Intelligence
Jingya Wang 0001,Computer Graphics
Jingya Wang 0001,Computer Vision
Jingya Wang 0001,Machine Learning
Jingyong Su,Artificial Intelligence
Jingyong Su,Computer Vision
Jingyong Su,Data Mining
Jingyong Su,Machine Learning
Jingyu Wang 0001,Artificial Intelligence
Jingyu Wang 0001,Computer Vision
Jingyu Wang 0001,Machine Learning
Jingyu Wang 0001,Natural Language Processing
Jingyu Wang 0001,The Web & Information Retrieval
Jingyuan Chen,Artificial Intelligence
Jingyuan Chen,Computer Vision
Jingyuan Chen,Data Mining
Jingyuan Chen,Machine Learning
Jingyuan Chen,Natural Language Processing
Jingyuan Chen,The Web & Information Retrieval
Jingyuan Wang 0001,Artificial Intelligence
Jingyuan Wang 0001,Data Mining
Jingyuan Wang 0001,Databases
Jingyuan Wang 0001,Human-Computer Interaction
Jingyuan Wang 0001,Natural Language Processing
Jingyuan Wang 0001,The Web & Information Retrieval
Jingyuan Yang 0002,Computer Vision
Jinhang Zuo,Artificial Intelligence
Jinhang Zuo,Machine Learning
Jinhui Xu 0001,Artificial Intelligence
Jinhui Xu 0001,Computer Vision
Jinhui Xu 0001,Machine Learning
Jinjian Wu,Artificial Intelligence
Jinjian Wu,Computer Vision
Jinjian Wu,Machine Learning
Jinjin Gu,Artificial Intelligence
Jinjin Gu,Computer Vision
Jinjin Gu,Machine Learning
Jinpeng Huai,Artificial Intelligence
Jinpeng Huai,Databases
Jinpeng Huai,Natural Language Processing
Jinpeng Huai,The Web & Information Retrieval
Jinsong Su,Artificial Intelligence
Jinsong Su,Computer Vision
Jinsong Su,Machine Learning
Jinsong Su,Natural Language Processing
Jinsong Su,The Web & Information Retrieval
Jinwoo Shin,Artificial Intelligence
Jinwoo Shin,Computer Vision
Jinwoo Shin,Human-Computer Interaction
Jinwoo Shin,Machine Learning
Jinwoo Shin,Natural Language Processing
Jinyoung Yeo,Artificial Intelligence
Jinyoung Yeo,Machine Learning
Jinyoung Yeo,Natural Language Processing
Jinyoung Yeo,The Web & Information Retrieval
Jiri Matas,Computer Vision
Jiri Matas,Machine Learning
Jiri Matas,Robotics
Jisoo Mok,Artificial Intelligence
Jisoo Mok,Computer Vision
Jisoo Mok,Machine Learning
Jisoo Mok,Natural Language Processing
Jitendra Malik,Computer Graphics
Jitendra Malik,Computer Vision
Jitendra Malik,Machine Learning
Jitendra Malik,Natural Language Processing
Jitendra Malik,Robotics
Jiuyong Li,Artificial Intelligence
Jiuyong Li,Data Mining
Jiuyong Li,Databases
Jiuyong Li,Machine Learning
Jiuyong Li,Natural Language Processing
Jiuyong Li,The Web & Information Retrieval
Joan Bruna,Artificial Intelligence
Joan Bruna,Computer Vision
Joan Bruna,Machine Learning
Joanna Bergström,Human-Computer Interaction
Jocelyn Dunstan,Machine Learning
Joel H. Saltz,Computer Vision
Joel H. Saltz,Databases
Joel W. Burdick,Artificial Intelligence
Joel W. Burdick,Machine Learning
Joel W. Burdick,Robotics
Joemon M. Jose,Artificial Intelligence
Joemon M. Jose,Machine Learning
Joemon M. Jose,Natural Language Processing
Joemon M. Jose,The Web & Information Retrieval
Johan Bos,Natural Language Processing
Johannes Bjerva,Artificial Intelligence
Johannes Bjerva,Natural Language Processing
John C. S. Lui,Artificial Intelligence
John C. S. Lui,Data Mining
John C. S. Lui,Databases
John C. S. Lui,Machine Learning
John C. S. Lui,The Web & Information Retrieval
John Kubiatowicz,Robotics
John V. Guttag,Artificial Intelligence
John V. Guttag,Computer Graphics
John V. Guttag,Computer Vision
John V. Guttag,Data Mining
John V. Guttag,Human-Computer Interaction
John V. Guttag,Machine Learning
John Wawrzynek,Machine Learning
Jon M. Kleinberg,Artificial Intelligence
Jon M. Kleinberg,Data Mining
Jon M. Kleinberg,Machine Learning
Jon M. Kleinberg,The Web & Information Retrieval
Jonathan Berant,Artificial Intelligence
Jonathan Berant,Machine Learning
Jonathan Berant,Natural Language Processing
Jonathan K. Kummerfeld,Human-Computer Interaction
Jonathan K. Kummerfeld,Machine Learning
Jonathan K. Kummerfeld,Natural Language Processing
Jonathan K. Kummerfeld,The Web & Information Retrieval
Jonathan Kelly,Computer Vision
Jonathan Kelly,Robotics
Jonathan Ragan-Kelley,Computer Graphics
Jonathan Ragan-Kelley,Machine Learning
Jonathan Scarlett,Artificial Intelligence
Jonathan Scarlett,Computer Vision
Jonathan Scarlett,Machine Learning
Jong Chul Ye,Artificial Intelligence
Jong Chul Ye,Computer Vision
Jong Chul Ye,Machine Learning
Jongheon Jeong,Artificial Intelligence
Jongheon Jeong,Computer Vision
Jongheon Jeong,Machine Learning
Jongmin Lee 0004,Artificial Intelligence
Jongmin Lee 0004,Machine Learning
Jongwoo Lim,Computer Vision
Jongwoo Lim,Machine Learning
Jongwoo Lim,Robotics
Joonseok Lee,Artificial Intelligence
Joonseok Lee,Computer Vision
Joonseok Lee,Data Mining
Joonseok Lee,Machine Learning
Joonseok Lee,The Web & Information Retrieval
Jordan L. Boyd-Graber,Artificial Intelligence
Jordan L. Boyd-Graber,Computer Vision
Jordan L. Boyd-Graber,Machine Learning
Jordan L. Boyd-Graber,Natural Language Processing
Jordan L. Boyd-Graber,The Web & Information Retrieval
Josef Kittler,Artificial Intelligence
Josef Kittler,Computer Vision
Josef Kittler,Machine Learning
Josef Sivic,Artificial Intelligence
Josef Sivic,Computer Graphics
Josef Sivic,Computer Vision
Josef Sivic,Machine Learning
Josef Sivic,Natural Language Processing
Josef Sivic,Robotics
Joseph Gonzalez 0001,Computer Vision
Joseph Gonzalez 0001,Data Mining
Joseph Gonzalez 0001,Databases
Joseph Gonzalez 0001,Machine Learning
Joseph Gonzalez 0001,Natural Language Processing
Joseph Gonzalez 0001,Robotics
Joseph J. Lim,Computer Graphics
Joseph J. Lim,Computer Vision
Joseph J. Lim,Machine Learning
Joseph J. Lim,Robotics
Joseph Jay Williams,Artificial Intelligence
Joshua R. Smith 0001,Human-Computer Interaction
Joshua R. Smith 0001,Robotics
José Camacho-Collados,Artificial Intelligence
José Camacho-Collados,Machine Learning
José Camacho-Collados,Natural Language Processing
José Miguel Hernández-Lobato,Artificial Intelligence
José Miguel Hernández-Lobato,Computer Vision
José Miguel Hernández-Lobato,Machine Learning
José Miguel Hernández-Lobato,The Web & Information Retrieval
Jovita Lukasik,Computer Vision
Jovita Lukasik,Machine Learning
Joyce Y. Chai,Artificial Intelligence
Joyce Y. Chai,Computer Vision
Joyce Y. Chai,Machine Learning
Joyce Y. Chai,Natural Language Processing
Joyce Y. Chai,Robotics
Joydeep Biswas,Artificial Intelligence
Joydeep Biswas,Machine Learning
Joydeep Biswas,Robotics
Ju Fan,Artificial Intelligence
Ju Fan,Databases
Ju Fan,Machine Learning
Ju Fan,Natural Language Processing
Ju Fan,The Web & Information Retrieval
Juan L. Reutter,Artificial Intelligence
Juan L. Reutter,Databases
Juan L. Reutter,Machine Learning
Juan L. Reutter,The Web & Information Retrieval
Juan-Zi Li,Artificial Intelligence
Juan-Zi Li,Computer Vision
Juan-Zi Li,Data Mining
Juan-Zi Li,Machine Learning
Juan-Zi Li,Natural Language Processing
Juan-Zi Li,The Web & Information Retrieval
Judy Hoffman,Computer Vision
Judy Hoffman,Machine Learning
Judy Hoffman,Robotics
Juergen Gall,Artificial Intelligence
Juergen Gall,Computer Vision
Juergen Gall,Machine Learning
Juergen Gall,Robotics
Jufeng Yang,Artificial Intelligence
Jufeng Yang,Computer Vision
Jufeng Yang,Machine Learning
Jufeng Yang,The Web & Information Retrieval
Juho Kannala,Artificial Intelligence
Juho Kannala,Computer Vision
Juho Kannala,Machine Learning
Juho Kannala,Robotics
Juho Lee 0001,Artificial Intelligence
Juho Lee 0001,Computer Vision
Juho Lee 0001,Machine Learning
Juho Lee 0001,Natural Language Processing
Julia Kempe,Machine Learning
Julia Starke,Robotics
Julia Stoyanovich,Artificial Intelligence
Julia Stoyanovich,Databases
Julia Stoyanovich,Natural Language Processing
Julian J. McAuley,Artificial Intelligence
Julian J. McAuley,Computer Vision
Julian J. McAuley,Data Mining
Julian J. McAuley,Machine Learning
Julian J. McAuley,Natural Language Processing
Julian J. McAuley,Robotics
Julian J. McAuley,The Web & Information Retrieval
Julian Shun,Data Mining
Julian Shun,Databases
Julian Shun,Machine Learning
Julie A. Shah,Artificial Intelligence
Julie A. Shah,Human-Computer Interaction
Julie A. Shah,Machine Learning
Julie A. Shah,Natural Language Processing
Julie A. Shah,Robotics
Julie A. Shah,The Web & Information Retrieval
Julián Urbano,The Web & Information Retrieval
Jun Huan,Artificial Intelligence
Jun Huan,Computer Vision
Jun Huan,Data Mining
Jun Huan,Machine Learning
Jun Liu 0036,Artificial Intelligence
Jun Liu 0036,Computer Vision
Jun Liu 0036,Machine Learning
Jun Liu 0036,Natural Language Processing
Jun Luo 0001,Artificial Intelligence
Jun Luo 0001,Computer Vision
Jun Luo 0001,Data Mining
Jun Luo 0001,Databases
Jun Luo 0001,Human-Computer Interaction
Jun Ma 0001,Artificial Intelligence
Jun Ma 0001,The Web & Information Retrieval
Jun Nishida,Human-Computer Interaction
Jun Sun 0001,Artificial Intelligence
Jun Sun 0001,Databases
Jun Sun 0001,Machine Learning
Jun Sun 0001,Robotics
Jun Sun 0001,Software Engineering
Jun Sun 0001,The Web & Information Retrieval
Jun Wang 0012,Artificial Intelligence
Jun Wang 0012,Computer Vision
Jun Wang 0012,Data Mining
Jun Wang 0012,Machine Learning
Jun Wang 0012,Natural Language Processing
Jun Wang 0012,Robotics
Jun Wang 0012,The Web & Information Retrieval
Jun Xiao 0001,Artificial Intelligence
Jun Xiao 0001,Computer Vision
Jun Xiao 0001,Data Mining
Jun Xiao 0001,Machine Learning
Jun Xiao 0001,Natural Language Processing
Jun Xiao 0001,The Web & Information Retrieval
Jun Xu 0001,Artificial Intelligence
Jun Xu 0001,Data Mining
Jun Xu 0001,Machine Learning
Jun Xu 0001,Natural Language Processing
Jun Xu 0001,The Web & Information Retrieval
Jun Zhang 0003,Artificial Intelligence
Jun Zhang 0003,Machine Learning
Jun Zhang 0003,Natural Language Processing
Jun Zhu 0001,Artificial Intelligence
Jun Zhu 0001,Computer Vision
Jun Zhu 0001,Data Mining
Jun Zhu 0001,Databases
Jun Zhu 0001,Machine Learning
Jun Zhu 0001,Natural Language Processing
Jun Zhu 0001,The Web & Information Retrieval
Jun Zhu 0001,Visualization
Jun-Yan Zhu,Artificial Intelligence
Jun-Yan Zhu,Computer Graphics
Jun-Yan Zhu,Computer Vision
Jun-Yan Zhu,Machine Learning
Jun-Yan Zhu,Robotics
Junaed Sattar,Robotics
Juncheng Li 0006,Artificial Intelligence
Juncheng Li 0006,Computer Vision
Juncheng Li 0006,Machine Learning
Juncheng Li 0006,Natural Language Processing
Juncheng Li 0006,The Web & Information Retrieval
Junchi Yan,Artificial Intelligence
Junchi Yan,Computer Vision
Junchi Yan,Data Mining
Junchi Yan,Machine Learning
Junchi Yan,Natural Language Processing
Junchi Yan,Robotics
Junchi Yan,The Web & Information Retrieval
Jundong Li,Artificial Intelligence
Jundong Li,Data Mining
Jundong Li,Machine Learning
Jundong Li,Natural Language Processing
Jundong Li,The Web & Information Retrieval
Jundong Li,Visualization
Junfan Chen 0001,Artificial Intelligence
Junfan Chen 0001,Data Mining
Junfan Chen 0001,Natural Language Processing
Junfan Chen 0001,The Web & Information Retrieval
Junfeng Yang,Artificial Intelligence
Junfeng Yang,Computer Vision
Junfeng Yang,Databases
Junfeng Yang,Machine Learning
Junfeng Yang,Natural Language Processing
Junfeng Yang,Software Engineering
Jungbeom Lee,Computer Vision
Jungbeom Lee,Machine Learning
Jungbeom Lee,Natural Language Processing
Jungdam Won,Computer Graphics
Jungdam Won,Computer Vision
Jungseul Ok,Artificial Intelligence
Jungseul Ok,Computer Vision
Jungseul Ok,Machine Learning
Jungseul Ok,Natural Language Processing
Jungwoo Lee 0001,Artificial Intelligence
Jungwoo Lee 0001,Computer Vision
Jungwoo Lee 0001,Machine Learning
Junhui Hou,Artificial Intelligence
Junhui Hou,Computer Vision
Junhui Hou,Data Mining
Junhui Hou,Machine Learning
Junjie Hu 0001,Artificial Intelligence
Junjie Hu 0001,Computer Vision
Junjie Hu 0001,Machine Learning
Junjie Hu 0001,Natural Language Processing
Junjun Jiang,Artificial Intelligence
Junjun Jiang,Computer Vision
Junjun Jiang,Machine Learning
Junjun Jiang,Robotics
Junliang Xing,Artificial Intelligence
Junliang Xing,Computer Vision
Junliang Xing,Human-Computer Interaction
Junliang Xing,Machine Learning
Junmo Kim 0002,Artificial Intelligence
Junmo Kim 0002,Computer Vision
Junmo Kim 0002,Machine Learning
Junmo Kim 0002,Natural Language Processing
Junmo Kim 0002,Robotics
Junqin Huang,The Web & Information Retrieval
Junsong Yuan 0001,Artificial Intelligence
Junsong Yuan 0001,Computer Vision
Junsong Yuan 0001,Databases
Junsong Yuan 0001,Human-Computer Interaction
Junsong Yuan 0001,Machine Learning
Junting Chen,Machine Learning
Junting Chen,Robotics
Junxian He,Data Mining
Junxian He,Machine Learning
Junxian He,Natural Language Processing
Junya Honda,Artificial Intelligence
Junya Honda,Machine Learning
Junyi Jessy Li,Artificial Intelligence
Junyi Jessy Li,Machine Learning
Junyi Jessy Li,Natural Language Processing
Junyi Jessy Li,Software Engineering
Junyi Zhu 0001,Human-Computer Interaction
Junyi Zhu 0001,Robotics
Junzhou Huang,Artificial Intelligence
Junzhou Huang,Computer Vision
Junzhou Huang,Data Mining
Junzhou Huang,Databases
Junzhou Huang,Machine Learning
Junzhou Huang,The Web & Information Retrieval
Junzhou Zhao,Artificial Intelligence
Junzhou Zhao,Data Mining
Junzhou Zhao,Databases
Junzhou Zhao,Natural Language Processing
Junzhou Zhao,The Web & Information Retrieval
Justus Thies,Computer Graphics
Justus Thies,Computer Vision
Justus Thies,Machine Learning
Jörg Müller 0001,Human-Computer Interaction
Jürgen Schmidhuber,Artificial Intelligence
Jürgen Schmidhuber,Computer Vision
Jürgen Schmidhuber,Machine Learning
Jürgen Schmidhuber,Natural Language Processing
Jürgen Schmidhuber,Robotics
Jürgen Steimle,Computer Graphics
Jürgen Steimle,Human-Computer Interaction
Jürgen Steimle,Robotics
K. Madhava Krishna,Computer Vision
K. Madhava Krishna,Machine Learning
K. Madhava Krishna,Robotics
Kai Li 0001,Machine Learning
Kai Li 0001,Natural Language Processing
Kai Wang 0001,Artificial Intelligence
Kai Wang 0001,Computer Vision
Kai Zhang 0001,Artificial Intelligence
Kai Zhang 0001,Computer Vision
Kai Zhang 0001,Data Mining
Kai Zhang 0001,Machine Learning
Kai Zhang 0008,Artificial Intelligence
Kai Zhang 0008,Computer Vision
Kai Zhang 0008,Machine Learning
Kai Zhang 0008,Robotics
Kai Zheng 0001,Artificial Intelligence
Kai Zheng 0001,Data Mining
Kai Zheng 0001,Databases
Kai Zheng 0001,Human-Computer Interaction
Kai Zheng 0001,Machine Learning
Kai Zheng 0001,The Web & Information Retrieval
Kai-Wei Chang 0001,Artificial Intelligence
Kai-Wei Chang 0001,Computer Vision
Kai-Wei Chang 0001,Data Mining
Kai-Wei Chang 0001,Machine Learning
Kai-Wei Chang 0001,Natural Language Processing
Kai-Wei Chang 0001,Robotics
Kai-Wei Chang 0001,The Web & Information Retrieval
Kaifeng Lyu,Machine Learning
Kaiming He,Computer Vision
Kaiming He,Machine Learning
Kaiqi Zhao 0001,Artificial Intelligence
Kaiqi Zhao 0001,Data Mining
Kaiqi Zhao 0001,Databases
Kaiqi Zhao 0001,The Web & Information Retrieval
Kaiqing Zhang,Artificial Intelligence
Kaiqing Zhang,Machine Learning
Kaiqing Zhang,Natural Language Processing
Kaishun Wu,Artificial Intelligence
Kaishun Wu,Computer Vision
Kaishun Wu,Human-Computer Interaction
Kaishun Wu,Natural Language Processing
Kaito Fujii,Artificial Intelligence
Kaito Fujii,Machine Learning
Kaixiong Zhou,Artificial Intelligence
Kaixiong Zhou,Computer Vision
Kaixiong Zhou,Data Mining
Kaixiong Zhou,Machine Learning
Kaixiong Zhou,Natural Language Processing
Kaiyi Ji,Artificial Intelligence
Kaiyi Ji,Machine Learning
Kaiyu Hang,Robotics
Kaj Grønbæk,Human-Computer Interaction
Kan Ren,Artificial Intelligence
Kan Ren,Computer Vision
Kan Ren,Data Mining
Kan Ren,Machine Learning
Kan Ren,Natural Language Processing
Kan Ren,The Web & Information Retrieval
Kan Ren,Visualization
Kangfei Zhao,Databases
Kangfei Zhao,Machine Learning
Kangwook Lee 0001,Artificial Intelligence
Kangwook Lee 0001,Machine Learning
Kanle Shi,Computer Graphics
Kanle Shi,Computer Vision
Kanle Shi,Machine Learning
Kannan Ramchandran,Data Mining
Kannan Ramchandran,Machine Learning
Karan Singh 0004,Computer Graphics
Karan Singh 0004,Computer Vision
Karan Singh 0004,Human-Computer Interaction
Karl Tuyls,Artificial Intelligence
Karl Tuyls,Machine Learning
Karl Tuyls,Robotics
Karol Myszkowski,Computer Graphics
Karol Myszkowski,Computer Vision
Karthik Nandakumar,Artificial Intelligence
Karthik Nandakumar,Computer Vision
Karthik Nandakumar,Machine Learning
Karthik Nandakumar,Natural Language Processing
Karthik Sridharan,Machine Learning
Karthikeyan Sankaralingam,Databases
Karthikeyan Sankaralingam,Machine Learning
Kasper Green Larsen,Machine Learning
Kasper Hornbæk,Human-Computer Interaction
Kasper Hornbæk,Visualization
Kate Saenko,Artificial Intelligence
Kate Saenko,Computer Vision
Kate Saenko,Machine Learning
Kate Saenko,Natural Language Processing
Kate Saenko,Robotics
Katerina Fragkiadaki,Artificial Intelligence
Katerina Fragkiadaki,Computer Vision
Katerina Fragkiadaki,Machine Learning
Katerina Fragkiadaki,Robotics
Katerina Sotiraki,Machine Learning
Katharina Reinecke,Human-Computer Interaction
Katharina Reinecke,Natural Language Processing
Katharina Reinecke,Visualization
Katherine J. Kuchenbecker,Computer Vision
Katherine J. Kuchenbecker,Robotics
Katherine L. Bouman,Artificial Intelligence
Katherine L. Bouman,Computer Vision
Katherine L. Bouman,Machine Learning
Katherine L. Bouman,Robotics
Kathleen Creel,Machine Learning
Katrina Ligett,Machine Learning
Katrina Ligett,The Web & Information Retrieval
Kavita Bala,Computer Graphics
Kavita Bala,Computer Vision
Kavita Bala,Machine Learning
Kavita Bala,Robotics
Kayvon Fatahalian,Artificial Intelligence
Kayvon Fatahalian,Computer Graphics
Kayvon Fatahalian,Computer Vision
Kayvon Fatahalian,Data Mining
Kayvon Fatahalian,Human-Computer Interaction
Kayvon Fatahalian,Machine Learning
Ke Chen 0005,Artificial Intelligence
Ke Chen 0005,Data Mining
Ke Chen 0005,Databases
Ke Chen 0005,Machine Learning
Ke Chen 0005,Natural Language Processing
Ke Chen 0005,Software Engineering
Ke Chen 0005,The Web & Information Retrieval
Ke Li 0011,Computer Vision
Ke Li 0011,Machine Learning
Ke Lu 0001,Artificial Intelligence
Ke Lu 0001,Computer Vision
Ke Lu 0001,The Web & Information Retrieval
Ke Yi 0001,Data Mining
Ke Yi 0001,Databases
Ke Yi 0001,Human-Computer Interaction
Ke Yi 0001,Machine Learning
Ke Zhou 0001,Artificial Intelligence
Ke Zhou 0001,Databases
Kede Ma,Computer Graphics
Kede Ma,Computer Vision
Kede Ma,Machine Learning
Kede Ma,Natural Language Processing
Kehai Chen,Artificial Intelligence
Kehai Chen,Natural Language Processing
Kehua Guo,Artificial Intelligence
Kehua Guo,Machine Learning
Kehua Su,Artificial Intelligence
Kehua Su,Computer Vision
Kehua Su,Machine Learning
Kei Okada,Robotics
Ken Pfeuffer,Human-Computer Interaction
Ken-ichi Kawarabayashi,Artificial Intelligence
Ken-ichi Kawarabayashi,Data Mining
Ken-ichi Kawarabayashi,Databases
Ken-ichi Kawarabayashi,Machine Learning
Ken-ichi Kawarabayashi,Natural Language Processing
Kening Zhu,Computer Graphics
Kening Zhu,Human-Computer Interaction
Kenji Kawaguchi,Artificial Intelligence
Kenji Kawaguchi,Computer Vision
Kenji Kawaguchi,Data Mining
Kenji Kawaguchi,Machine Learning
Kenji Kawaguchi,Natural Language Processing
Kenji Kawaguchi,The Web & Information Retrieval
Kenji Suzuki 0002,Human-Computer Interaction
Kenji Suzuki 0002,Robotics
Kenji Yamanishi,Artificial Intelligence
Kenji Yamanishi,Data Mining
Kenji Yamanishi,Machine Learning
Kenneth Holstein,Human-Computer Interaction
Kenneth Holstein,Machine Learning
Kenton Murray,Computer Vision
Kenton Murray,Machine Learning
Kenton Murray,Natural Language Processing
Kenton Murray,The Web & Information Retrieval
Keren Zhou 0001,Machine Learning
Kevin Jamieson 0001,Machine Learning
Kevin Jamieson 0001,Robotics
Kevin Leyton-Brown,Artificial Intelligence
Kevin Leyton-Brown,Machine Learning
Kevin Leyton-Brown,Natural Language Processing
Kevin Leyton-Brown,The Web & Information Retrieval
Kevin Liu,Machine Learning
Kevin Liu,Natural Language Processing
Kevin Liu,Software Engineering
Kewei Tu,Artificial Intelligence
Kewei Tu,Computer Vision
Kewei Tu,Machine Learning
Kewei Tu,Natural Language Processing
Keze Wang,Artificial Intelligence
Keze Wang,Computer Vision
Keze Wang,Data Mining
Keze Wang,Machine Learning
Keze Wang,Natural Language Processing
Keze Wang,Robotics
Kfir Y. Levy,Artificial Intelligence
Kfir Y. Levy,Machine Learning
Kian-Lee Tan,Artificial Intelligence
Kian-Lee Tan,Data Mining
Kian-Lee Tan,Databases
Kian-Lee Tan,The Web & Information Retrieval
Kianté Brantley,Artificial Intelligence
Kianté Brantley,Machine Learning
Kianté Brantley,Natural Language Processing
Kibok Lee 0003,Artificial Intelligence
Kibok Lee 0003,Computer Vision
Kibok Lee 0003,Machine Learning
Kijung Shin,Artificial Intelligence
Kijung Shin,Computer Vision
Kijung Shin,Data Mining
Kijung Shin,Databases
Kijung Shin,Machine Learning
Kijung Shin,The Web & Information Retrieval
Kilian Q. Weinberger,Artificial Intelligence
Kilian Q. Weinberger,Computer Vision
Kilian Q. Weinberger,Data Mining
Kilian Q. Weinberger,Machine Learning
Kilian Q. Weinberger,Natural Language Processing
Kilian Q. Weinberger,Robotics
Kimin Lee,Artificial Intelligence
Kimin Lee,Computer Vision
Kimin Lee,Machine Learning
Kimin Lee,Natural Language Processing
Kimin Lee,Robotics
Klaus D. McDonald-Maier,Robotics
Klaus Hildebrandt,Computer Graphics
Klaus Hildebrandt,Computer Vision
Klaus Hildebrandt,Human-Computer Interaction
Klaus Hildebrandt,Visualization
Ko Nishino,Computer Vision
Ko Nishino,Machine Learning
Kobbi Nissim,Artificial Intelligence
Kobbi Nissim,Databases
Kobbi Nissim,Machine Learning
Kobi Gal,Artificial Intelligence
Konrad Schindler,Artificial Intelligence
Konrad Schindler,Computer Vision
Konrad Schindler,Machine Learning
Konrad Schindler,Robotics
Konstantinos G. Derpanis,Computer Vision
Konstantinos G. Derpanis,Machine Learning
Konstantinos G. Derpanis,Robotics
Konstantinos Karydis,Computer Vision
Konstantinos Karydis,Robotics
Kostas Daniilidis,Computer Vision
Kostas Daniilidis,Machine Learning
Kostas Daniilidis,Robotics
Kostas E. Bekris,Artificial Intelligence
Kostas E. Bekris,Robotics
Kouta Minamizawa,Human-Computer Interaction
Kouta Minamizawa,Robotics
Kris Hauser,Computer Vision
Kris Hauser,Robotics
Krishna Murthy Jatavallabhula,Computer Vision
Krishna Murthy Jatavallabhula,Machine Learning
Krishna Murthy Jatavallabhula,Robotics
Krishna P. Gummadi,Artificial Intelligence
Krishna P. Gummadi,Data Mining
Krishna P. Gummadi,Databases
Krishna P. Gummadi,Machine Learning
Krishna P. Gummadi,The Web & Information Retrieval
Krishna Pillutla,Machine Learning
Krishna Pillutla,Natural Language Processing
Kristen Grauman,Computer Vision
Kristen Grauman,Human-Computer Interaction
Kristen Grauman,Machine Learning
Kristen Grauman,Robotics
Kristian Kersting,Artificial Intelligence
Kristian Kersting,Computer Vision
Kristian Kersting,Databases
Kristian Kersting,Machine Learning
Kristian Kersting,Natural Language Processing
Kristian Kersting,Robotics
Kristian Torp,Databases
Kristina Gligoric,Artificial Intelligence
Kristina Gligoric,Machine Learning
Kristina Gligoric,Natural Language Processing
Kristina Gligoric,The Web & Information Retrieval
Kuan Cheng,Computer Vision
Kuan Cheng,Machine Learning
Kuan Fang,Computer Vision
Kuan Fang,Robotics
Kuan-Hao Huang,Machine Learning
Kuan-Hao Huang,Natural Language Processing
Kui Jia,Artificial Intelligence
Kui Jia,Computer Vision
Kui Jia,Machine Learning
Kui Jia,Robotics
Kui Ren 0001,Artificial Intelligence
Kui Ren 0001,Computer Vision
Kui Ren 0001,Data Mining
Kui Ren 0001,Databases
Kui Ren 0001,Human-Computer Interaction
Kui Ren 0001,Machine Learning
Kui Ren 0001,Software Engineering
Kui Ren 0001,The Web & Information Retrieval
Kuk-Jin Yoon,Artificial Intelligence
Kuk-Jin Yoon,Computer Vision
Kuk-Jin Yoon,Machine Learning
Kuk-Jin Yoon,Robotics
Kuldeep S. Meel,Artificial Intelligence
Kuldeep S. Meel,Machine Learning
Kuldeep S. Meel,Software Engineering
Kun He 0001,Artificial Intelligence
Kun He 0001,Computer Vision
Kun He 0001,Data Mining
Kun He 0001,Machine Learning
Kun He 0001,Natural Language Processing
Kun He 0001,The Web & Information Retrieval
Kun Li 0001,Artificial Intelligence
Kun Li 0001,Computer Vision
Kun Li 0001,Machine Learning
Kun Zhang 0001,Artificial Intelligence
Kun Zhang 0001,Computer Vision
Kun Zhang 0001,Data Mining
Kun Zhang 0001,Machine Learning
Kun Zhang 0001,The Web & Information Retrieval
Kwang In Kim,Artificial Intelligence
Kwang In Kim,Computer Graphics
Kwang In Kim,Computer Vision
Kwang In Kim,Machine Learning
Kwang Moo Yi,Computer Vision
Kwang Moo Yi,Machine Learning
Kwang-Sung Jun,Artificial Intelligence
Kwang-Sung Jun,Machine Learning
Kwang-Ting Cheng,Artificial Intelligence
Kwang-Ting Cheng,Computer Vision
Kwang-Ting Cheng,Machine Learning
Kwang-Ting Cheng,Natural Language Processing
Kwang-Ting Cheng,Robotics
Kwanghoon Sohn,Artificial Intelligence
Kwanghoon Sohn,Computer Vision
Kwanghoon Sohn,Machine Learning
Kwanghoon Sohn,Robotics
Kyle Cranmer,Machine Learning
Kyong Hwan Jin,Computer Vision
Kyong Hwan Jin,Robotics
Kyoobin Lee,Computer Vision
Kyoobin Lee,Machine Learning
Kyoobin Lee,Robotics
Kyoung Mu Lee,Artificial Intelligence
Kyoung Mu Lee,Computer Vision
Kyoung Mu Lee,Machine Learning
Kyra Gan,Artificial Intelligence
Kyra Gan,Machine Learning
Kyunghyun Cho,Artificial Intelligence
Kyunghyun Cho,Computer Vision
Kyunghyun Cho,Machine Learning
Kyunghyun Cho,Natural Language Processing
Kyunghyun Cho,Visualization
Laks V. S. Lakshmanan,Artificial Intelligence
Laks V. S. Lakshmanan,Data Mining
Laks V. S. Lakshmanan,Databases
Laks V. S. Lakshmanan,Machine Learning
Laks V. S. Lakshmanan,Natural Language Processing
Laks V. S. Lakshmanan,The Web & Information Retrieval
Lalitha Sankar,Machine Learning
Lalitha Sankar,Visualization
Lan Wang,Computer Vision
Lan Wang,Natural Language Processing
Lan Wang,The Web & Information Retrieval
Lan Xu 0003,Artificial Intelligence
Lan Xu 0003,Computer Graphics
Lan Xu 0003,Computer Vision
Lan Xu 0003,Machine Learning
Lan Xu 0003,Robotics
Lan-Zhe Guo,Artificial Intelligence
Lan-Zhe Guo,Data Mining
Lan-Zhe Guo,Machine Learning
Lan-Zhe Guo,Natural Language Processing
Lantao Liu,Robotics
Lars Kulik,Databases
Lars Kulik,Machine Learning
Lars Lindemann,Artificial Intelligence
Lars Lindemann,Machine Learning
Lars Lindemann,Robotics
Lars Lindemann,Software Engineering
Laura Alonso Alemany,Machine Learning
Laura Dietz,The Web & Information Retrieval
Laura Leal-Taixé,Computer Graphics
Laura Leal-Taixé,Computer Vision
Laura Leal-Taixé,Machine Learning
Laura Leal-Taixé,Robotics
Laurence T. Yang,Artificial Intelligence
Laurence T. Yang,Computer Vision
Laurence T. Yang,Machine Learning
Laurence T. Yang,The Web & Information Retrieval
Laurent Itti,Artificial Intelligence
Laurent Itti,Computer Vision
Laurent Itti,Machine Learning
Laurent Itti,Robotics
Laurent Kneip,Computer Vision
Laurent Kneip,Robotics
Lawrence Carin,Artificial Intelligence
Lawrence Carin,Computer Vision
Lawrence Carin,Data Mining
Lawrence Carin,Machine Learning
Lawrence Carin,Natural Language Processing
Lawson L. S. Wong,Artificial Intelligence
Lawson L. S. Wong,Computer Vision
Lawson L. S. Wong,Machine Learning
Lawson L. S. Wong,Robotics
Le Song,Artificial Intelligence
Le Song,Computer Vision
Le Song,Data Mining
Le Song,Machine Learning
Le Song,Natural Language Processing
Le Song,Robotics
Le Song,The Web & Information Retrieval
Le Sun 0001,Artificial Intelligence
Le Sun 0001,Machine Learning
Le Sun 0001,Natural Language Processing
Le Sun 0001,The Web & Information Retrieval
Lea Frermann,Natural Language Processing
Lea Schönherr,Machine Learning
Lei Cao 0004,Artificial Intelligence
Lei Cao 0004,Data Mining
Lei Cao 0004,Databases
Lei Chen 0002,Artificial Intelligence
Lei Chen 0002,Computer Vision
Lei Chen 0002,Data Mining
Lei Chen 0002,Databases
Lei Chen 0002,Machine Learning
Lei Chen 0002,Natural Language Processing
Lei Chen 0002,The Web & Information Retrieval
Lei Chen 0002,Visualization
Lei Feng 0006,Artificial Intelligence
Lei Feng 0006,Computer Vision
Lei Feng 0006,Data Mining
Lei Feng 0006,Machine Learning
Lei Feng 0006,Natural Language Processing
Lei Hou 0001,Artificial Intelligence
Lei Hou 0001,Data Mining
Lei Hou 0001,Machine Learning
Lei Hou 0001,Natural Language Processing
Lei Hou 0001,The Web & Information Retrieval
Lei Li 0005,Artificial Intelligence
Lei Li 0005,Computer Vision
Lei Li 0005,Data Mining
Lei Li 0005,Machine Learning
Lei Li 0005,Natural Language Processing
Lei Li 0005,Robotics
Lei Sha,Artificial Intelligence
Lei Sha,Machine Learning
Lei Sha,Natural Language Processing
Lei Ying 0001,Artificial Intelligence
Lei Ying 0001,Data Mining
Lei Ying 0001,Machine Learning
Lei Ying 0001,The Web & Information Retrieval
Lei Zhang 0006,Artificial Intelligence
Lei Zhang 0006,Computer Graphics
Lei Zhang 0006,Computer Vision
Lei Zhang 0006,Databases
Lei Zhang 0006,Machine Learning
Lei Zhu,Artificial Intelligence
Lei Zhu,Machine Learning
Lei Zhu,Robotics
Lei Zhu 0002,Artificial Intelligence
Lei Zhu 0002,Computer Vision
Lei Zhu 0002,The Web & Information Retrieval
Lei Zou 0001,Artificial Intelligence
Lei Zou 0001,Data Mining
Lei Zou 0001,Databases
Lei Zou 0001,Natural Language Processing
Leif Azzopardi,The Web & Information Retrieval
Leila Takayama,Robotics
Leon Bergen,Machine Learning
Leon Bergen,Natural Language Processing
Leonardo Bobadilla,Robotics
Leong Hou U,Artificial Intelligence
Leong Hou U,Databases
Leong Hou U,Machine Learning
Leonid Sigal,Artificial Intelligence
Leonid Sigal,Computer Graphics
Leonid Sigal,Computer Vision
Leonid Sigal,Data Mining
Leonid Sigal,Machine Learning
Leonid Sigal,Natural Language Processing
Leonidas J. Guibas,Computer Graphics
Leonidas J. Guibas,Computer Vision
Leonidas J. Guibas,Data Mining
Leonidas J. Guibas,Machine Learning
Leonidas J. Guibas,Robotics
Lequan Yu,Artificial Intelligence
Lequan Yu,Computer Graphics
Lequan Yu,Computer Vision
Lequan Yu,Machine Learning
Lerrel Pinto,Artificial Intelligence
Lerrel Pinto,Computer Vision
Lerrel Pinto,Machine Learning
Lerrel Pinto,Robotics
Leslie Pack Kaelbling,Artificial Intelligence
Leslie Pack Kaelbling,Machine Learning
Leslie Pack Kaelbling,Robotics
Leye Wang,Artificial Intelligence
Leye Wang,Data Mining
Leye Wang,Human-Computer Interaction
Leye Wang,Machine Learning
Leye Wang,The Web & Information Retrieval
Li Fei-Fei 0001,Artificial Intelligence
Li Fei-Fei 0001,Computer Vision
Li Fei-Fei 0001,Machine Learning
Li Fei-Fei 0001,Natural Language Processing
Li Fei-Fei 0001,Robotics
Li Jiang 0009,Artificial Intelligence
Li Jiang 0009,Computer Graphics
Li Jiang 0009,Computer Vision
Li Jiang 0009,Machine Learning
Li Shen 0008,Artificial Intelligence
Li Shen 0008,Computer Vision
Li Shen 0008,Data Mining
Li Shen 0008,Machine Learning
Li Shen 0008,Natural Language Processing
Li Shen 0008,Robotics
Li Shen 0008,The Web & Information Retrieval
Li Xiong 0001,Artificial Intelligence
Li Xiong 0001,Computer Vision
Li Xiong 0001,Data Mining
Li Xiong 0001,Databases
Li Xiong 0001,Machine Learning
Li Xiong 0001,Natural Language Processing
Li Xiong 0001,The Web & Information Retrieval
Li Yang 0009,Artificial Intelligence
Li Yang 0009,Computer Vision
Li Yang 0009,Machine Learning
Li Yi 0001,Artificial Intelligence
Li Yi 0001,Computer Graphics
Li Yi 0001,Computer Vision
Li Yi 0001,Machine Learning
Li Yi 0001,Robotics
Li Zhang 0040,Artificial Intelligence
Li Zhang 0040,Computer Vision
Li Zhang 0040,Machine Learning
Li Zhang 0040,Robotics
Liam Paull,Artificial Intelligence
Liam Paull,Computer Vision
Liam Paull,Machine Learning
Liam Paull,Robotics
Liang Chen 0001,Artificial Intelligence
Liang Chen 0001,Data Mining
Liang Chen 0001,Machine Learning
Liang Chen 0001,Natural Language Processing
Liang Chen 0001,The Web & Information Retrieval
Liang Feng 0001,Artificial Intelligence
Liang Feng 0001,Databases
Liang Feng 0001,Machine Learning
Liang Hu 0004,Artificial Intelligence
Liang Hu 0004,Machine Learning
Liang Hu 0004,The Web & Information Retrieval
Liang Lin,Artificial Intelligence
Liang Lin,Computer Graphics
Liang Lin,Computer Vision
Liang Lin,Data Mining
Liang Lin,Databases
Liang Lin,Machine Learning
Liang Lin,Natural Language Processing
Liang Lin,Robotics
Liang Lin,The Web & Information Retrieval
Liang Wang 0001,Artificial Intelligence
Liang Wang 0001,Computer Vision
Liang Wang 0001,Data Mining
Liang Wang 0001,Databases
Liang Wang 0001,Machine Learning
Liang Wang 0001,Natural Language Processing
Liang Wang 0001,The Web & Information Retrieval
Liang Zhao 0002,Artificial Intelligence
Liang Zhao 0002,Computer Vision
Liang Zhao 0002,Data Mining
Liang Zhao 0002,Machine Learning
Liang Zhao 0002,Natural Language Processing
Liang Zhao 0002,The Web & Information Retrieval
Liang Zheng 0001,Artificial Intelligence
Liang Zheng 0001,Computer Vision
Liang Zheng 0001,Machine Learning
Liangcai Gao,Artificial Intelligence
Liangcai Gao,Computer Vision
Liangcai Gao,Data Mining
Liangcai Gao,Machine Learning
Liangcai Gao,Natural Language Processing
Liangcai Gao,The Web & Information Retrieval
Liangming Pan,Artificial Intelligence
Liangming Pan,Computer Vision
Liangming Pan,Machine Learning
Liangming Pan,Natural Language Processing
Liangming Pan,The Web & Information Retrieval
Lianhui Qin,Human-Computer Interaction
Lianhui Qin,Machine Learning
Lianhui Qin,Natural Language Processing
Lianli Gao,Artificial Intelligence
Lianli Gao,Computer Vision
Lianli Gao,Machine Learning
Lianli Gao,Natural Language Processing
Lianli Gao,The Web & Information Retrieval
Lichao Sun 0001,Artificial Intelligence
Lichao Sun 0001,Computer Vision
Lichao Sun 0001,Data Mining
Lichao Sun 0001,Machine Learning
Lichao Sun 0001,Natural Language Processing
Lichao Sun 0001,Software Engineering
Lichao Sun 0001,The Web & Information Retrieval
Licheng Jiao,Artificial Intelligence
Licheng Jiao,Computer Vision
Licheng Jiao,Machine Learning
Licheng Jiao,Natural Language Processing
Lidan Shou,Artificial Intelligence
Lidan Shou,Data Mining
Lidan Shou,Databases
Lidan Shou,Machine Learning
Lidan Shou,Natural Language Processing
Lidan Shou,The Web & Information Retrieval
Lie He,Machine Learning
Lifu Huang,Artificial Intelligence
Lifu Huang,Computer Vision
Lifu Huang,Machine Learning
Lifu Huang,Natural Language Processing
Lifu Huang,The Web & Information Retrieval
Ligang Liu 0001,Artificial Intelligence
Ligang Liu 0001,Computer Graphics
Ligang Liu 0001,Computer Vision
Lihui Liu,Artificial Intelligence
Lihui Liu,Data Mining
Lihui Liu,Databases
Lihui Liu,Machine Learning
Lihui Liu,Natural Language Processing
Lihui Liu,The Web & Information Retrieval
Lijie Hu,Artificial Intelligence
Lijie Hu,Machine Learning
Lijie Hu,Natural Language Processing
Lijie Wen 0001,Artificial Intelligence
Lijie Wen 0001,Computer Vision
Lijie Wen 0001,Data Mining
Lijie Wen 0001,Natural Language Processing
Lijie Wen 0001,The Web & Information Retrieval
Lijun Chang,Data Mining
Lijun Chang,Databases
Lijun Chang,The Web & Information Retrieval
Lijun Zhang 0005,Artificial Intelligence
Lijun Zhang 0005,Data Mining
Lijun Zhang 0005,Machine Learning
Lijun Zhang 0005,The Web & Information Retrieval
Lili Mou,Artificial Intelligence
Lili Mou,Machine Learning
Lili Mou,Natural Language Processing
Lili Mou,The Web & Information Retrieval
Limin Wang 0002,Artificial Intelligence
Limin Wang 0002,Computer Vision
Limin Wang 0002,Human-Computer Interaction
Limin Wang 0002,Machine Learning
Lin Gao 0004,Artificial Intelligence
Lin Gao 0004,Computer Graphics
Lin Gao 0004,Computer Vision
Lin Gao 0004,Machine Learning
Lin Gu 0003,Artificial Intelligence
Lin Gu 0003,Computer Vision
Lin Gu 0003,Data Mining
Lin Gu 0003,Human-Computer Interaction
Lin Gu 0003,Machine Learning
Lin Liu 0001,Computer Vision
Lin Liu 0001,Data Mining
Lin Lu 0001,Computer Graphics
Lin Ma 0006,Databases
Lin Shao 0002,Computer Vision
Lin Shao 0002,Machine Learning
Lin Shao 0002,Robotics
Lin Tan 0001,Artificial Intelligence
Lin Tan 0001,Machine Learning
Lin Tan 0001,Natural Language Processing
Lin Tan 0001,Robotics
Lin Tan 0001,Software Engineering
Lin Yang 0011,Artificial Intelligence
Lin Yang 0011,Data Mining
Lin Yang 0011,Machine Learning
Lin Yang 0011,Natural Language Processing
Lina Yao 0001,Artificial Intelligence
Lina Yao 0001,Computer Vision
Lina Yao 0001,Data Mining
Lina Yao 0001,Human-Computer Interaction
Lina Yao 0001,Machine Learning
Lina Yao 0001,Natural Language Processing
Lina Yao 0001,Robotics
Lina Yao 0001,The Web & Information Retrieval
Linchao Bao,Artificial Intelligence
Linchao Bao,Computer Graphics
Linchao Bao,Computer Vision
Linchao Zhu,Artificial Intelligence
Linchao Zhu,Computer Vision
Linchao Zhu,Machine Learning
Linchao Zhu,Natural Language Processing
Linchao Zhu,The Web & Information Retrieval
Linfeng Zhang 0001,Artificial Intelligence
Linfeng Zhang 0001,Computer Vision
Linfeng Zhang 0001,Machine Learning
Linfeng Zhang 0001,Natural Language Processing
Ling Chen 0006,Artificial Intelligence
Ling Chen 0006,Computer Vision
Ling Chen 0006,Data Mining
Ling Chen 0006,Machine Learning
Ling Chen 0006,Natural Language Processing
Ling Chen 0006,The Web & Information Retrieval
Ling Pan,Artificial Intelligence
Ling Pan,Computer Vision
Ling Pan,Machine Learning
Linghe Kong,Artificial Intelligence
Linghe Kong,Computer Vision
Linghe Kong,Data Mining
Linghe Kong,Databases
Linghe Kong,Human-Computer Interaction
Linghe Kong,Machine Learning
Linghe Kong,Natural Language Processing
Linghe Kong,Robotics
Linghe Kong,The Web & Information Retrieval
Lingjie Liu,Artificial Intelligence
Lingjie Liu,Computer Graphics
Lingjie Liu,Computer Vision
Lingjie Liu,Machine Learning
Lingling Fan 0003,Software Engineering
Lingling Li 0002,Artificial Intelligence
Lingling Li 0002,Computer Vision
Lingling Li 0002,Natural Language Processing
Lingming Zhang 0001,Machine Learning
Lingming Zhang 0001,Natural Language Processing
Lingming Zhang 0001,Software Engineering
Lingpeng Kong,Artificial Intelligence
Lingpeng Kong,Computer Vision
Lingpeng Kong,Machine Learning
Lingpeng Kong,Natural Language Processing
Lingqiao Liu,Artificial Intelligence
Lingqiao Liu,Computer Graphics
Lingqiao Liu,Computer Vision
Lingqiao Liu,Machine Learning
Lingqiao Liu,Natural Language Processing
Lingqiao Liu,Robotics
Linmei Hu,Artificial Intelligence
Linmei Hu,Data Mining
Linmei Hu,Natural Language Processing
Linmei Hu,The Web & Information Retrieval
Linqi Song,Computer Vision
Linqi Song,Machine Learning
Linqi Song,Natural Language Processing
Lior Wolf,Artificial Intelligence
Lior Wolf,Computer Graphics
Lior Wolf,Computer Vision
Lior Wolf,Machine Learning
Lior Wolf,Natural Language Processing
Lior Wolf,Robotics
Liqiang Nie,Artificial Intelligence
Liqiang Nie,Computer Vision
Liqiang Nie,Machine Learning
Liqiang Nie,Natural Language Processing
Liqiang Nie,The Web & Information Retrieval
Liqiang Wang 0001,Artificial Intelligence
Liqiang Wang 0001,Computer Vision
Liqiang Wang 0001,Machine Learning
Lirong Xia,Artificial Intelligence
Lirong Xia,Machine Learning
Lirong Xia,The Web & Information Retrieval
Lisi Chen 0001,Artificial Intelligence
Lisi Chen 0001,Data Mining
Lisi Chen 0001,Databases
Lisi Chen 0001,Natural Language Processing
Lisi Chen 0001,The Web & Information Retrieval
Liujuan Cao,Artificial Intelligence
Liujuan Cao,Computer Graphics
Liujuan Cao,Computer Vision
Liujuan Cao,Machine Learning
Liwei Wang 0001,Artificial Intelligence
Liwei Wang 0001,Computer Vision
Liwei Wang 0001,Machine Learning
Liwei Wang 0001,Natural Language Processing
Lixin Duan,Artificial Intelligence
Lixin Duan,Computer Vision
Lixin Duan,Machine Learning
Liyan Xie,Machine Learning
Liyuan Pan,Artificial Intelligence
Liyuan Pan,Computer Vision
Liyuan Pan,Machine Learning
Liyuan Pan,Robotics
Lizhen Qu,Artificial Intelligence
Lizhen Qu,Computer Vision
Lizhen Qu,Machine Learning
Lizhen Qu,Natural Language Processing
Lizhen Qu,The Web & Information Retrieval
Lizhen Qu,Visualization
Lizhuang Ma,Artificial Intelligence
Lizhuang Ma,Computer Graphics
Lizhuang Ma,Computer Vision
Lizhuang Ma,Machine Learning
Lizhuang Ma,Natural Language Processing
Long Chen 0016,Artificial Intelligence
Long Chen 0016,Computer Vision
Long Chen 0016,Data Mining
Long Chen 0016,Machine Learning
Long Chen 0016,Natural Language Processing
Long Chen 0016,The Web & Information Retrieval
Long-Kai Huang,Artificial Intelligence
Long-Kai Huang,Computer Vision
Long-Kai Huang,Machine Learning
Longbing Cao,Artificial Intelligence
Longbing Cao,Data Mining
Longbing Cao,Databases
Longbing Cao,Human-Computer Interaction
Longbing Cao,Machine Learning
Longbing Cao,Natural Language Processing
Longbing Cao,Robotics
Longbo Huang,Artificial Intelligence
Longbo Huang,Machine Learning
Longbo Huang,The Web & Information Retrieval
Longin Jan Latecki,Artificial Intelligence
Longin Jan Latecki,Computer Vision
Longin Jan Latecki,Natural Language Processing
Longin Jan Latecki,Robotics
Lorenzo Baraldi 0001,Computer Vision
Lorenzo Baraldi 0001,Machine Learning
Lorenzo Baraldi 0001,Robotics
Lorenzo Torresani,Artificial Intelligence
Lorenzo Torresani,Computer Vision
Lorenzo Torresani,Machine Learning
Lorenzo Torresani,Natural Language Processing
Louis-Philippe Morency,Artificial Intelligence
Louis-Philippe Morency,Computer Vision
Louis-Philippe Morency,Human-Computer Interaction
Louis-Philippe Morency,Machine Learning
Louis-Philippe Morency,Natural Language Processing
Lourdes Agapito,Computer Graphics
Lourdes Agapito,Computer Vision
Lourdes Agapito,Robotics
Lu Chen 0001,Artificial Intelligence
Lu Chen 0001,Computer Vision
Lu Chen 0001,Data Mining
Lu Chen 0001,Databases
Lu Chen 0001,Machine Learning
Lu Chen 0001,Natural Language Processing
Lu Chen 0001,The Web & Information Retrieval
Lu Mi,Artificial Intelligence
Lu Mi,Computer Vision
Lu Mi,Machine Learning
Lu Qi,Artificial Intelligence
Lu Qin 0001,Artificial Intelligence
Lu Qin 0001,Data Mining
Lu Qin 0001,Databases
Lu Qin 0001,The Web & Information Retrieval
Lu Wang 0008,Artificial Intelligence
Lu Wang 0008,Computer Vision
Lu Wang 0008,Machine Learning
Lu Wang 0008,Natural Language Processing
Lu Yin 0006,Artificial Intelligence
Lu Yin 0006,Machine Learning
Lu Yin 0006,Natural Language Processing
Luana Ruiz,Machine Learning
Luc Van Gool,Artificial Intelligence
Luc Van Gool,Computer Vision
Luc Van Gool,Machine Learning
Luc Van Gool,Natural Language Processing
Luc Van Gool,Robotics
Luca Iocchi,Artificial Intelligence
Luca Iocchi,Robotics
Luciana Benotti,Machine Learning
Luciana Benotti,Natural Language Processing
Lucy Lu Wang,Natural Language Processing
Ludwig Schmidt,Computer Vision
Ludwig Schmidt,Machine Learning
Luis Espinosa Anke,Artificial Intelligence
Luis Espinosa Anke,Natural Language Processing
Luis Espinosa Anke,The Web & Information Retrieval
Luis Garcia 0001,Human-Computer Interaction
Luis Garcia 0001,Machine Learning
Luis Garcia 0001,Robotics
Luke Zettlemoyer,Artificial Intelligence
Luke Zettlemoyer,Computer Vision
Luke Zettlemoyer,Machine Learning
Luke Zettlemoyer,Natural Language Processing
Luke Zettlemoyer,Robotics
Luísa Coheur,Natural Language Processing
Lydia B. Chilton,Human-Computer Interaction
Lydia B. Chilton,Natural Language Processing
Lydia E. Kavraki,Artificial Intelligence
Lydia E. Kavraki,Robotics
Lydia T. Liu,Artificial Intelligence
Lydia T. Liu,Machine Learning
Lydia Zakynthinou,Artificial Intelligence
Lydia Zakynthinou,Machine Learning
M. Ani Hsieh,Computer Vision
M. Ani Hsieh,Robotics
Maarten Sap,Artificial Intelligence
Maarten Sap,Computer Vision
Maarten Sap,Machine Learning
Maarten Sap,Natural Language Processing
Maarten de Rijke,Artificial Intelligence
Maarten de Rijke,Data Mining
Maarten de Rijke,Machine Learning
Maarten de Rijke,Natural Language Processing
Maarten de Rijke,The Web & Information Retrieval
Madalina Fiterau,Computer Vision
Madalina Fiterau,Machine Learning
Maggie Makar,Artificial Intelligence
Maggie Makar,Machine Learning
Mahdi S. Hosseini,Computer Vision
Mahdi Soltanolkotabi,Computer Vision
Mahdi Soltanolkotabi,Machine Learning
Mahmood Jasim,Human-Computer Interaction
Mahmood Jasim,The Web & Information Retrieval
Mahsa Salehi,Artificial Intelligence
Mahsa Salehi,Data Mining
Makarand Tapaswi,Computer Vision
Makarand Tapaswi,Machine Learning
Makarand Tapaswi,Natural Language Processing
Makarand Tapaswi,Robotics
Makoto P. Kato,The Web & Information Retrieval
Malte F. Jung,Human-Computer Interaction
Malte Schwarzkopf,Databases
Maneesh Agrawala,Computer Graphics
Maneesh Agrawala,Computer Vision
Maneesh Agrawala,Data Mining
Maneesh Agrawala,Human-Computer Interaction
Maneesh Agrawala,Visualization
Manfred Opper,Artificial Intelligence
Manfred Opper,Machine Learning
Mang Ye,Artificial Intelligence
Mang Ye,Computer Vision
Mang Ye,Machine Learning
Manling Li,Artificial Intelligence
Manling Li,Computer Vision
Manling Li,Machine Learning
Manling Li,Natural Language Processing
Manoel Horta Ribeiro,The Web & Information Retrieval
Manolis Zampetakis,Artificial Intelligence
Manolis Zampetakis,Machine Learning
Mao Ye 0001,Artificial Intelligence
Mao Ye 0001,Computer Vision
Mao Ye 0001,Machine Learning
Maosong Sun 0001,Artificial Intelligence
Maosong Sun 0001,Computer Vision
Maosong Sun 0001,Machine Learning
Maosong Sun 0001,Natural Language Processing
Maosong Sun 0001,The Web & Information Retrieval
Marc Alexa,Computer Graphics
Marc Alexa,Computer Vision
Marc Alexa,Human-Computer Interaction
Marc Niethammer,Artificial Intelligence
Marc Niethammer,Computer Vision
Marc Niethammer,Machine Learning
Marc Toussaint,Artificial Intelligence
Marc Toussaint,Machine Learning
Marc Toussaint,Robotics
Marcel Worring,Computer Vision
Marcel Worring,Human-Computer Interaction
Marcel Worring,Machine Learning
Marcel Worring,The Web & Information Retrieval
Marcel Worring,Visualization
Marcella Cornia,Artificial Intelligence
Marcella Cornia,Computer Vision
Marcella Cornia,Machine Learning
Marcella Cornia,Robotics
Marcello Restelli,Artificial Intelligence
Marcello Restelli,Data Mining
Marcello Restelli,Machine Learning
Marcello Restelli,Robotics
Marcello Restelli,The Web & Information Retrieval
Marco Canini,Artificial Intelligence
Marco Canini,Databases
Marco Canini,Machine Learning
Marco Canini,Natural Language Processing
Marco Dorigo,Robotics
Marco Mondelli,Machine Learning
Marco Pedersoli,Computer Vision
Marco Pedersoli,Machine Learning
Marco Volino,Computer Vision
Marcus A. Brubaker,Artificial Intelligence
Marcus A. Brubaker,Computer Vision
Marcus A. Brubaker,Machine Learning
Marcus A. Brubaker,Robotics
Marcus A. Magnor,Computer Graphics
Marcus A. Magnor,Computer Vision
Marcus A. Magnor,Visualization
Marcus Rohrbach,Artificial Intelligence
Marcus Rohrbach,Computer Vision
Marcus Rohrbach,Machine Learning
Marcus Rohrbach,Natural Language Processing
Marek Eliás 0001,Machine Learning
Maren Bennewitz,Robotics
Margret Keuper,Artificial Intelligence
Margret Keuper,Computer Vision
Margret Keuper,Machine Learning
Margret Keuper,Natural Language Processing
Margret Keuper,Robotics
Maria Garcia de la Banda,Artificial Intelligence
Maria Garcia de la Banda,Visualization
Maria Maistro,Natural Language Processing
Maria Maistro,The Web & Information Retrieval
Maria-Florina Balcan,Artificial Intelligence
Maria-Florina Balcan,Data Mining
Maria-Florina Balcan,Machine Learning
Marianna Obrist,Human-Computer Interaction
Marine Carpuat,Artificial Intelligence
Marine Carpuat,Natural Language Processing
Mario Botsch,Computer Graphics
Mario Botsch,Computer Vision
Mario Fritz,Artificial Intelligence
Mario Fritz,Computer Vision
Mario Fritz,Machine Learning
Mario Fritz,Natural Language Processing
Mario Fritz,Robotics
Marius Kloft,Artificial Intelligence
Marius Kloft,Machine Learning
Marius Kloft,Natural Language Processing
Marius Kloft,The Web & Information Retrieval
Marius Lindauer,Artificial Intelligence
Marius Lindauer,Machine Learning
Marián Simko,Natural Language Processing
Mark Braverman,Machine Learning
Mark Bun,Machine Learning
Mark Dredze,Artificial Intelligence
Mark Dredze,Natural Language Processing
Mark E. Campbell,Computer Vision
Mark E. Campbell,Machine Learning
Mark E. Campbell,Robotics
Mark Hasegawa-Johnson,Artificial Intelligence
Mark Hasegawa-Johnson,Computer Vision
Mark Hasegawa-Johnson,Data Mining
Mark Hasegawa-Johnson,Machine Learning
Mark Hasegawa-Johnson,Natural Language Processing
Mark Hasegawa-Johnson,The Web & Information Retrieval
Mark O. Riedl,Artificial Intelligence
Mark O. Riedl,Machine Learning
Mark O. Riedl,Natural Language Processing
Mark Sanderson,Human-Computer Interaction
Mark Sanderson,Natural Language Processing
Mark Sanderson,The Web & Information Retrieval
Mark Silberstein,Machine Learning
Mark Yatskar,Computer Vision
Mark Yatskar,Machine Learning
Mark Yatskar,Natural Language Processing
Mark Yim,Robotics
Mark van der Wilk,Artificial Intelligence
Mark van der Wilk,Machine Learning
Marko Bertogna,Machine Learning
Marko Bertogna,Robotics
Markus Bläser,Artificial Intelligence
Markus Bläser,Machine Learning
Marlos C. Machado,Artificial Intelligence
Marlos C. Machado,Machine Learning
Marlos C. Machado,Robotics
Marti A. Hearst,Databases
Marti A. Hearst,Human-Computer Interaction
Marti A. Hearst,Natural Language Processing
Marti A. Hearst,Visualization
Martial Hebert,Artificial Intelligence
Martial Hebert,Computer Graphics
Martial Hebert,Computer Vision
Martial Hebert,Machine Learning
Martial Hebert,Robotics
Martin J. Wainwright,Machine Learning
Martin Jaggi,Artificial Intelligence
Martin Jaggi,Computer Vision
Martin Jaggi,Machine Learning
Martin Jaggi,Natural Language Processing
Martin Jaggi,The Web & Information Retrieval
Martin Jägersand,Artificial Intelligence
Martin Jägersand,Computer Vision
Martin Jägersand,Machine Learning
Martin Jägersand,Robotics
Martin Potthast,Artificial Intelligence
Martin Potthast,Natural Language Processing
Martin Potthast,The Web & Information Retrieval
Martin T. Vechev,Artificial Intelligence
Martin T. Vechev,Computer Vision
Martin T. Vechev,Machine Learning
Martin Takác 0001,Artificial Intelligence
Martin Takác 0001,Machine Learning
Martin Takác 0001,Natural Language Processing
Martin Takác 0001,Robotics
Martin Wattenberg,Machine Learning
Martin Wattenberg,Visualization
Mary-Anne Hartley,Machine Learning
Marzena Karpinska,Machine Learning
Marzena Karpinska,Natural Language Processing
Marzyeh Ghassemi,Artificial Intelligence
Marzyeh Ghassemi,Computer Vision
Marzyeh Ghassemi,Human-Computer Interaction
Marzyeh Ghassemi,Machine Learning
Marzyeh Ghassemi,Natural Language Processing
Marzyeh Ghassemi,The Web & Information Retrieval
Masahiko Inami,Human-Computer Interaction
Masahiko Inami,Robotics
Masashi Sugiyama,Artificial Intelligence
Masashi Sugiyama,Computer Vision
Masashi Sugiyama,Data Mining
Masashi Sugiyama,Machine Learning
Masashi Sugiyama,Natural Language Processing
Masashi Sugiyama,Robotics
Masatoshi Uehara,Data Mining
Masatoshi Uehara,Machine Learning
Masayuki Inaba,Robotics
Massimiliano Pontil,Artificial Intelligence
Massimiliano Pontil,Computer Vision
Massimiliano Pontil,Machine Learning
Massimiliano Pontil,Robotics
Matei Zaharia,Artificial Intelligence
Matei Zaharia,Data Mining
Matei Zaharia,Databases
Matei Zaharia,Machine Learning
Matei Zaharia,Natural Language Processing
Matei Zaharia,The Web & Information Retrieval
Matej Hoffmann,Robotics
Mateja Jamnik,Artificial Intelligence
Mateja Jamnik,Computer Vision
Mateja Jamnik,Machine Learning
Mathias Niepert,Artificial Intelligence
Mathias Niepert,Machine Learning
Mathias Niepert,Natural Language Processing
Mathias Unberath,Computer Vision
Mathias Unberath,Robotics
Mathieu Blanchette,Artificial Intelligence
Mathieu Salzmann,Artificial Intelligence
Mathieu Salzmann,Computer Vision
Mathieu Salzmann,Machine Learning
Mathieu Salzmann,Robotics
Matt Fredrikson,Artificial Intelligence
Matt Fredrikson,Human-Computer Interaction
Matt Fredrikson,Machine Learning
Matt Fredrikson,Natural Language Processing
Matthew Groh,Machine Learning
Matthew Johnson-Roberson,Artificial Intelligence
Matthew Johnson-Roberson,Computer Vision
Matthew Johnson-Roberson,Robotics
Matthew Kay 0001,Human-Computer Interaction
Matthew Kay 0001,Visualization
Matthew R. Walter,Artificial Intelligence
Matthew R. Walter,Computer Vision
Matthew R. Walter,Machine Learning
Matthew R. Walter,Natural Language Processing
Matthew R. Walter,Robotics
Matthias Bethge,Computer Vision
Matthias Bethge,Machine Learning
Matthias Bethge,Natural Language Processing
Matthias Feurer 0001,Artificial Intelligence
Matthias Feurer 0001,Machine Learning
Matthias Hagen,Artificial Intelligence
Matthias Hagen,Natural Language Processing
Matthias Hagen,The Web & Information Retrieval
Matthias Lanzinger,Artificial Intelligence
Matthias Lanzinger,Databases
Matthias Lanzinger,Machine Learning
Matthias Nießner,Artificial Intelligence
Matthias Nießner,Computer Graphics
Matthias Nießner,Computer Vision
Matthias Nießner,Machine Learning
Matthias Nießner,Robotics
Matthias Zwicker,Artificial Intelligence
Matthias Zwicker,Computer Graphics
Matthias Zwicker,Computer Vision
Matthias Zwicker,Machine Learning
Matus Telgarsky,Machine Learning
Maurizio Filippone,Machine Learning
Mausam,Artificial Intelligence
Mausam,Computer Vision
Mausam,Human-Computer Interaction
Mausam,Machine Learning
Mausam,Natural Language Processing
Mausam,The Web & Information Retrieval
Max Van Kleek,The Web & Information Retrieval
Max Welling,Artificial Intelligence
Max Welling,Computer Vision
Max Welling,Data Mining
Max Welling,Machine Learning
Maxim Likhachev,Artificial Intelligence
Maxim Likhachev,Robotics
Maxim Panov,Artificial Intelligence
Maxim Panov,Machine Learning
Maxim Panov,Natural Language Processing
Maxim Panov,The Web & Information Retrieval
Maya Cakmak,Human-Computer Interaction
Maya Cakmak,Robotics
Mayur Naik,Artificial Intelligence
Mayur Naik,Databases
Mayur Naik,Human-Computer Interaction
Mayur Naik,Machine Learning
Mayur Naik,Software Engineering
Meena Jagadeesan,Artificial Intelligence
Meena Jagadeesan,Databases
Meena Jagadeesan,Machine Learning
Meena Jagadeesan,The Web & Information Retrieval
Mehdi Dastani,Artificial Intelligence
Mehdi Dastani,Natural Language Processing
Mehmet Remzi Dogar,Robotics
Mehrdad Mahdavi,Data Mining
Mehrdad Mahdavi,Machine Learning
Mehryar Mohri,Artificial Intelligence
Mehryar Mohri,Data Mining
Mehryar Mohri,Machine Learning
Meina Kan,Computer Vision
Meina Kan,Robotics
Meina Song,Artificial Intelligence
Meina Song,Machine Learning
Meina Song,Natural Language Processing
Meina Song,The Web & Information Retrieval
Melanie Herschel,Databases
Melanie Herschel,Machine Learning
Mengchi Liu,Artificial Intelligence
Mengchi Liu,Databases
Mengdi Xu,Artificial Intelligence
Mengdi Xu,Machine Learning
Mengdi Xu,Natural Language Processing
Mengdi Xu,Robotics
Mengmeng Jing,Artificial Intelligence
Mengmeng Jing,Computer Vision
Mengmeng Jing,Machine Learning
Mengnan Du,Artificial Intelligence
Mengnan Du,Computer Vision
Mengnan Du,Data Mining
Mengnan Du,Machine Learning
Mengnan Du,Natural Language Processing
Mengnan Du,The Web & Information Retrieval
Mengye Ren,Computer Vision
Mengye Ren,Machine Learning
Mengye Ren,Robotics
Mengyu Chu,Computer Graphics
Mengyu Chu,Computer Vision
Mi Zhang 0002,Computer Vision
Mi Zhang 0002,Data Mining
Mi Zhang 0002,Human-Computer Interaction
Mi Zhang 0002,Machine Learning
Mi Zhang 0002,Natural Language Processing
Miao Liu 0007,Computer Vision
Miao Liu 0007,Human-Computer Interaction
Miao Qiao,Databases
Miao Qiao,Machine Learning
Miao Qiao,The Web & Information Retrieval
Miao Yin,Artificial Intelligence
Miao Yin,Computer Vision
Miao Yin,Machine Learning
Miao Yin,Robotics
Micah Goldblum,Artificial Intelligence
Micah Goldblum,Computer Vision
Micah Goldblum,Machine Learning
Michael Blumenstein,Computer Vision
Michael Blumenstein,Machine Learning
Michael C. Mozer,Artificial Intelligence
Michael C. Mozer,Computer Vision
Michael C. Mozer,Machine Learning
Michael C. Mozer,Natural Language Processing
Michael C. Yip,Computer Vision
Michael C. Yip,Machine Learning
Michael C. Yip,Robotics
Michael Dinitz,Machine Learning
Michael Elad,Computer Graphics
Michael Elad,Computer Vision
Michael Elad,Machine Learning
Michael Färber 0001,Machine Learning
Michael Färber 0001,Natural Language Processing
Michael Gastpar,Machine Learning
Michael Granitzer,The Web & Information Retrieval
Michael Hagenow,Human-Computer Interaction
Michael Hagenow,Robotics
Michael I. Jordan,Artificial Intelligence
Michael I. Jordan,Computer Vision
Michael I. Jordan,Machine Learning
Michael I. Jordan,Robotics
Michael I. Jordan,The Web & Information Retrieval
Michael J. Black,Artificial Intelligence
Michael J. Black,Computer Graphics
Michael J. Black,Computer Vision
Michael J. Black,Robotics
Michael J. Curry,Artificial Intelligence
Michael J. Curry,Machine Learning
Michael J. Franklin,Databases
Michael J. Franklin,Machine Learning
Michael J. Kastoryano,Machine Learning
Michael Kamp,Artificial Intelligence
Michael Kamp,Data Mining
Michael Kamp,Machine Learning
Michael Kampffmeyer,Artificial Intelligence
Michael Kampffmeyer,Computer Vision
Michael Kampffmeyer,Machine Learning
Michael Kearns,Artificial Intelligence
Michael Kearns,Computer Vision
Michael Kearns,Machine Learning
Michael L. Littman,Artificial Intelligence
Michael L. Littman,Human-Computer Interaction
Michael L. Littman,Machine Learning
Michael L. Littman,Natural Language Processing
Michael L. Littman,Robotics
Michael Lindenbaum,Computer Vision
Michael M. Bronstein,Artificial Intelligence
Michael M. Bronstein,Computer Vision
Michael M. Bronstein,Machine Learning
Michael Milford,Artificial Intelligence
Michael Milford,Computer Vision
Michael Milford,Robotics
Michael Mitzenmacher,Artificial Intelligence
Michael Mitzenmacher,Data Mining
Michael Mitzenmacher,Databases
Michael Mitzenmacher,Machine Learning
Michael Mitzenmacher,The Web & Information Retrieval
Michael Nebeling,Human-Computer Interaction
Michael Pradel,Software Engineering
Michael Pradel,The Web & Information Retrieval
Michael R. Lyu,Artificial Intelligence
Michael R. Lyu,Computer Vision
Michael R. Lyu,Data Mining
Michael R. Lyu,Machine Learning
Michael R. Lyu,Natural Language Processing
Michael R. Lyu,Software Engineering
Michael R. Lyu,The Web & Information Retrieval
Michael S. Bernstein,Computer Vision
Michael S. Bernstein,Human-Computer Interaction
Michael S. Bernstein,Machine Learning
Michael S. Bernstein,Natural Language Processing
Michael S. Brown,Artificial Intelligence
Michael S. Brown,Computer Vision
Michael S. Langer,Computer Vision
Michael Shieh,Artificial Intelligence
Michael Shieh,Machine Learning
Michael Shieh,Natural Language Processing
Michael T. Schaub,Data Mining
Michael T. Schaub,Machine Learning
Michael T. Schaub,The Web & Information Retrieval
Michael Wessely,Human-Computer Interaction
Michael Wray,Computer Vision
Michael Wray,Machine Learning
Michal Irani,Computer Graphics
Michal Irani,Computer Vision
Michal Irani,Machine Learning
Michal Irani,Natural Language Processing
Michele Parrinello,Machine Learning
Miguel A. Otaduy,Computer Graphics
Miguel A. Otaduy,Computer Vision
Miguel A. Otaduy,Machine Learning
Mihaela van der Schaar,Artificial Intelligence
Mihaela van der Schaar,Machine Learning
Mijung Kim,Computer Vision
Mijung Kim,Software Engineering
Mikhail Khodak,Machine Learning
Mikhail Khodak,Natural Language Processing
Milind Tambe,Artificial Intelligence
Milind Tambe,Data Mining
Milind Tambe,Machine Learning
Min Cao,Artificial Intelligence
Min Cao,Computer Vision
Min Cao,Natural Language Processing
Min Cao,Robotics
Min Gao 0001,Artificial Intelligence
Min Gao 0001,Data Mining
Min Gao 0001,Databases
Min Gao 0001,The Web & Information Retrieval
Min Li 0007,Artificial Intelligence
Min Li 0007,Machine Learning
Min Li 0007,Natural Language Processing
Min Li 0007,The Web & Information Retrieval
Min Lu 0002,Computer Graphics
Min Lu 0002,Computer Vision
Min Lu 0002,Visualization
Min Zhang 0005,Artificial Intelligence
Min Zhang 0005,Computer Graphics
Min Zhang 0005,Computer Vision
Min Zhang 0005,Data Mining
Min Zhang 0005,Machine Learning
Min Zhang 0005,Natural Language Processing
Min Zhang 0006,Artificial Intelligence
Min Zhang 0006,Data Mining
Min Zhang 0006,Human-Computer Interaction
Min Zhang 0006,Natural Language Processing
Min Zhang 0006,The Web & Information Retrieval
Min-Ling Zhang,Artificial Intelligence
Min-Ling Zhang,Computer Vision
Min-Ling Zhang,Data Mining
Min-Ling Zhang,Machine Learning
Min-Yen Kan,Artificial Intelligence
Min-Yen Kan,Machine Learning
Min-Yen Kan,Natural Language Processing
Min-Yen Kan,The Web & Information Retrieval
Min-hwan Oh,Artificial Intelligence
Min-hwan Oh,Data Mining
Min-hwan Oh,Machine Learning
Min-hwan Oh,The Web & Information Retrieval
Minchen Li,Computer Graphics
Minchen Li,Machine Learning
Minchen Li,Robotics
Ming C. Lin,Artificial Intelligence
Ming C. Lin,Computer Graphics
Ming C. Lin,Computer Vision
Ming C. Lin,Machine Learning
Ming C. Lin,Robotics
Ming Cheng 0002,Artificial Intelligence
Ming Cheng 0002,Computer Vision
Ming Jiang 0018,Computer Vision
Ming Jiang 0018,Natural Language Processing
Ming Jin 0005,Artificial Intelligence
Ming Jin 0005,Data Mining
Ming Jin 0005,Machine Learning
Ming Jin 0005,Natural Language Processing
Ming Shao,Artificial Intelligence
Ming Shao,Computer Vision
Ming Shao,Data Mining
Ming Yin 0001,Artificial Intelligence
Ming Yin 0001,Machine Learning
Ming Yin 0001,Natural Language Processing
Ming Yin 0001,The Web & Information Retrieval
Ming Zhang 0004,Artificial Intelligence
Ming Zhang 0004,Computer Vision
Ming Zhang 0004,Data Mining
Ming Zhang 0004,Machine Learning
Ming Zhang 0004,Natural Language Processing
Ming Zhang 0004,The Web & Information Retrieval
Ming-Chang Yang,Artificial Intelligence
Ming-Chang Yang,Data Mining
Ming-Chang Yang,Databases
Ming-Hsuan Yang 0001,Artificial Intelligence
Ming-Hsuan Yang 0001,Computer Graphics
Ming-Hsuan Yang 0001,Computer Vision
Ming-Hsuan Yang 0001,Human-Computer Interaction
Ming-Hsuan Yang 0001,Machine Learning
Ming-Hsuan Yang 0001,Natural Language Processing
Ming-Ming Cheng,Artificial Intelligence
Ming-Ming Cheng,Computer Graphics
Ming-Ming Cheng,Computer Vision
Ming-Ming Cheng,Machine Learning
Ming-Ming Cheng,Robotics
Minghan Wei,Robotics
Mingli Song,Artificial Intelligence
Mingli Song,Computer Vision
Mingli Song,Data Mining
Mingli Song,Databases
Mingli Song,Machine Learning
Mingli Song,The Web & Information Retrieval
Minglun Gong,Artificial Intelligence
Minglun Gong,Computer Graphics
Minglun Gong,Computer Vision
Minglun Gong,Machine Learning
Mingming Fan 0001,Computer Vision
Mingming Fan 0001,Human-Computer Interaction
Mingming Fan 0001,Visualization
Mingming Gong,Artificial Intelligence
Mingming Gong,Computer Vision
Mingming Gong,Data Mining
Mingming Gong,Machine Learning
Mingming Gong,Robotics
Mingsheng Long,Artificial Intelligence
Mingsheng Long,Computer Vision
Mingsheng Long,Data Mining
Mingsheng Long,Machine Learning
Mingsheng Long,The Web & Information Retrieval
Mingyi He,Artificial Intelligence
Mingyi He,Computer Vision
Mingyi Hong 0001,Artificial Intelligence
Mingyi Hong 0001,Machine Learning
Mingyi Hong 0001,Natural Language Processing
Mingyu Ding,Artificial Intelligence
Mingyu Ding,Computer Vision
Mingyu Ding,Machine Learning
Mingyu Ding,Robotics
Minh Hoai,Artificial Intelligence
Minh Hoai,Computer Vision
Minh Hoai,Machine Learning
Minh Hoai,Visualization
Minhao Cheng,Artificial Intelligence
Minhao Cheng,Computer Vision
Minhao Cheng,Data Mining
Minhao Cheng,Machine Learning
Minhao Cheng,Natural Language Processing
Minhyuk Sung,Computer Graphics
Minhyuk Sung,Computer Vision
Minhyuk Sung,Machine Learning
Minhyuk Sung,Robotics
Minjia Zhang,Artificial Intelligence
Minjia Zhang,Databases
Minjia Zhang,Machine Learning
Minjia Zhang,Natural Language Processing
Minjia Zhang,Software Engineering
Minjie Cai,Computer Vision
Minjie Cai,Human-Computer Interaction
Minjie Cai,Robotics
Minjing Dong,Artificial Intelligence
Minjing Dong,Computer Vision
Minjing Dong,Machine Learning
Minjoon Seo,Artificial Intelligence
Minjoon Seo,Computer Vision
Minjoon Seo,Machine Learning
Minjoon Seo,Natural Language Processing
Minlie Huang,Artificial Intelligence
Minlie Huang,Data Mining
Minlie Huang,Machine Learning
Minlie Huang,Natural Language Processing
Minlie Huang,The Web & Information Retrieval
Minqi Jiang,Data Mining
Minqi Jiang,Machine Learning
Minsu Cho,Artificial Intelligence
Minsu Cho,Computer Vision
Minsu Cho,Machine Learning
Minsu Cho,Robotics
Minwoo Lee 0001,Computer Vision
Minyi Guo,Artificial Intelligence
Minyi Guo,Computer Vision
Minyi Guo,Databases
Minyi Guo,Human-Computer Interaction
Minyi Guo,Machine Learning
Minyi Guo,Natural Language Processing
Minyi Guo,The Web & Information Retrieval
Mirella Lapata,Artificial Intelligence
Mirella Lapata,Machine Learning
Mirella Lapata,Natural Language Processing
Miroslav Pajic,Artificial Intelligence
Miroslav Pajic,Machine Learning
Miroslav Pajic,Robotics
Mohamed Elhoseiny,Artificial Intelligence
Mohamed Elhoseiny,Computer Vision
Mohamed Elhoseiny,Machine Learning
Mohamed Elhoseiny,Natural Language Processing
Mohamed Elhoseiny,Robotics
Mohammad Aliannejadi,Natural Language Processing
Mohammad Aliannejadi,The Web & Information Retrieval
Mohammad Alizadeh,Artificial Intelligence
Mohammad Alizadeh,Computer Vision
Mohammad Alizadeh,Databases
Mohammad Alizadeh,Machine Learning
Mohammad Hajiesmaili,Artificial Intelligence
Mohammad Hajiesmaili,Human-Computer Interaction
Mohammad Hajiesmaili,Machine Learning
Mohammad Mahmoody,Artificial Intelligence
Mohammad Mahmoody,Machine Learning
Mohammad Saleh,Data Mining
Mohammad Saleh,Machine Learning
Mohammad Saleh,Natural Language Processing
Mohammed Bennamoun,Artificial Intelligence
Mohammed Bennamoun,Computer Vision
Mohammed Bennamoun,Machine Learning
Mohammed Bennamoun,Robotics
Mohammed Bennamoun,The Web & Information Retrieval
Mohan Kankanhalli,Artificial Intelligence
Mohan Kankanhalli,Computer Vision
Mohan Kankanhalli,Data Mining
Mohan Kankanhalli,Databases
Mohan Kankanhalli,Machine Learning
Mohan Kankanhalli,Natural Language Processing
Mohan Kankanhalli,The Web & Information Retrieval
Mohan Sridharan,Artificial Intelligence
Mohan Sridharan,Robotics
Mohit Bansal,Artificial Intelligence
Mohit Bansal,Computer Vision
Mohit Bansal,Machine Learning
Mohit Bansal,Natural Language Processing
Mohit Bansal,Robotics
Mohit Iyyer,Artificial Intelligence
Mohit Iyyer,Computer Vision
Mohit Iyyer,Machine Learning
Mohit Iyyer,Natural Language Processing
Mohit Iyyer,The Web & Information Retrieval
Molei Tao,Machine Learning
Mona T. Diab,Natural Language Processing
Mong-Li Lee,Artificial Intelligence
Mong-Li Lee,Computer Vision
Mong-Li Lee,Data Mining
Mong-Li Lee,Databases
Mong-Li Lee,Machine Learning
Mong-Li Lee,Natural Language Processing
Monica Agrawal,Human-Computer Interaction
Monica Agrawal,Machine Learning
Monica Agrawal,Natural Language Processing
Monika Henzinger,Data Mining
Monika Henzinger,Machine Learning
Mor Geva,Machine Learning
Mor Geva,Natural Language Processing
Moran Feldman,Artificial Intelligence
Moran Feldman,Machine Learning
Moritz Hardt,Machine Learning
Morteza Dehghani,Natural Language Processing
Moshe Eliasof,Artificial Intelligence
Moshe Eliasof,Computer Vision
Moshe Eliasof,Machine Learning
Moshe Tennenholtz,Artificial Intelligence
Moshe Tennenholtz,Machine Learning
Moshe Tennenholtz,The Web & Information Retrieval
Moshe Y. Vardi,Artificial Intelligence
Moshe Y. Vardi,Robotics
Mridul Aanjaneya,Computer Graphics
Mridul Aanjaneya,Robotics
Mrinmaya Sachan,Artificial Intelligence
Mrinmaya Sachan,Data Mining
Mrinmaya Sachan,Machine Learning
Mrinmaya Sachan,Natural Language Processing
Mubarak Shah,Artificial Intelligence
Mubarak Shah,Computer Vision
Mubarak Shah,Machine Learning
Mubarak Shah,Natural Language Processing
Mubarak Shah,Robotics
Mubbasir Kapadia,Artificial Intelligence
Mubbasir Kapadia,Computer Vision
Mubbasir Kapadia,Machine Learning
Mubbasir Kapadia,Natural Language Processing
Muhammad Haris Khan,Artificial Intelligence
Muhammad Haris Khan,Computer Vision
Muhammad Haris Khan,Machine Learning
Muhammad Haris Khan,Robotics
Muhan Zhang,Artificial Intelligence
Muhan Zhang,Data Mining
Muhan Zhang,Databases
Muhan Zhang,Machine Learning
Muhan Zhang,Natural Language Processing
Muhan Zhang,The Web & Information Retrieval
Muhao Chen 0001,Artificial Intelligence
Muhao Chen 0001,Computer Vision
Muhao Chen 0001,Data Mining
Muhao Chen 0001,Databases
Muhao Chen 0001,Machine Learning
Muhao Chen 0001,Natural Language Processing
Muhao Chen 0001,Software Engineering
Muhao Chen 0001,The Web & Information Retrieval
Mukesh Prasad,Computer Vision
Munkhjargal Gochoo,Machine Learning
Murari Mandal,Artificial Intelligence
Murari Mandal,Data Mining
Murari Mandal,Machine Learning
Murari Mandal,Natural Language Processing
Murat A. Erdogdu,Artificial Intelligence
Murat A. Erdogdu,Data Mining
Murat A. Erdogdu,Machine Learning
Muyun Yang,Artificial Intelligence
Muyun Yang,Natural Language Processing
My T. Thai,Artificial Intelligence
My T. Thai,Databases
My T. Thai,Machine Learning
My T. Thai,Visualization
Myeongjae Jeon,Databases
Myunghee Cho Paik,Artificial Intelligence
Myunghee Cho Paik,Machine Learning
Myungjoo Kang,Artificial Intelligence
Myungjoo Kang,Computer Vision
Myungjoo Kang,Machine Learning
Myungjoo Kang,Natural Language Processing
Mária Bieliková,Natural Language Processing
Mária Bieliková,The Web & Information Retrieval
Mário A. T. Figueiredo,Computer Vision
Mário A. T. Figueiredo,Data Mining
Mário A. T. Figueiredo,Machine Learning
N. V. Vinodchandran,Artificial Intelligence
N. V. Vinodchandran,Databases
N. V. Vinodchandran,Machine Learning
N. V. Vinodchandran,Software Engineering
Na Zhao 0004,Artificial Intelligence
Na Zhao 0004,Computer Vision
Na Zhao 0004,Machine Learning
Na Zhao 0004,Robotics
Nadia Polikarpova,Databases
Nadia Polikarpova,Human-Computer Interaction
Nadia Polikarpova,Machine Learning
Nadia Polikarpova,Natural Language Processing
Nadia Polikarpova,Software Engineering
Najoung Kim,Artificial Intelligence
Najoung Kim,Machine Learning
Najoung Kim,Natural Language Processing
Nakul Gopalan,Artificial Intelligence
Nakul Gopalan,Robotics
Nam Ik Cho,Artificial Intelligence
Nam Ik Cho,Computer Vision
Nam Ik Cho,Natural Language Processing
Nan Jiang 0008,Artificial Intelligence
Nan Jiang 0008,Machine Learning
Nan Jiang 0008,Natural Language Processing
Nanning Zheng 0001,Artificial Intelligence
Nanning Zheng 0001,Computer Vision
Nanning Zheng 0001,Machine Learning
Nanning Zheng 0001,Natural Language Processing
Nanning Zheng 0001,Robotics
Nanyang Ye 0001,Artificial Intelligence
Nanyang Ye 0001,Computer Vision
Nanyang Ye 0001,Machine Learning
Nanyang Ye 0001,Natural Language Processing
Nanyang Ye 0001,Robotics
Nanyun Peng 0001,Artificial Intelligence
Nanyun Peng 0001,Computer Vision
Nanyun Peng 0001,Machine Learning
Nanyun Peng 0001,Natural Language Processing
Nassir Navab,Artificial Intelligence
Nassir Navab,Computer Vision
Nassir Navab,Machine Learning
Nassir Navab,Robotics
Natalie Parde,Artificial Intelligence
Natalie Parde,Natural Language Processing
Natasha Alechina,Artificial Intelligence
Nathan Jacobs,Artificial Intelligence
Nathan Jacobs,Computer Vision
Nathan Jacobs,Machine Learning
Nathan Kallus,Computer Vision
Nathan Kallus,Data Mining
Nathan Kallus,Machine Learning
Nathan Kallus,The Web & Information Retrieval
Nathan Srebro,Machine Learning
Naveed Akhtar,Artificial Intelligence
Naveed Akhtar,Computer Vision
Naveed Akhtar,Machine Learning
Naveed Akhtar,Robotics
Naveen Sharma,Robotics
Naveen Sharma,The Web & Information Retrieval
Negar Kiyavash,Artificial Intelligence
Negar Kiyavash,Machine Learning
Neil D. B. Bruce,Computer Vision
Neil D. B. Bruce,Machine Learning
Nenghai Yu,Artificial Intelligence
Nenghai Yu,Computer Graphics
Nenghai Yu,Computer Vision
Nenghai Yu,Machine Learning
Nenghai Yu,Natural Language Processing
Nezihe Merve Gürel,Data Mining
Nezihe Merve Gürel,Databases
Nezihe Merve Gürel,Machine Learning
Nguyen Hoang Tran,Computer Vision
Nguyen Hoang Tran,Machine Learning
Ni Trieu,Databases
Nianwen Xue,Natural Language Processing
Niao He,Artificial Intelligence
Niao He,Machine Learning
Nicholas D. Lane,Artificial Intelligence
Nicholas D. Lane,Computer Vision
Nicholas D. Lane,Human-Computer Interaction
Nicholas D. Lane,Machine Learning
Nicholas D. Lane,Natural Language Processing
Nicholas Diakopoulos,Visualization
Niclas Boehmer,Artificial Intelligence
Niclas Boehmer,Machine Learning
Nico Pietroni,Computer Graphics
Nicola Gatti 0001,Artificial Intelligence
Nicola Gatti 0001,Data Mining
Nicola Gatti 0001,Machine Learning
Nicola Gatti 0001,The Web & Information Retrieval
Nicolas Flammarion,Artificial Intelligence
Nicolas Flammarion,Computer Vision
Nicolas Flammarion,Machine Learning
Nicolas Loizou,Machine Learning
Nicolas Papernot,Artificial Intelligence
Nicolas Papernot,Computer Vision
Nicolas Papernot,Machine Learning
Nicu Sebe,Artificial Intelligence
Nicu Sebe,Computer Vision
Nicu Sebe,Machine Learning
Nicu Sebe,The Web & Information Retrieval
Nigel Collier,Artificial Intelligence
Nigel Collier,Machine Learning
Nigel Collier,Natural Language Processing
Nigel Shadbolt,The Web & Information Retrieval
Nihar B. Shah,Artificial Intelligence
Nihar B. Shah,Machine Learning
Nihar B. Shah,The Web & Information Retrieval
Nika Haghtalab,Artificial Intelligence
Nika Haghtalab,Machine Learning
Nikhil Garg 0001,Artificial Intelligence
Nikhil Garg 0001,Machine Learning
Nikhil Garg 0001,Natural Language Processing
Nikhil Garg 0001,The Web & Information Retrieval
Niko Sünderhauf,Computer Vision
Niko Sünderhauf,Robotics
Nikola Konstantinov,Machine Learning
Nikolaos Aletras,Artificial Intelligence
Nikolaos Aletras,Machine Learning
Nikolaos Aletras,Natural Language Processing
Nikolaos Aletras,The Web & Information Retrieval
Nikolaus Augsten,Databases
Nikolay Atanasov 0001,Computer Vision
Nikolay Atanasov 0001,Robotics
Nikos Vasilakis,Software Engineering
Nilanjan Chakraborty,Artificial Intelligence
Nilanjan Chakraborty,Robotics
Niloy J. Mitra,Computer Graphics
Niloy J. Mitra,Computer Vision
Niloy J. Mitra,Machine Learning
Nils Jansen 0001,Artificial Intelligence
Nils Jansen 0001,Machine Learning
Nils Jansen 0001,Robotics
Nils Thürey,Artificial Intelligence
Nils Thürey,Computer Graphics
Nils Thürey,Computer Vision
Nils Thürey,Machine Learning
Nils Thürey,Robotics
Nima Anari,Machine Learning
Ning Ding 0002,Artificial Intelligence
Ning Ding 0002,Machine Learning
Ning Ding 0002,Natural Language Processing
Ning Ding 0002,Robotics
Ning Xu 0009,Artificial Intelligence
Ning Xu 0009,Computer Vision
Ning Xu 0009,Machine Learning
Ning Zhang 0017,Artificial Intelligence
Ning Zhang 0017,Computer Vision
Ning Zhang 0017,Machine Learning
Ning Zhang 0017,Natural Language Processing
Ning Zhang 0017,Robotics
Ningyi Xu,Computer Vision
Ningyi Xu,Machine Learning
Ningyi Xu,Natural Language Processing
Ningyi Xu,Robotics
Ningyu Zhang 0001,Artificial Intelligence
Ningyu Zhang 0001,Data Mining
Ningyu Zhang 0001,Machine Learning
Ningyu Zhang 0001,Natural Language Processing
Ningyu Zhang 0001,The Web & Information Retrieval
Nir Shavit,Artificial Intelligence
Nir Shavit,Computer Vision
Nir Shavit,Machine Learning
Nir Yosef,Machine Learning
Nisarg Shah 0001,Artificial Intelligence
Nisarg Shah 0001,Machine Learning
Nisarg Shah 0001,The Web & Information Retrieval
Nitesh V. Chawla,Artificial Intelligence
Nitesh V. Chawla,Data Mining
Nitesh V. Chawla,Human-Computer Interaction
Nitesh V. Chawla,Machine Learning
Nitesh V. Chawla,Natural Language Processing
Nitesh V. Chawla,The Web & Information Retrieval
Nitesh V. Chawla,Visualization
Noah A. Smith,Artificial Intelligence
Noah A. Smith,Computer Vision
Noah A. Smith,Machine Learning
Noah A. Smith,Natural Language Processing
Noah A. Smith,The Web & Information Retrieval
Noah Golowich,Artificial Intelligence
Noah Golowich,Machine Learning
Noah Snavely,Computer Graphics
Noah Snavely,Computer Vision
Noah Snavely,Machine Learning
Noah Snavely,Robotics
Noam Aigerman,Computer Graphics
Noam Aigerman,Computer Vision
Nojun Kwak,Artificial Intelligence
Nojun Kwak,Computer Vision
Nojun Kwak,Machine Learning
Nojun Kwak,Natural Language Processing
Nojun Kwak,Robotics
Nong Sang,Artificial Intelligence
Nong Sang,Computer Vision
Nong Sang,Machine Learning
Nong Sang,The Web & Information Retrieval
Norbert Fuhr,Natural Language Processing
Norbert Fuhr,The Web & Information Retrieval
Noriko Kando,Natural Language Processing
Nuno Vasconcelos,Computer Vision
Nuno Vasconcelos,Machine Learning
Ofra Amir,Artificial Intelligence
Ohad Shamir,Machine Learning
Oisin Mac Aodha,Computer Vision
Oisin Mac Aodha,Machine Learning
Oisin Mac Aodha,Robotics
Ole Winther,Artificial Intelligence
Ole Winther,Computer Vision
Ole Winther,Machine Learning
Olga Russakovsky,Computer Vision
Olga Russakovsky,Machine Learning
Olga Russakovsky,Natural Language Processing
Olga Sorkine-Hornung,Computer Graphics
Olga Sorkine-Hornung,Computer Vision
Olga Sorkine-Hornung,Machine Learning
Oliver Brock,Robotics
Omer Ben-Porat,Artificial Intelligence
Omer Ben-Porat,Machine Learning
Omer Ben-Porat,The Web & Information Retrieval
Omer Levy,Machine Learning
Omer Levy,Natural Language Processing
Omri Abend,Natural Language Processing
Ondrej Chum,Computer Vision
Ondrej Chum,Machine Learning
Or Litany,Computer Graphics
Or Litany,Computer Vision
Or Litany,Machine Learning
Or Litany,Robotics
Or Patashnik,Computer Graphics
Or Patashnik,Computer Vision
Oren Kurland,The Web & Information Retrieval
Osbert Bastani,Artificial Intelligence
Osbert Bastani,Computer Vision
Osbert Bastani,Machine Learning
Osbert Bastani,Natural Language Processing
Osbert Bastani,Robotics
Osbert Bastani,Software Engineering
Otmar Hilliges,Computer Graphics
Otmar Hilliges,Computer Vision
Otmar Hilliges,Human-Computer Interaction
Otmar Hilliges,Machine Learning
Otmar Hilliges,Robotics
P. K. Srijith,Artificial Intelligence
P. K. Srijith,Data Mining
P. K. Srijith,Machine Learning
P. K. Srijith,Natural Language Processing
Pablo A. Parrilo,Machine Learning
Pablo A. Parrilo,Robotics
Pablo Barceló,Artificial Intelligence
Pablo Barceló,Machine Learning
Padhraic Smyth,Artificial Intelligence
Padhraic Smyth,Data Mining
Padhraic Smyth,Machine Learning
Padhraic Smyth,Natural Language Processing
Padhraic Smyth,The Web & Information Retrieval
Pan He,Artificial Intelligence
Pan He,Computer Vision
Pan He,Machine Learning
Pan Hui 0001,Artificial Intelligence
Pan Hui 0001,Computer Graphics
Pan Hui 0001,Computer Vision
Pan Hui 0001,Data Mining
Pan Hui 0001,Databases
Pan Hui 0001,Human-Computer Interaction
Pan Hui 0001,Machine Learning
Pan Hui 0001,Robotics
Pan Hui 0001,The Web & Information Retrieval
Pan Li 0005,Computer Vision
Pan Li 0005,Data Mining
Pan Li 0005,Databases
Pan Li 0005,Machine Learning
Pan Li 0005,The Web & Information Retrieval
Pan Peng 0001,Data Mining
Pan Peng 0001,Machine Learning
Pan Peng 0001,The Web & Information Retrieval
Pan Xu 0002,Artificial Intelligence
Pan Xu 0002,Machine Learning
Pan Zhou 0002,Artificial Intelligence
Pan Zhou 0002,Computer Vision
Pan Zhou 0002,Machine Learning
Panagiotis Tsiotras,Artificial Intelligence
Panagiotis Tsiotras,Computer Vision
Panagiotis Tsiotras,Robotics
Pang Wei Koh,Computer Vision
Pang Wei Koh,Data Mining
Pang Wei Koh,Machine Learning
Pang Wei Koh,Natural Language Processing
Panos Kalnis,Artificial Intelligence
Panos Kalnis,Data Mining
Panos Kalnis,Databases
Panos Kalnis,Machine Learning
Paola Cascante-Bonilla,Artificial Intelligence
Paola Cascante-Bonilla,Computer Vision
Paola Cascante-Bonilla,Machine Learning
Paolo Favaro,Artificial Intelligence
Paolo Favaro,Computer Graphics
Paolo Favaro,Computer Vision
Paolo Favaro,Machine Learning
Paolo Papotti,Artificial Intelligence
Paolo Papotti,Data Mining
Paolo Papotti,Databases
Paolo Papotti,Machine Learning
Paolo Papotti,Natural Language Processing
Paolo Papotti,The Web & Information Retrieval
Parag Singla,Artificial Intelligence
Parag Singla,Computer Vision
Parag Singla,Machine Learning
Parag Singla,Natural Language Processing
Parag Singla,Robotics
Parag Singla,The Web & Information Retrieval
Parastoo Abtahi,Human-Computer Interaction
Pari Delir Haghighi,Computer Vision
Parisa Kordjamshidi,Artificial Intelligence
Parisa Kordjamshidi,Computer Vision
Parisa Kordjamshidi,Natural Language Processing
Pascal Friederich,Machine Learning
Pascal Frossard,Artificial Intelligence
Pascal Frossard,Computer Vision
Pascal Frossard,Machine Learning
Pascal Frossard,Natural Language Processing
Pascal Fua,Computer Graphics
Pascal Fua,Computer Vision
Pascal Fua,Data Mining
Pascal Fua,Machine Learning
Pascal Fua,Robotics
Pascal Poupart,Artificial Intelligence
Pascal Poupart,Computer Vision
Pascal Poupart,Machine Learning
Pascal Poupart,Natural Language Processing
Pascale Fung,Artificial Intelligence
Pascale Fung,Machine Learning
Pascale Fung,Natural Language Processing
Pascale Fung,The Web & Information Retrieval
Pasquale Minervini,Artificial Intelligence
Pasquale Minervini,Machine Learning
Pasquale Minervini,Natural Language Processing
Patrick Baudisch,Human-Computer Interaction
Patrick Jaillet,Artificial Intelligence
Patrick Jaillet,Machine Learning
Patrick Jaillet,The Web & Information Retrieval
Patrick McDaniel,Machine Learning
Paul Denny 0001,Artificial Intelligence
Paul Gölz,Artificial Intelligence
Paul Gölz,Machine Learning
Paul H. J. Kelly,Computer Vision
Paul H. J. Kelly,Robotics
Paul Henderson,Computer Graphics
Paul Henderson,Computer Vision
Paul Henderson,Machine Learning
Paul Henderson,Robotics
Paul Henderson,The Web & Information Retrieval
Paul L. Rosin,Artificial Intelligence
Paul L. Rosin,Computer Graphics
Paul L. Rosin,Computer Vision
Paul Lukowicz,Human-Computer Interaction
Paul Pu Liang,Artificial Intelligence
Paul Pu Liang,Computer Vision
Paul Pu Liang,Human-Computer Interaction
Paul Pu Liang,Machine Learning
Paul Pu Liang,Natural Language Processing
Pavel Izmailov,Computer Vision
Pavel Izmailov,Machine Learning
Pedro Lopes 0001,Human-Computer Interaction
Pedro Morgado 0001,Computer Vision
Pedro Morgado 0001,Machine Learning
Pedro U. Lima,Robotics
Peizhong Ju,Artificial Intelligence
Peizhong Ju,Machine Learning
Pekka Marttinen,Computer Vision
Pekka Marttinen,Machine Learning
Pekka Marttinen,Natural Language Processing
Peng Cheng 0003,Data Mining
Peng Cheng 0003,Databases
Peng Cui 0001,Artificial Intelligence
Peng Cui 0001,Computer Vision
Peng Cui 0001,Data Mining
Peng Cui 0001,Machine Learning
Peng Cui 0001,The Web & Information Retrieval
Peng Song 0001,Artificial Intelligence
Peng Song 0001,Computer Graphics
Peng Wang 0015,Artificial Intelligence
Peng Wang 0015,Computer Vision
Peng Wang 0015,Machine Learning
Peng Wang 0015,Natural Language Processing
Peng Zhao 0006,Artificial Intelligence
Peng Zhao 0006,Data Mining
Peng Zhao 0006,Machine Learning
Peng-Shuai Wang,Artificial Intelligence
Peng-Shuai Wang,Computer Graphics
Peng-Shuai Wang,Computer Vision
Pengdi Huang,Computer Vision
Pengfei Chen 0002,Software Engineering
Pengfei Chen 0002,The Web & Information Retrieval
Pengfei Liu 0003,Artificial Intelligence
Pengfei Liu 0003,Machine Learning
Pengfei Liu 0003,Natural Language Processing
Pengfei Wang,Artificial Intelligence
Pengfei Wang,Computer Graphics
Pengfei Wang,Computer Vision
Pengfei Wang,Data Mining
Pengfei Wang,Databases
Pengfei Wang,Machine Learning
Pengfei Wang,Robotics
Pengfei Zhu 0001,Artificial Intelligence
Pengfei Zhu 0001,Computer Graphics
Pengfei Zhu 0001,Computer Vision
Pengfei Zhu 0001,Machine Learning
Pengfei Zhu 0001,The Web & Information Retrieval
Pengjie Ren,Artificial Intelligence
Pengjie Ren,Data Mining
Pengjie Ren,Machine Learning
Pengjie Ren,Natural Language Processing
Pengjie Ren,Robotics
Pengjie Ren,The Web & Information Retrieval
Pengpeng Zeng,Artificial Intelligence
Pengpeng Zeng,Computer Vision
Pengpeng Zeng,Machine Learning
Pengpeng Zeng,Natural Language Processing
Pengpeng Zhao 0001,Artificial Intelligence
Pengpeng Zhao 0001,The Web & Information Retrieval
Pepa Atanasova,Artificial Intelligence
Pepa Atanasova,Natural Language Processing
Perttu Hämäläinen,Computer Graphics
Perttu Hämäläinen,Human-Computer Interaction
Perttu Hämäläinen,Robotics
Peter A. Jansen,Artificial Intelligence
Peter A. Jansen,Machine Learning
Peter A. Jansen,Natural Language Processing
Peter Boncz,Databases
Peter Boncz,The Web & Information Retrieval
Peter Dayan,Machine Learning
Peter Henderson 0002,Artificial Intelligence
Peter Henderson 0002,Machine Learning
Peter Henderson 0002,Natural Language Processing
Peter Henderson 0002,Robotics
Peter J. Stuckey,Artificial Intelligence
Peter J. Stuckey,Machine Learning
Peter Richtárik,Artificial Intelligence
Peter Richtárik,Machine Learning
Peter Richtárik,Natural Language Processing
Peter Stone 0001,Artificial Intelligence
Peter Stone 0001,Computer Vision
Peter Stone 0001,Machine Learning
Peter Stone 0001,Natural Language Processing
Peter Stone 0001,Robotics
Peter V. Gehler,Computer Vision
Peter V. Gehler,Machine Learning
Peter Wonka,Computer Graphics
Peter Wonka,Computer Vision
Peter Wonka,Data Mining
Peter Wonka,Machine Learning
Peter Wonka,Visualization
Petr Kellnhofer,Computer Graphics
Petr Kellnhofer,Computer Vision
Petr Kellnhofer,Machine Learning
Pheng-Ann Heng,Artificial Intelligence
Pheng-Ann Heng,Computer Graphics
Pheng-Ann Heng,Computer Vision
Pheng-Ann Heng,Human-Computer Interaction
Pheng-Ann Heng,Machine Learning
Pheng-Ann Heng,Natural Language Processing
Pheng-Ann Heng,Robotics
Phil Blunsom,Artificial Intelligence
Phil Blunsom,Computer Vision
Phil Blunsom,Machine Learning
Phil Blunsom,Natural Language Processing
Philip Resnik,Machine Learning
Philip Resnik,Natural Language Processing
Philip S. Thomas,Artificial Intelligence
Philip S. Thomas,Machine Learning
Philip S. Yu,Artificial Intelligence
Philip S. Yu,Computer Vision
Philip S. Yu,Data Mining
Philip S. Yu,Databases
Philip S. Yu,Machine Learning
Philip S. Yu,Natural Language Processing
Philip S. Yu,The Web & Information Retrieval
Philip Torr 0001,Artificial Intelligence
Philip Torr 0001,Computer Vision
Philip Torr 0001,Machine Learning
Philip Torr 0001,Natural Language Processing
Philip Torr 0001,Robotics
Philipp Hennig,Machine Learning
Philipp Hennig,Robotics
Philipp Krähenbühl,Computer Vision
Philipp Krähenbühl,Machine Learning
Philipp Krähenbühl,Robotics
Philipp Slusallek,Computer Graphics
Philipp Slusallek,Computer Vision
Philippe Bonnet,Data Mining
Philippe Bonnet,Databases
Philippe Giguère,Computer Vision
Philippe Giguère,Robotics
Phillip Isola,Computer Graphics
Phillip Isola,Computer Vision
Phillip Isola,Machine Learning
Phillip Isola,Robotics
Pierre Baldi,Artificial Intelligence
Pierre Baldi,Machine Learning
Pierre Baldi,Software Engineering
Pierre-Luc Bacon,Artificial Intelligence
Pierre-Luc Bacon,Machine Learning
Pieter Abbeel,Artificial Intelligence
Pieter Abbeel,Computer Graphics
Pieter Abbeel,Computer Vision
Pieter Abbeel,Databases
Pieter Abbeel,Machine Learning
Pieter Abbeel,Natural Language Processing
Pieter Abbeel,Robotics
Pieter Peers,Computer Graphics
Pieter Peers,Computer Vision
Pietro Liò,Artificial Intelligence
Pietro Liò,Computer Vision
Pietro Liò,Machine Learning
Pietro Liò,Natural Language Processing
Pietro Liò,The Web & Information Retrieval
Pietro Perona,Computer Vision
Pietro Perona,Machine Learning
Pin Tao,Artificial Intelligence
Pinar Tözün,Databases
Ping Hu 0001,Artificial Intelligence
Ping Hu 0001,Computer Vision
Ping Hu 0001,Machine Learning
Ping Liu 0004,Artificial Intelligence
Ping Liu 0004,Computer Vision
Ping Liu 0004,Machine Learning
Ping Luo 0002,Artificial Intelligence
Ping Luo 0002,Computer Vision
Ping Luo 0002,Machine Learning
Ping Luo 0002,Natural Language Processing
Ping Luo 0002,Robotics
Ping Wang 0003,Artificial Intelligence
Ping Wang 0003,Computer Vision
Ping Wang 0003,Data Mining
Ping Wang 0003,Machine Learning
Ping Wang 0003,The Web & Information Retrieval
Ping Zhang 0016,Artificial Intelligence
Ping Zhang 0016,Computer Vision
Ping Zhang 0016,Data Mining
Ping Zhang 0016,Machine Learning
Pinghui Wang,Artificial Intelligence
Pinghui Wang,Computer Vision
Pinghui Wang,Data Mining
Pinghui Wang,Databases
Pinghui Wang,Machine Learning
Pinghui Wang,Natural Language Processing
Pinghui Wang,The Web & Information Retrieval
Pingzhong Tang,Artificial Intelligence
Pingzhong Tang,Machine Learning
Pingzhong Tang,The Web & Information Retrieval
Piotr Didyk,Computer Graphics
Piotr Didyk,Computer Vision
Piotr Skowron 0001,Artificial Intelligence
Piotr Skowron 0001,Machine Learning
Piyush Rai,Artificial Intelligence
Piyush Rai,Computer Vision
Piyush Rai,Machine Learning
Piyush Rai,Natural Language Processing
Piyush Rai,Robotics
Ponnurangam Kumaraguru,Artificial Intelligence
Ponnurangam Kumaraguru,Data Mining
Ponnurangam Kumaraguru,Machine Learning
Ponnurangam Kumaraguru,Natural Language Processing
Ponnurangam Kumaraguru,The Web & Information Retrieval
Pradeep Ravikumar,Artificial Intelligence
Pradeep Ravikumar,Data Mining
Pradeep Ravikumar,Machine Learning
Pradeep Ravikumar,Natural Language Processing
Pramod Viswanath,Artificial Intelligence
Pramod Viswanath,Machine Learning
Pramod Viswanath,Natural Language Processing
Pramod Viswanath,The Web & Information Retrieval
Pranam Chatterjee,Machine Learning
Praneeth Chakravarthula,Computer Graphics
Praneeth Chakravarthula,Computer Vision
Praneeth Vepakomma,Artificial Intelligence
Praneeth Vepakomma,Computer Vision
Praneeth Vepakomma,Machine Learning
Praneeth Vepakomma,Natural Language Processing
Praneeth Vepakomma,The Web & Information Retrieval
Prashant Khanduri,Computer Vision
Prashant Khanduri,Machine Learning
Pratap Tokekar,Artificial Intelligence
Pratap Tokekar,Machine Learning
Pratap Tokekar,Robotics
Prateek Mittal,Artificial Intelligence
Prateek Mittal,Computer Vision
Prateek Mittal,Data Mining
Prateek Mittal,Human-Computer Interaction
Prateek Mittal,Machine Learning
Prateek Mittal,The Web & Information Retrieval
Prateek Prasanna,Computer Vision
Prateek Prasanna,Machine Learning
Preethi Jyothi,Artificial Intelligence
Preethi Jyothi,Machine Learning
Preethi Jyothi,Natural Language Processing
Preethi Jyothi,The Web & Information Retrieval
Preslav Nakov,Artificial Intelligence
Preslav Nakov,Machine Learning
Preslav Nakov,Natural Language Processing
Preslav Nakov,Robotics
Preslav Nakov,The Web & Information Retrieval
Prithviraj Ammanabrolu,Artificial Intelligence
Prithviraj Ammanabrolu,Computer Vision
Prithviraj Ammanabrolu,Machine Learning
Prithviraj Ammanabrolu,Natural Language Processing
Priya L. Donti,Machine Learning
Pu Wang 0001,Artificial Intelligence
Pu Wang 0001,Computer Vision
Pulkit Agrawal 0001,Computer Vision
Pulkit Agrawal 0001,Machine Learning
Pulkit Agrawal 0001,Robotics
Pushpak Bhattacharyya,Artificial Intelligence
Pushpak Bhattacharyya,Machine Learning
Pushpak Bhattacharyya,Natural Language Processing
Pushpak Bhattacharyya,The Web & Information Retrieval
Pushpak Jagtap,Robotics
Qi Lei,Artificial Intelligence
Qi Lei,Computer Vision
Qi Lei,Machine Learning
Qi Lei,Natural Language Processing
Qi Liu 0003,Artificial Intelligence
Qi Liu 0003,Computer Vision
Qi Liu 0003,Data Mining
Qi Liu 0003,Human-Computer Interaction
Qi Liu 0003,Machine Learning
Qi Liu 0003,Natural Language Processing
Qi Liu 0003,The Web & Information Retrieval
Qi Liu 0049,Artificial Intelligence
Qi Liu 0049,Computer Vision
Qi Liu 0049,Data Mining
Qi Liu 0049,Machine Learning
Qi Liu 0049,Natural Language Processing
Qi Qi 0001,Artificial Intelligence
Qi Qi 0001,Computer Vision
Qi Qi 0001,Machine Learning
Qi Qi 0001,Natural Language Processing
Qi Qi 0001,The Web & Information Retrieval
Qi Sun 0003,Computer Graphics
Qi Sun 0003,Computer Vision
Qi Sun 0003,Visualization
Qi Wu 0001,Artificial Intelligence
Qi Wu 0001,Computer Vision
Qi Wu 0001,Machine Learning
Qi Wu 0001,Natural Language Processing
Qi Wu 0001,Robotics
Qi Zhang 0001,Artificial Intelligence
Qi Zhang 0001,Data Mining
Qi Zhang 0001,Machine Learning
Qi Zhang 0001,Natural Language Processing
Qi Zhang 0001,The Web & Information Retrieval
Qi Zhang 0020,Artificial Intelligence
Qi Zhang 0020,Machine Learning
Qi Zhang 0020,Software Engineering
Qi Zhang 0020,The Web & Information Retrieval
Qi Zhang 0041,Artificial Intelligence
Qi Zhang 0041,Computer Graphics
Qi Zhang 0041,Computer Vision
Qi Zhao 0001,Artificial Intelligence
Qi Zhao 0001,Computer Vision
Qi Zhao 0001,Machine Learning
Qi Zhao 0001,Robotics
Qi Zhu 0002,Artificial Intelligence
Qi Zhu 0002,Computer Vision
Qi Zhu 0002,Machine Learning
Qi Zhu 0002,Natural Language Processing
Qi Zhu 0002,Robotics
Qian Wang 0002,Artificial Intelligence
Qian Wang 0002,Computer Vision
Qian Wang 0002,Machine Learning
Qian Wang 0002,Natural Language Processing
Qian Wang 0002,Software Engineering
Qian Wang 0002,The Web & Information Retrieval
Qian Yang,Artificial Intelligence
Qian Yang,Computer Vision
Qian Yang,Human-Computer Interaction
Qian Zhu 0010,Visualization
Qiang Xu 0001,Artificial Intelligence
Qiang Xu 0001,Computer Graphics
Qiang Xu 0001,Computer Vision
Qiang Xu 0001,Machine Learning
Qiang Xu 0001,Natural Language Processing
Qiang Yang 0001,Artificial Intelligence
Qiang Yang 0001,Computer Vision
Qiang Yang 0001,Data Mining
Qiang Yang 0001,Databases
Qiang Yang 0001,Machine Learning
Qiang Yang 0001,Natural Language Processing
Qiang Yang 0001,The Web & Information Retrieval
Qiang Yin 0002,Databases
Qianru Sun,Artificial Intelligence
Qianru Sun,Computer Vision
Qianru Sun,Machine Learning
Qianru Sun,Natural Language Processing
Qiaochu Chen,Machine Learning
Qiaochu Chen,Natural Language Processing
Qiaoyu Tan,Artificial Intelligence
Qiaoyu Tan,Computer Vision
Qiaoyu Tan,Data Mining
Qiaoyu Tan,Machine Learning
Qiaoyu Tan,Natural Language Processing
Qiaoyu Tan,The Web & Information Retrieval
Qiaozhu Mei,Data Mining
Qiaozhu Mei,Human-Computer Interaction
Qiaozhu Mei,Machine Learning
Qiaozhu Mei,Natural Language Processing
Qiaozhu Mei,Software Engineering
Qiaozhu Mei,The Web & Information Retrieval
Qibin Hou,Artificial Intelligence
Qibin Hou,Computer Vision
Qibin Hou,Machine Learning
Qifeng Chen 0001,Artificial Intelligence
Qifeng Chen 0001,Computer Graphics
Qifeng Chen 0001,Computer Vision
Qifeng Chen 0001,Machine Learning
Qifeng Chen 0001,Robotics
Qihua Zhou,Artificial Intelligence
Qihua Zhou,Machine Learning
Qinbin Li,Artificial Intelligence
Qinbin Li,Computer Vision
Qinbin Li,Databases
Qinbin Li,Machine Learning
Qinbin Li,The Web & Information Retrieval
Qing Gu 0001,Artificial Intelligence
Qing Gu 0001,Human-Computer Interaction
Qing Gu 0001,Machine Learning
Qing Gu 0001,Natural Language Processing
Qing Gu 0001,The Web & Information Retrieval
Qing Guo 0005,Artificial Intelligence
Qing Guo 0005,Computer Vision
Qing Guo 0005,Databases
Qing Guo 0005,Machine Learning
Qing Guo 0005,Natural Language Processing
Qing Guo 0005,Robotics
Qing Guo 0005,Software Engineering
Qing Li 0001,Artificial Intelligence
Qing Li 0001,Computer Vision
Qing Li 0001,Data Mining
Qing Li 0001,Databases
Qing Li 0001,Human-Computer Interaction
Qing Li 0001,Machine Learning
Qing Li 0001,Natural Language Processing
Qing Li 0001,Robotics
Qing Li 0001,The Web & Information Retrieval
Qingcai Chen,Artificial Intelligence
Qingcai Chen,Computer Vision
Qingcai Chen,Data Mining
Qingcai Chen,Natural Language Processing
Qingfu Zhang 0001,Artificial Intelligence
Qingfu Zhang 0001,Computer Vision
Qingfu Zhang 0001,Data Mining
Qingfu Zhang 0001,Machine Learning
Qinghua Hu,Artificial Intelligence
Qinghua Hu,Computer Vision
Qinghua Hu,Machine Learning
Qinghua Hu,The Web & Information Retrieval
Qinghua Liu,Databases
Qinghua Liu,Machine Learning
Qinghua Liu,Robotics
Qinghua Zheng,Artificial Intelligence
Qinghua Zheng,Computer Vision
Qinghua Zheng,Data Mining
Qinghua Zheng,Machine Learning
Qinghua Zheng,Natural Language Processing
Qinghua Zheng,Software Engineering
Qinghua Zheng,The Web & Information Retrieval
Qinghua Zheng,Visualization
Qingming Huang,Artificial Intelligence
Qingming Huang,Computer Vision
Qingming Huang,Databases
Qingming Huang,Machine Learning
Qingming Huang,Natural Language Processing
Qingyao Ai,Artificial Intelligence
Qingyao Ai,Machine Learning
Qingyao Ai,Natural Language Processing
Qingyao Ai,The Web & Information Retrieval
Qiong Luo 0001,Artificial Intelligence
Qiong Luo 0001,Computer Vision
Qiong Luo 0001,Databases
Qiong Luo 0001,Natural Language Processing
Qiong Luo 0001,Visualization
Qiongkai Xu,Artificial Intelligence
Qiongkai Xu,Machine Learning
Qiongkai Xu,Natural Language Processing
Qiongkai Xu,The Web & Information Retrieval
Qiuhong Ke,Artificial Intelligence
Qiuhong Ke,Computer Vision
Qiuhong Ke,Machine Learning
Qixing Huang,Artificial Intelligence
Qixing Huang,Computer Graphics
Qixing Huang,Computer Vision
Qixing Huang,Data Mining
Qixing Huang,Machine Learning
Qiyu Kang,Artificial Intelligence
Qiyu Kang,Computer Vision
Qiyu Kang,Machine Learning
Quanquan Gu,Artificial Intelligence
Quanquan Gu,Computer Vision
Quanquan Gu,Data Mining
Quanquan Gu,Machine Learning
Quanquan Gu,Natural Language Processing
Quanquan Gu,Software Engineering
Quanquan Gu,The Web & Information Retrieval
Quanshi Zhang,Artificial Intelligence
Quanshi Zhang,Computer Vision
Quanshi Zhang,Machine Learning
Quanshi Zhang,Natural Language Processing
Quanxue Gao,Artificial Intelligence
Quanxue Gao,Computer Vision
Quanxue Gao,Data Mining
Quanxue Gao,Machine Learning
Rachel Rudinger,Artificial Intelligence
Rachel Rudinger,Natural Language Processing
Rachid Guerraoui,Artificial Intelligence
Rachid Guerraoui,Databases
Rachid Guerraoui,Machine Learning
Rachid Guerraoui,The Web & Information Retrieval
Rada Mihalcea,Artificial Intelligence
Rada Mihalcea,Computer Vision
Rada Mihalcea,Machine Learning
Rada Mihalcea,Natural Language Processing
Radhika Mittal,Robotics
Radu Grosu,Artificial Intelligence
Radu Grosu,Machine Learning
Radu Grosu,Robotics
Radu Grosu,Software Engineering
Radu Timofte,Artificial Intelligence
Radu Timofte,Computer Vision
Radu Timofte,Machine Learning
Radu Timofte,Natural Language Processing
Radu Timofte,Robotics
Raef Bassily,Machine Learning
Rafal Mantiuk,Artificial Intelligence
Rafal Mantiuk,Computer Graphics
Rafal Mantiuk,Computer Vision
Rafal Mantiuk,Machine Learning
Rahul Shome,Artificial Intelligence
Rahul Shome,Computer Vision
Rahul Shome,Robotics
Raimund Dachselt,Software Engineering
Raimund Dachselt,Visualization
Rainer Stiefelhagen,Artificial Intelligence
Rainer Stiefelhagen,Computer Vision
Rainer Stiefelhagen,Machine Learning
Rainer Stiefelhagen,Natural Language Processing
Rainer Stiefelhagen,Robotics
Raja Giryes,Artificial Intelligence
Raja Giryes,Computer Graphics
Raja Giryes,Computer Vision
Raja Giryes,Machine Learning
Raja Giryes,Natural Language Processing
Rajeev Alur,Artificial Intelligence
Rajeev Alur,Databases
Rajeev Alur,Machine Learning
Rajesh K. Gupta 0001,Artificial Intelligence
Rajesh K. Gupta 0001,Data Mining
Rajesh K. Gupta 0001,Machine Learning
Rajesh K. Gupta 0001,The Web & Information Retrieval
Rajesh Ranganath,Artificial Intelligence
Rajesh Ranganath,Machine Learning
Rajiv Ratn Shah,Artificial Intelligence
Rajiv Ratn Shah,Natural Language Processing
Rajiv Ratn Shah,The Web & Information Retrieval
Rama Chellappa,Artificial Intelligence
Rama Chellappa,Computer Vision
Rama Chellappa,Machine Learning
Rama Chellappa,Natural Language Processing
Rama Chellappa,Robotics
Raman Arora,Artificial Intelligence
Raman Arora,Machine Learning
Raman Arora,Natural Language Processing
Raman Arora,Robotics
Ramani Duraiswami,Machine Learning
Ramani Duraiswami,Natural Language Processing
Ramesh Raskar,Artificial Intelligence
Ramesh Raskar,Computer Graphics
Ramesh Raskar,Computer Vision
Ramesh Raskar,Machine Learning
Ramesh Raskar,Robotics
Ramesh Raskar,The Web & Information Retrieval
Ramya Korlakai Vinayak,Artificial Intelligence
Ramya Korlakai Vinayak,Machine Learning
Ramya Korlakai Vinayak,The Web & Information Retrieval
Ran Gilad-Bachrach,Artificial Intelligence
Ran Gilad-Bachrach,Machine Learning
Ran Gilad-Bachrach,The Web & Information Retrieval
Ran He 0001,Artificial Intelligence
Ran He 0001,Computer Vision
Ran He 0001,Machine Learning
Ran He 0001,Natural Language Processing
Ran He 0001,The Web & Information Retrieval
Ran Yi 0002,Artificial Intelligence
Ran Yi 0002,Computer Graphics
Ran Yi 0002,Computer Vision
Ran Yi 0002,Machine Learning
Ran Yi 0002,Robotics
Ran Zhang,Computer Vision
Ran Zhang,Machine Learning
Randall Balestriero,Computer Vision
Randall Balestriero,Machine Learning
Ranjay Krishna,Computer Vision
Ranjay Krishna,Databases
Ranjay Krishna,Human-Computer Interaction
Ranjay Krishna,Machine Learning
Ranjay Krishna,Natural Language Processing
Ranjay Krishna,Robotics
Ranjitha Kumar,Computer Vision
Ranjitha Kumar,Human-Computer Interaction
Ransalu Senanayake,Artificial Intelligence
Ransalu Senanayake,Machine Learning
Ransalu Senanayake,Robotics
Rao Muhammad Anwer,Artificial Intelligence
Rao Muhammad Anwer,Computer Vision
Rao Muhammad Anwer,Machine Learning
Rao Muhammad Anwer,Natural Language Processing
Rao Muhammad Anwer,Robotics
Raul Astudillo,Machine Learning
Raul Castro Fernandez,Data Mining
Raul Castro Fernandez,Databases
Raul Castro Fernandez,Machine Learning
Ravi Ramamoorthi,Computer Graphics
Ravi Ramamoorthi,Computer Vision
Ravi Ramamoorthi,Machine Learning
Ravin Balakrishnan,Human-Computer Interaction
Raymond A. Yeh,Artificial Intelligence
Raymond A. Yeh,Computer Vision
Raymond A. Yeh,Machine Learning
Raymond A. Yeh,Robotics
Raymond Chi-Wing Wong,Artificial Intelligence
Raymond Chi-Wing Wong,Data Mining
Raymond Chi-Wing Wong,Databases
Raymond Chi-Wing Wong,Human-Computer Interaction
Raymond Chi-Wing Wong,The Web & Information Retrieval
Raymond T. Ng,Computer Vision
Raymond T. Ng,Machine Learning
Regina Barzilay,Artificial Intelligence
Regina Barzilay,Computer Vision
Regina Barzilay,Machine Learning
Regina Barzilay,Natural Language Processing
Reihaneh Rabbany,Artificial Intelligence
Reihaneh Rabbany,Data Mining
Reihaneh Rabbany,Machine Learning
Reihaneh Rabbany,Natural Language Processing
Reihaneh Rabbany,The Web & Information Retrieval
Reihaneh Rabbany,Visualization
Reinhard Heckel,Computer Vision
Reinhard Heckel,Databases
Reinhard Heckel,Machine Learning
Renchi Yang,Artificial Intelligence
Renchi Yang,Data Mining
Renchi Yang,Databases
Renchi Yang,Machine Learning
Renchi Yang,The Web & Information Retrieval
Renjie Liao 0001,Computer Vision
Renjie Liao 0001,Machine Learning
Renjie Liao 0001,Robotics
Renjie Wan,Artificial Intelligence
Renjie Wan,Computer Vision
Renjie Wan,Machine Learning
René Just,Human-Computer Interaction
René Just,Software Engineering
René Vidal,Computer Vision
René Vidal,Data Mining
René Vidal,Machine Learning
René Vidal,Robotics
Reshef Meir,Artificial Intelligence
Reut Tsarfaty,Natural Language Processing
Rex Ying,Artificial Intelligence
Rex Ying,Computer Vision
Rex Ying,Data Mining
Rex Ying,Databases
Rex Ying,Machine Learning
Rex Ying,Natural Language Processing
Reynold Cheng,Artificial Intelligence
Reynold Cheng,Data Mining
Reynold Cheng,Databases
Reynold Cheng,Machine Learning
Reynold Cheng,Natural Language Processing
Reynold Cheng,The Web & Information Retrieval
Reza Shokri,Artificial Intelligence
Reza Shokri,Databases
Reza Shokri,Machine Learning
Reza Shokri,Natural Language Processing
Riccardo Guidotti,Artificial Intelligence
Riccardo Guidotti,Data Mining
Riccardo Guidotti,Natural Language Processing
Richard Booth 0001,Artificial Intelligence
Richard Bowden,Artificial Intelligence
Richard Bowden,Computer Vision
Richard Bowden,Robotics
Richard E. Turner,Artificial Intelligence
Richard E. Turner,Computer Vision
Richard E. Turner,Machine Learning
Richard E. Turner,Natural Language Processing
Richard M. Murray,Artificial Intelligence
Richard M. Murray,Robotics
Richard S. Sutton,Artificial Intelligence
Richard S. Sutton,Machine Learning
Richard S. Zemel,Computer Vision
Richard S. Zemel,Machine Learning
Richard S. Zemel,Natural Language Processing
Richard Souvenir,Artificial Intelligence
Richard Souvenir,Computer Vision
Richard Souvenir,Machine Learning
Richong Zhang,Artificial Intelligence
Richong Zhang,Computer Vision
Richong Zhang,Data Mining
Richong Zhang,Natural Language Processing
Richong Zhang,The Web & Information Retrieval
Rico Sennrich,Artificial Intelligence
Rico Sennrich,Machine Learning
Rico Sennrich,Natural Language Processing
Rika Antonova,Machine Learning
Rika Antonova,Robotics
Rita Cucchiara,Artificial Intelligence
Rita Cucchiara,Computer Vision
Rita Cucchiara,Human-Computer Interaction
Rita Cucchiara,Machine Learning
Rita Cucchiara,Robotics
Rob van der Goot,Natural Language Processing
Robert Bredereck,Artificial Intelligence
Robert Bredereck,Machine Learning
Robert E. Mahony,Computer Vision
Robert E. Mahony,Robotics
Robert West 0001,Artificial Intelligence
Robert West 0001,Databases
Robert West 0001,Machine Learning
Robert West 0001,Natural Language Processing
Robert West 0001,The Web & Information Retrieval
Roberto Calandra,Computer Vision
Roberto Calandra,Machine Learning
Roberto Calandra,Robotics
Roberto Martin Martin,Computer Vision
Roberto Martin Martin,Machine Learning
Roberto Martin Martin,Robotics
Roberto Navigli,Artificial Intelligence
Roberto Navigli,Natural Language Processing
Roberto Navigli,The Web & Information Retrieval
Robin Jia,Machine Learning
Robin Jia,Natural Language Processing
Robin R. Murphy,Robotics
Robin Walters 0001,Machine Learning
Robin Walters 0001,Robotics
Robin Welsch,Human-Computer Interaction
Roderick Murray-Smith,Human-Computer Interaction
Roderick Murray-Smith,Machine Learning
Rodrygo L. T. Santos,Natural Language Processing
Rodrygo L. T. Santos,The Web & Information Retrieval
Roger B. Grosse,Artificial Intelligence
Roger B. Grosse,Machine Learning
Roger Zimmermann,Artificial Intelligence
Roger Zimmermann,Computer Vision
Roger Zimmermann,Data Mining
Roger Zimmermann,Human-Computer Interaction
Roger Zimmermann,Machine Learning
Roger Zimmermann,Natural Language Processing
Roger Zimmermann,The Web & Information Retrieval
Rohan Paul,Artificial Intelligence
Rohan Paul,Robotics
Rohit Babbar,Data Mining
Rohit Babbar,Machine Learning
Rohit Babbar,The Web & Information Retrieval
Rohit Vaish,Artificial Intelligence
Rohit Vaish,The Web & Information Retrieval
Roi Livni,Machine Learning
Roi Reichart,Machine Learning
Roi Reichart,Natural Language Processing
Roland Kwitt,Computer Vision
Roland Kwitt,Machine Learning
Roman Klinger,Natural Language Processing
Ron Kimmel,Computer Graphics
Ron Kimmel,Computer Vision
Ron Kimmel,Machine Learning
Ron Levie,Computer Vision
Ron Levie,Machine Learning
Ron Meir,Artificial Intelligence
Ron Meir,Machine Learning
Ronald Clark,Artificial Intelligence
Ronald Clark,Computer Vision
Ronald Clark,Machine Learning
Ronald Clark,Robotics
Ronald Parr,Artificial Intelligence
Ronald Parr,Machine Learning
Ronen Basri,Computer Graphics
Ronen Basri,Computer Vision
Ronen Basri,Machine Learning
Rong Ge 0001,Machine Learning
Rong Ge 0001,Natural Language Processing
Ronghua Li,Artificial Intelligence
Ronghua Li,Data Mining
Ronghua Li,Databases
Ronghua Li,Machine Learning
Ronghua Li,Natural Language Processing
Ronghua Li,The Web & Information Retrieval
Rongrong Ji,Artificial Intelligence
Rongrong Ji,Computer Graphics
Rongrong Ji,Computer Vision
Rongrong Ji,Data Mining
Rongrong Ji,Machine Learning
Rongrong Ji,Natural Language Processing
Rongrong Ji,Robotics
Rongye Shi,Artificial Intelligence
Rongye Shi,Machine Learning
Rongye Shi,Robotics
Rose Yu,Data Mining
Rose Yu,Machine Learning
Rose Yu,Robotics
Ross Maciejewski,Data Mining
Ross Maciejewski,Machine Learning
Ross Maciejewski,The Web & Information Retrieval
Ross Maciejewski,Visualization
Rui Ma 0011,Artificial Intelligence
Rui Ma 0011,Computer Graphics
Rui Ma 0011,Computer Vision
Rui Wang 0004,Artificial Intelligence
Rui Wang 0004,Computer Graphics
Rui Wang 0004,Computer Vision
Rui Wang 0015,Artificial Intelligence
Rui Wang 0015,Machine Learning
Rui Wang 0015,Natural Language Processing
Rui Yan 0001,Artificial Intelligence
Rui Yan 0001,Computer Vision
Rui Yan 0001,Data Mining
Rui Yan 0001,Machine Learning
Rui Yan 0001,Natural Language Processing
Rui Yan 0001,The Web & Information Retrieval
Rui Yu 0002,Computer Vision
Rui Yu 0002,Robotics
Ruihong Huang,Artificial Intelligence
Ruihong Huang,Databases
Ruihong Huang,Machine Learning
Ruihong Huang,Natural Language Processing
Ruihong Huang,The Web & Information Retrieval
Ruihua Song,Artificial Intelligence
Ruihua Song,Computer Vision
Ruihua Song,Data Mining
Ruihua Song,Machine Learning
Ruihua Song,Natural Language Processing
Ruihua Song,The Web & Information Retrieval
Ruimao Zhang,Artificial Intelligence
Ruimao Zhang,Computer Vision
Ruimao Zhang,Machine Learning
Ruimao Zhang,Robotics
Ruimin Hu,Artificial Intelligence
Ruimin Hu,Computer Vision
Ruimin Hu,Machine Learning
Ruiquan Huang,Artificial Intelligence
Ruiquan Huang,Machine Learning
Ruixiang Tang,Artificial Intelligence
Ruixiang Tang,Data Mining
Ruixiang Tang,Machine Learning
Ruixiang Tang,Natural Language Processing
Ruixiang Tang,The Web & Information Retrieval
Ruizhen Hu,Computer Graphics
Ruizhen Hu,Computer Vision
Ruizhen Hu,Robotics
Ruizhen Hu,Visualization
Runmin Cong,Artificial Intelligence
Runmin Cong,Computer Vision
Runmin Cong,Machine Learning
Ruohan Gao,Computer Vision
Ruohan Gao,Machine Learning
Ruohan Gao,Robotics
Ruohan Zhang,Artificial Intelligence
Ruohan Zhang,Computer Vision
Ruohan Zhang,Machine Learning
Ruohan Zhang,Robotics
Ruoshi Liu,Computer Vision
Ruoshi Liu,Machine Learning
Ruoshi Liu,Robotics
Ruosong Wang,Artificial Intelligence
Ruosong Wang,Machine Learning
Ruoxi Jia 0001,Artificial Intelligence
Ruoxi Jia 0001,Computer Vision
Ruoxi Jia 0001,Databases
Ruoxi Jia 0001,Machine Learning
Ruoxi Jia 0001,Natural Language Processing
Ruoyu Sun 0001,Artificial Intelligence
Ruoyu Sun 0001,Computer Vision
Ruoyu Sun 0001,Data Mining
Ruoyu Sun 0001,Machine Learning
Ruoyu Sun 0001,Natural Language Processing
Ruqi Zhang,Artificial Intelligence
Ruqi Zhang,Computer Vision
Ruqi Zhang,Machine Learning
Ruqi Zhang,Natural Language Processing
Ruqi Zhang,Robotics
Russ Tedrake,Computer Vision
Russ Tedrake,Machine Learning
Russ Tedrake,Robotics
Russell H. Taylor,Computer Vision
Russell H. Taylor,Robotics
Ruzica Piskac,Artificial Intelligence
Ruzica Piskac,Databases
Ruzica Piskac,Natural Language Processing
Ryan Cotterell,Artificial Intelligence
Ryan Cotterell,Computer Vision
Ryan Cotterell,Machine Learning
Ryan Cotterell,Natural Language Processing
Ryan Cotterell,Robotics
Ryan Cotterell,Visualization
Ryan Marcus,Databases
Ryan Marcus,Machine Learning
Rynson W. H. Lau,Artificial Intelligence
Rynson W. H. Lau,Computer Graphics
Rynson W. H. Lau,Computer Vision
Rynson W. H. Lau,Machine Learning
Rynson W. H. Lau,Natural Language Processing
Ryo Suzuki 0001,Human-Computer Interaction
Ryo Suzuki 0001,Robotics
Ryo Suzuki 0001,Software Engineering
Rüdiger Westermann,Computer Vision
Rüdiger Westermann,Machine Learning
Rüdiger Westermann,Visualization
S. Matthew Weinberg,Artificial Intelligence
S. Matthew Weinberg,Machine Learning
S. Matthew Weinberg,The Web & Information Retrieval
Sabine Süsstrunk,Computer Graphics
Sabine Süsstrunk,Computer Vision
Sabine Süsstrunk,Machine Learning
Sachin Kumar 0009,Artificial Intelligence
Sachin Kumar 0009,Machine Learning
Sachin Kumar 0009,Natural Language Processing
Sageev Oore,Human-Computer Interaction
Sageev Oore,Machine Learning
Sagie Benaim,Artificial Intelligence
Sagie Benaim,Computer Graphics
Sagie Benaim,Computer Vision
Sagie Benaim,Machine Learning
Sagnik Ray Choudhury,Natural Language Processing
Sai Praneeth Karimireddy,Machine Learning
Sai Praneeth Karimireddy,Natural Language Processing
Sai Wu,Artificial Intelligence
Sai Wu,Computer Vision
Sai Wu,Data Mining
Sai Wu,Databases
Sai Wu,Machine Learning
Sai Wu,Natural Language Processing
Sai Wu,The Web & Information Retrieval
Saining Xie,Computer Vision
Saining Xie,Machine Learning
Saining Xie,Natural Language Processing
Salman Khan 0001,Artificial Intelligence
Salman Khan 0001,Computer Vision
Salman Khan 0001,Machine Learning
Salman Khan 0001,Natural Language Processing
Salman Khan 0001,Robotics
Saman A. Zonouz,Artificial Intelligence
Saman A. Zonouz,Machine Learning
Saman A. Zonouz,Robotics
Sameer Singh 0001,Artificial Intelligence
Sameer Singh 0001,Data Mining
Sameer Singh 0001,Machine Learning
Sameer Singh 0001,Natural Language Processing
Sami Haddadin,Robotics
Samira Ebrahimi Kahou,Artificial Intelligence
Samira Ebrahimi Kahou,Computer Vision
Samira Ebrahimi Kahou,Machine Learning
Samson Zhou,Data Mining
Samson Zhou,Machine Learning
Samuel Horváth,Artificial Intelligence
Samuel Horváth,Machine Learning
Samuel Kaski,Artificial Intelligence
Samuel Kaski,Computer Vision
Samuel Kaski,Data Mining
Samuel Kaski,Machine Learning
Samuel Kaski,Robotics
Samuel Madden 0001,Artificial Intelligence
Samuel Madden 0001,Computer Vision
Samuel Madden 0001,Data Mining
Samuel Madden 0001,Databases
Samuel Madden 0001,Human-Computer Interaction
Samuel Madden 0001,Machine Learning
Sandeep Silwal,Machine Learning
Sandra Hirche,Artificial Intelligence
Sandra Hirche,Machine Learning
Sandra Hirche,Robotics
Sang Ho Yoon,Computer Vision
Sang Ho Yoon,Human-Computer Interaction
Sang Ho Yoon,Machine Learning
Sangdon Park 0001,Artificial Intelligence
Sangdon Park 0001,Computer Vision
Sangdon Park 0001,Machine Learning
Sangdon Park 0001,Natural Language Processing
Sanghack Lee,Artificial Intelligence
Sanghack Lee,Computer Vision
Sanghack Lee,Machine Learning
Sanghack Lee,The Web & Information Retrieval
Sanghyun Hong 0001,Artificial Intelligence
Sanghyun Hong 0001,Machine Learning
Sanghyun Hong 0001,Visualization
Sangmin Lee 0001,Artificial Intelligence
Sangmin Lee 0001,Computer Vision
Sanguthevar Rajasekaran,Artificial Intelligence
Sanguthevar Rajasekaran,Machine Learning
Sanguthevar Rajasekaran,Natural Language Processing
Sanjay Shakkottai,Computer Vision
Sanjay Shakkottai,Machine Learning
Sanjeev Arora,Machine Learning
Sanjeev Arora,Natural Language Processing
Sanjiban Choudhury,Artificial Intelligence
Sanjiban Choudhury,Machine Learning
Sanjiban Choudhury,Natural Language Processing
Sanjiban Choudhury,Robotics
Sanjit A. Seshia,Artificial Intelligence
Sanjit A. Seshia,Computer Vision
Sanjit A. Seshia,Machine Learning
Sanjit A. Seshia,Robotics
Sanjit A. Seshia,Software Engineering
Sanmay Das,Artificial Intelligence
Sanmay Das,Machine Learning
Sanping Zhou,Artificial Intelligence
Sanping Zhou,Computer Vision
Sanping Zhou,Machine Learning
Sanping Zhou,Robotics
Santiago Ontañón,Artificial Intelligence
Santiago Ontañón,Data Mining
Santiago Ontañón,Machine Learning
Santiago Ontañón,Natural Language Processing
Santiago Segarra,Data Mining
Santiago Segarra,Machine Learning
Santosh Kumar 0001,Human-Computer Interaction
Santosh Kumar 0001,Machine Learning
Saptarashmi Bandyopadhyay,Artificial Intelligence
Saptarashmi Bandyopadhyay,Machine Learning
Saptarashmi Bandyopadhyay,Natural Language Processing
Sara Beery,Artificial Intelligence
Sara Beery,Computer Vision
Sara Beery,Machine Learning
Sarah Adel Bargal,Artificial Intelligence
Sarah Adel Bargal,Computer Vision
Sarah Adel Bargal,Machine Learning
Sarah Dean,Data Mining
Sarah Dean,Machine Learning
Sarah Dean,Robotics
Sarah Wiegreffe,Machine Learning
Sarah Wiegreffe,Natural Language Processing
Sarita V. Adve,Robotics
Sasha Rubin,Artificial Intelligence
Sathya N. Ravi,Artificial Intelligence
Sathya N. Ravi,Computer Vision
Sathya N. Ravi,Machine Learning
Sathya N. Ravi,Natural Language Processing
Saurabh Gupta 0001,Computer Vision
Saurabh Gupta 0001,Machine Learning
Saurabh Gupta 0001,Natural Language Processing
Saurabh Gupta 0001,Robotics
Scott Niekum,Artificial Intelligence
Scott Niekum,Machine Learning
Scott Niekum,Robotics
Scott Sanner,Artificial Intelligence
Scott Sanner,Data Mining
Scott Sanner,Machine Learning
Scott Sanner,Natural Language Processing
Scott Sanner,The Web & Information Retrieval
Se Young Chun,Artificial Intelligence
Se Young Chun,Computer Vision
Se Young Chun,Machine Learning
Se Young Chun,Robotics
Se-Young Yun,Artificial Intelligence
Se-Young Yun,Computer Vision
Se-Young Yun,Machine Learning
Se-Young Yun,Natural Language Processing
Sean Follmer,Human-Computer Interaction
Sean Follmer,Robotics
Sean Follmer,Visualization
Sean Welleck,Artificial Intelligence
Sean Welleck,Machine Learning
Sean Welleck,Natural Language Processing
Sebastian Tschiatschek,Artificial Intelligence
Sebastian Tschiatschek,Machine Learning
Sebastian U. Stich,Computer Vision
Sebastian U. Stich,Machine Learning
See-Kiong Ng,Artificial Intelligence
See-Kiong Ng,Computer Vision
See-Kiong Ng,Data Mining
See-Kiong Ng,Machine Learning
See-Kiong Ng,Natural Language Processing
See-Kiong Ng,The Web & Information Retrieval
Sehoon Ha,Computer Graphics
Sehoon Ha,Computer Vision
Sehoon Ha,Machine Learning
Sehoon Ha,Robotics
Sen Chen 0001,Software Engineering
Sen Chen 0001,The Web & Information Retrieval
Sen Lin 0001,Machine Learning
Senem Velipasalar,Artificial Intelligence
Senem Velipasalar,Computer Vision
Seon Joo Kim,Artificial Intelligence
Seon Joo Kim,Computer Vision
Seon Joo Kim,Machine Learning
Ser-Nam Lim,Artificial Intelligence
Ser-Nam Lim,Computer Graphics
Ser-Nam Lim,Computer Vision
Ser-Nam Lim,Machine Learning
Ser-Nam Lim,Natural Language Processing
Serge J. Belongie,Computer Vision
Serge J. Belongie,Human-Computer Interaction
Serge J. Belongie,Machine Learning
Serge J. Belongie,Natural Language Processing
Serge J. Belongie,The Web & Information Retrieval
Sergey Levine,Computer Graphics
Sergey Levine,Computer Vision
Sergey Levine,Machine Learning
Sergey Levine,Natural Language Processing
Sergey Levine,Robotics
Seth Hutchinson 0001,Robotics
Sethu Vijayakumar,Robotics
Seung-Hwan Baek,Computer Graphics
Seung-Hwan Baek,Computer Vision
Seung-won Hwang,Artificial Intelligence
Seung-won Hwang,Databases
Seung-won Hwang,Natural Language Processing
Seunggeun Lee,Machine Learning
Seungryong Kim,Artificial Intelligence
Seungryong Kim,Computer Vision
Seungryong Kim,Machine Learning
Seungryong Kim,Robotics
Seungryul Baek,Artificial Intelligence
Seungryul Baek,Computer Vision
Sewon Min,Machine Learning
Sewon Min,Natural Language Processing
Sewoong Oh,Computer Vision
Sewoong Oh,Machine Learning
Seyeon Kim,Artificial Intelligence
Seyeon Kim,Computer Vision
Shafiq R. Joty,Artificial Intelligence
Shafiq R. Joty,Computer Vision
Shafiq R. Joty,Data Mining
Shafiq R. Joty,Databases
Shafiq R. Joty,Machine Learning
Shafiq R. Joty,Natural Language Processing
Shafiq R. Joty,Software Engineering
Shai Avidan,Artificial Intelligence
Shai Avidan,Computer Vision
Shai Shalev-Shwartz,Machine Learning
Shai Shalev-Shwartz,Natural Language Processing
Sham M. Kakade,Machine Learning
Sham M. Kakade,Natural Language Processing
Sham M. Kakade,The Web & Information Retrieval
Shan-Yuan Teng,Human-Computer Interaction
Shangfei Wang,Artificial Intelligence
Shangfei Wang,Computer Vision
Shangfei Wang,Machine Learning
Shangguang Wang,Artificial Intelligence
Shangguang Wang,Computer Vision
Shangguang Wang,Databases
Shangguang Wang,Machine Learning
Shangguang Wang,Software Engineering
Shangguang Wang,The Web & Information Retrieval
Shanghang Zhang,Artificial Intelligence
Shanghang Zhang,Computer Vision
Shanghang Zhang,Data Mining
Shanghang Zhang,Machine Learning
Shanghang Zhang,Natural Language Processing
Shanghang Zhang,Robotics
Shangke Lyu,Robotics
Shangqian Gao,Artificial Intelligence
Shangqian Gao,Computer Vision
Shangqian Gao,Data Mining
Shangqian Gao,Machine Learning
Shangqian Gao,Natural Language Processing
Shangtong Zhang,Artificial Intelligence
Shangtong Zhang,Machine Learning
Shanshan Feng 0001,Artificial Intelligence
Shanshan Feng 0001,Computer Vision
Shanshan Feng 0001,Data Mining
Shanshan Feng 0001,Databases
Shanshan Feng 0001,Machine Learning
Shanshan Feng 0001,Natural Language Processing
Shanshan Feng 0001,The Web & Information Retrieval
Shao-Yuan Lo,Computer Vision
Shao-Yuan Lo,Machine Learning
Shao-Yuan Lo,Robotics
Shaogang Gong,Artificial Intelligence
Shaogang Gong,Computer Vision
Shaogang Gong,Machine Learning
Shaogang Gong,Natural Language Processing
Shaoping Ma,Artificial Intelligence
Shaoping Ma,Data Mining
Shaoping Ma,Human-Computer Interaction
Shaoping Ma,Natural Language Processing
Shaoping Ma,The Web & Information Retrieval
Shaoxu Song,Data Mining
Shaoxu Song,Databases
Sharan Vaswani,Machine Learning
Shay B. Cohen,Artificial Intelligence
Shay B. Cohen,Machine Learning
Shay B. Cohen,Natural Language Processing
Shay B. Cohen,The Web & Information Retrieval
Shay Moran,Machine Learning
Shazia Sadiq,Data Mining
Shazia Sadiq,Machine Learning
Shazia Sadiq,The Web & Information Retrieval
Sheng Wang 0012,Artificial Intelligence
Sheng Wang 0012,Data Mining
Sheng Wang 0012,Machine Learning
Sheng Wang 0012,Natural Language Processing
Shengcai Liao,Artificial Intelligence
Shengcai Liao,Computer Vision
Shengcai Liao,Machine Learning
Shengchuan Zhang,Artificial Intelligence
Shengchuan Zhang,Computer Graphics
Shengchuan Zhang,Computer Vision
Shengchuan Zhang,Machine Learning
Shengdong Zhao 0001,Human-Computer Interaction
Shengdong Zhao 0001,Robotics
Shengjie Wang 0001,Machine Learning
Shengping Zhang,Artificial Intelligence
Shengping Zhang,Computer Vision
Shengping Zhang,Machine Learning
Shengxin Liu,Artificial Intelligence
Shengxin Liu,Databases
Shengyu Zhang 0001,Artificial Intelligence
Shengyu Zhang 0001,Computer Vision
Shengyu Zhang 0001,Data Mining
Shengyu Zhang 0001,Natural Language Processing
Shengyu Zhang 0001,The Web & Information Retrieval
Shengyu Zhang 0002,Artificial Intelligence
Shengyu Zhang 0002,Machine Learning
Shenlong Wang,Computer Vision
Shenlong Wang,Human-Computer Interaction
Shenlong Wang,Machine Learning
Shenlong Wang,Robotics
Sherry Yang 0001,Machine Learning
Sherry Yang 0001,Natural Language Processing
Shi Feng 0005,Machine Learning
Shi Feng 0005,Natural Language Processing
Shibiao Xu,Artificial Intelligence
Shibiao Xu,Computer Vision
Shibiao Xu,Robotics
Shichao Pei,Artificial Intelligence
Shichao Pei,Data Mining
Shichao Pei,Natural Language Processing
Shichao Pei,The Web & Information Retrieval
Shie Mannor,Artificial Intelligence
Shie Mannor,Computer Graphics
Shie Mannor,Computer Vision
Shie Mannor,Machine Learning
Shie Mannor,Robotics
Shiguang Shan,Artificial Intelligence
Shiguang Shan,Computer Vision
Shiguang Shan,Machine Learning
Shiguang Shan,Natural Language Processing
Shiguang Shan,Robotics
Shih-Fu Chang,Artificial Intelligence
Shih-Fu Chang,Computer Vision
Shih-Fu Chang,Machine Learning
Shih-Fu Chang,Natural Language Processing
Shih-Fu Chang,Robotics
Shijian Lu,Artificial Intelligence
Shijian Lu,Computer Vision
Shijian Lu,Machine Learning
Shijian Lu,Natural Language Processing
Shijian Lu,Robotics
Shikui Wei,Artificial Intelligence
Shikui Wei,Computer Vision
Shimon Whiteson,Artificial Intelligence
Shimon Whiteson,Machine Learning
Shimon Whiteson,Robotics
Shimon Whiteson,The Web & Information Retrieval
Shinjiro Sueda,Computer Graphics
Shinjiro Sueda,Machine Learning
Shinjiro Sueda,Robotics
Shiqi Wang 0001,Artificial Intelligence
Shiqi Wang 0001,Computer Vision
Shiqi Wang 0001,Machine Learning
Shiqi Zhang 0001,Artificial Intelligence
Shiqi Zhang 0001,Computer Vision
Shiqi Zhang 0001,Robotics
Shiqing Ma,Artificial Intelligence
Shiqing Ma,Computer Vision
Shiqing Ma,Machine Learning
Shiqing Ma,Natural Language Processing
Shiqing Ma,Software Engineering
Shirui Pan,Artificial Intelligence
Shirui Pan,Computer Vision
Shirui Pan,Data Mining
Shirui Pan,Machine Learning
Shirui Pan,Natural Language Processing
Shirui Pan,The Web & Information Retrieval
Shiry Ginosar,Computer Vision
Shishir Kolathaya,Computer Vision
Shishir Kolathaya,Machine Learning
Shishir Kolathaya,Robotics
Shixuan Sun,Databases
Shiyu Chang,Artificial Intelligence
Shiyu Chang,Computer Vision
Shiyu Chang,Data Mining
Shiyu Chang,Machine Learning
Shiyu Chang,Natural Language Processing
Shiyu Chang,The Web & Information Retrieval
Shoaib Jameel,Artificial Intelligence
Shoaib Jameel,Natural Language Processing
Shoaib Jameel,The Web & Information Retrieval
Shohei Nobuhara,Computer Vision
Shohreh Kasaei,Machine Learning
Shouling Ji,Artificial Intelligence
Shouling Ji,Computer Vision
Shouling Ji,Data Mining
Shouling Ji,Databases
Shouling Ji,Machine Learning
Shouling Ji,Natural Language Processing
Shouling Ji,Software Engineering
Shouling Ji,The Web & Information Retrieval
Shouling Ji,Visualization
Shrisha Rao 0001,Artificial Intelligence
Shrisha Rao 0001,Robotics
Shrisha Rao 0001,The Web & Information Retrieval
Shu Kong,Computer Vision
Shu Kong,Machine Learning
Shu Kong,Natural Language Processing
Shuai Ma 0001,Artificial Intelligence
Shuai Ma 0001,Computer Vision
Shuai Ma 0001,Databases
Shuai Ma 0001,Machine Learning
Shuai Ma 0001,Natural Language Processing
Shuai Ma 0001,The Web & Information Retrieval
Shuai Wang 0011,Artificial Intelligence
Shuai Wang 0011,Computer Vision
Shuai Wang 0011,Data Mining
Shuai Wang 0011,Databases
Shuai Wang 0011,Machine Learning
Shuai Wang 0011,Natural Language Processing
Shuai Wang 0011,Software Engineering
Shuai Yang 0001,Artificial Intelligence
Shuai Yang 0001,Computer Graphics
Shuai Yang 0001,Computer Vision
Shuai Yang 0001,Machine Learning
Shuang Wang 0001,Artificial Intelligence
Shuang Wang 0001,Computer Vision
Shuang Wang 0001,Machine Learning
Shuang Zhao,Artificial Intelligence
Shuang Zhao,Computer Graphics
Shuang Zhao,Computer Vision
Shuang Zhao,Machine Learning
Shuang Zhao,Natural Language Processing
Shuang Zhao,Robotics
Shubham Tulsiani,Computer Vision
Shubham Tulsiani,Machine Learning
Shubham Tulsiani,Robotics
Shuguang Cui,Artificial Intelligence
Shuguang Cui,Computer Graphics
Shuguang Cui,Computer Vision
Shuguang Cui,Machine Learning
Shuguang Cui,Natural Language Processing
Shuguang Cui,Robotics
Shuhang Gu,Computer Vision
Shuhang Gu,Machine Learning
Shuhui Wang,Artificial Intelligence
Shuhui Wang,Computer Vision
Shuhui Wang,Databases
Shuhui Wang,Machine Learning
Shuibing He,Databases
Shuicheng Yan,Artificial Intelligence
Shuicheng Yan,Computer Graphics
Shuicheng Yan,Computer Vision
Shuicheng Yan,Machine Learning
Shuicheng Yan,Natural Language Processing
Shuigeng Zhou,Artificial Intelligence
Shuigeng Zhou,Computer Vision
Shuigeng Zhou,Data Mining
Shuigeng Zhou,Databases
Shuigeng Zhou,Machine Learning
Shuigeng Zhou,Natural Language Processing
Shuigeng Zhou,Software Engineering
Shuigeng Zhou,The Web & Information Retrieval
Shuiwang Ji,Artificial Intelligence
Shuiwang Ji,Data Mining
Shuiwang Ji,Machine Learning
Shuiwang Ji,Natural Language Processing
Shuiwang Ji,The Web & Information Retrieval
Shujian Huang,Artificial Intelligence
Shujian Huang,Data Mining
Shujian Huang,Machine Learning
Shujian Huang,Natural Language Processing
Shujian Huang,The Web & Information Retrieval
Shuo Chen 0003,Artificial Intelligence
Shuo Chen 0003,Computer Vision
Shuo Chen 0003,Databases
Shuo Chen 0003,Machine Learning
Shuo Shang,Artificial Intelligence
Shuo Shang,Data Mining
Shuo Shang,Databases
Shuo Shang,Machine Learning
Shuo Shang,Natural Language Processing
Shuo Shang,The Web & Information Retrieval
Shuqiang Jiang,Artificial Intelligence
Shuqiang Jiang,Computer Vision
Shuqiang Jiang,Machine Learning
Shuqiang Jiang,Robotics
Shuran Song,Artificial Intelligence
Shuran Song,Computer Vision
Shuran Song,Machine Learning
Shuran Song,Robotics
Shuran Zheng,Machine Learning
Shuran Zheng,The Web & Information Retrieval
Shuting He,Artificial Intelligence
Shuting He,Computer Vision
Shuting He,Machine Learning
Shuting He,The Web & Information Retrieval
Shuyan Zhou,Machine Learning
Shuyan Zhou,Natural Language Processing
Shweta Yadav 0001,Natural Language Processing
Shweta Yadav 0001,The Web & Information Retrieval
Shwetak N. Patel,Human-Computer Interaction
Shwetak N. Patel,Machine Learning
Shwetak N. Patel,Natural Language Processing
Shwetak N. Patel,The Web & Information Retrieval
Si Li 0001,Artificial Intelligence
Si Li 0001,Computer Vision
Si Li 0001,Machine Learning
Si Li 0001,Natural Language Processing
Si Liu 0001,Artificial Intelligence
Si Liu 0001,Computer Vision
Si Liu 0001,Machine Learning
Si Liu 0001,Natural Language Processing
Si Liu 0001,Robotics
Siamak Ravanbakhsh,Artificial Intelligence
Siamak Ravanbakhsh,Machine Learning
Sibei Yang,Artificial Intelligence
Sibei Yang,Computer Graphics
Sibei Yang,Computer Vision
Sibei Yang,Machine Learning
Sibo Wang 0001,Artificial Intelligence
Sibo Wang 0001,Data Mining
Sibo Wang 0001,Databases
Sibo Wang 0001,The Web & Information Retrieval
Sicun Gao,Artificial Intelligence
Sicun Gao,Machine Learning
Sicun Gao,Robotics
Siddhartha Banerjee,Artificial Intelligence
Siddhartha Banerjee,Data Mining
Siddhartha Banerjee,Machine Learning
Siddhartha Banerjee,Natural Language Processing
Siddhartha Banerjee,The Web & Information Retrieval
Sidharth Kumar,Artificial Intelligence
Sidharth Kumar,Databases
Sijia Liu 0001,Artificial Intelligence
Sijia Liu 0001,Computer Vision
Sijia Liu 0001,Machine Learning
Sijia Liu 0001,Natural Language Processing
Siliang Tang,Artificial Intelligence
Siliang Tang,Computer Vision
Siliang Tang,Data Mining
Siliang Tang,Machine Learning
Siliang Tang,Natural Language Processing
Siliang Tang,The Web & Information Retrieval
Simon Hadfield,Computer Vision
Simon Hadfield,Machine Learning
Simon Hadfield,Robotics
Simon Lacoste-Julien,Computer Vision
Simon Lacoste-Julien,Machine Learning
Simon Lucey,Artificial Intelligence
Simon Lucey,Computer Vision
Simon Lucey,Machine Learning
Simon Lucey,Robotics
Simon Razniewski,Artificial Intelligence
Simon Razniewski,Databases
Simon Razniewski,Natural Language Processing
Simon Razniewski,Robotics
Simon Razniewski,The Web & Information Retrieval
Simon S. Du,Artificial Intelligence
Simon S. Du,Computer Vision
Simon S. Du,Machine Learning
Simon S. Du,Natural Language Processing
Simon Stepputtis,Computer Vision
Simon Stepputtis,Machine Learning
Simon Stepputtis,Natural Language Processing
Simon Stepputtis,Robotics
Simone Calderara,Computer Vision
Simone Calderara,Human-Computer Interaction
Simone Calderara,Machine Learning
Simone Paolo Ponzetto,Artificial Intelligence
Simone Paolo Ponzetto,Machine Learning
Simone Paolo Ponzetto,Natural Language Processing
Simone Stumpf,Computer Vision
Simone Teufel,Natural Language Processing
Sinisa Todorovic,Computer Vision
Sinno Jialin Pan,Artificial Intelligence
Sinno Jialin Pan,Computer Vision
Sinno Jialin Pan,Data Mining
Sinno Jialin Pan,Human-Computer Interaction
Sinno Jialin Pan,Machine Learning
Sinno Jialin Pan,Natural Language Processing
Sinno Jialin Pan,Robotics
Sinno Jialin Pan,The Web & Information Retrieval
Siqi Shen,Artificial Intelligence
Siqi Shen,Computer Vision
Siqi Shen,Databases
Siqi Shen,Machine Learning
Siqi Shen,Natural Language Processing
Siqiang Luo,Artificial Intelligence
Siqiang Luo,Data Mining
Siqiang Luo,Databases
Siqiang Luo,Machine Learning
Siqiang Luo,The Web & Information Retrieval
Sitan Chen,Machine Learning
Siu-Ming Yiu,Artificial Intelligence
Siu-Ming Yiu,Machine Learning
Siu-Ming Yiu,Natural Language Processing
Siu-Ming Yiu,The Web & Information Retrieval
Siva Reddy,Machine Learning
Siva Reddy,Natural Language Processing
Sivaraman Balakrishnan,Machine Learning
Siwei Lyu,Artificial Intelligence
Siwei Lyu,Computer Vision
Siwei Lyu,Machine Learning
Siwei Lyu,Robotics
Siyu Tang 0001,Computer Graphics
Siyu Tang 0001,Computer Vision
Siyu Tang 0001,Machine Learning
Siyu Tang 0001,Robotics
Snigdha Chaturvedi,Artificial Intelligence
Snigdha Chaturvedi,Machine Learning
Snigdha Chaturvedi,Natural Language Processing
Soheil Feizi,Artificial Intelligence
Soheil Feizi,Computer Vision
Soheil Feizi,Machine Learning
Soheil Feizi,Natural Language Processing
Soledad Villar,Machine Learning
Somak Aditya,Artificial Intelligence
Somak Aditya,Natural Language Processing
Somesh Jha,Databases
Somesh Jha,Machine Learning
Somesh Jha,Natural Language Processing
Somesh Jha,Software Engineering
Song Chong,Machine Learning
Song Gao 0001,Machine Learning
Song Gao 0001,Natural Language Processing
Song Guo 0001,Artificial Intelligence
Song Guo 0001,Computer Vision
Song Guo 0001,Data Mining
Song Guo 0001,Databases
Song Guo 0001,Human-Computer Interaction
Song Guo 0001,Machine Learning
Song Guo 0001,The Web & Information Retrieval
Song Han 0003,Computer Vision
Song Han 0003,Machine Learning
Song Han 0003,Natural Language Processing
Song Han 0003,Robotics
Song Wang 0002,Artificial Intelligence
Song Wang 0002,Computer Vision
Song Wang 0013,Artificial Intelligence
Song Wang 0013,Data Mining
Song Wang 0013,Machine Learning
Song Wang 0013,Natural Language Processing
Song-Chun Zhu,Artificial Intelligence
Song-Chun Zhu,Computer Graphics
Song-Chun Zhu,Computer Vision
Song-Chun Zhu,Machine Learning
Song-Chun Zhu,Natural Language Processing
Song-Chun Zhu,Robotics
Songhwai Oh,Artificial Intelligence
Songhwai Oh,Computer Vision
Songhwai Oh,Machine Learning
Songhwai Oh,Robotics
Songze Li,Computer Vision
Songze Li,Machine Learning
Songze Li,Natural Language Processing
Sonia Chernova,Artificial Intelligence
Sonia Chernova,Human-Computer Interaction
Sonia Chernova,Machine Learning
Sonia Chernova,Robotics
Soon-Jo Chung,Computer Vision
Soon-Jo Chung,Machine Learning
Soon-Jo Chung,Robotics
SouYoung Jin,Computer Vision
SouYoung Jin,Machine Learning
SouYoung Jin,Natural Language Processing
Soujanya Poria,Artificial Intelligence
Soujanya Poria,Computer Vision
Soujanya Poria,Natural Language Processing
Soujanya Poria,The Web & Information Retrieval
Soumajit Pramanik,Natural Language Processing
Soumajit Pramanik,The Web & Information Retrieval
Soumen Chakrabarti,Artificial Intelligence
Soumen Chakrabarti,Data Mining
Soumen Chakrabarti,Machine Learning
Soumen Chakrabarti,Natural Language Processing
Soumen Chakrabarti,The Web & Information Retrieval
Sourav S. Bhowmick,Artificial Intelligence
Sourav S. Bhowmick,Databases
Sourav S. Bhowmick,Natural Language Processing
Sourav S. Bhowmick,The Web & Information Retrieval
Spencer Frei,Machine Learning
Srijan Das,Artificial Intelligence
Srijan Das,Computer Vision
Srijan Das,Machine Learning
Srinath Sridhar 0002,Computer Graphics
Srinath Sridhar 0002,Computer Vision
Srinath Sridhar 0002,Machine Learning
Srinath Sridhar 0002,Robotics
Srinivasa G. Narasimhan,Computer Graphics
Srinivasa G. Narasimhan,Computer Vision
Srinivasa G. Narasimhan,Robotics
Sriparna Saha 0001,Artificial Intelligence
Sriparna Saha 0001,Natural Language Processing
Sriparna Saha 0001,The Web & Information Retrieval
Sriram Subramanian,Computer Graphics
Sriram Subramanian,Data Mining
Sriram Subramanian,Databases
Sriram Subramanian,Human-Computer Interaction
Sriram Subramanian,Robotics
Stan Sclaroff,Artificial Intelligence
Stan Sclaroff,Computer Vision
Stan Sclaroff,Machine Learning
Stan Z. Li,Artificial Intelligence
Stan Z. Li,Computer Vision
Stan Z. Li,Machine Learning
Stan Z. Li,Natural Language Processing
Stan Z. Li,The Web & Information Retrieval
Stefan Bauer,Artificial Intelligence
Stefan Bauer,Machine Learning
Stefan Bauer,Robotics
Stefan Feuerriegel,Artificial Intelligence
Stefan Feuerriegel,Data Mining
Stefan Feuerriegel,Machine Learning
Stefan Feuerriegel,Natural Language Processing
Stefan Feuerriegel,The Web & Information Retrieval
Stefan Leutenegger,Computer Graphics
Stefan Leutenegger,Computer Vision
Stefan Leutenegger,Robotics
Stefan Roth 0001,Artificial Intelligence
Stefan Roth 0001,Computer Vision
Stefan Roth 0001,Machine Learning
Stefan Roth 0001,Natural Language Processing
Stefan Roth 0001,Robotics
Stefanie Jegelka,Artificial Intelligence
Stefanie Jegelka,Computer Vision
Stefanie Jegelka,Machine Learning
Stefanie Jegelka,Natural Language Processing
Stefanie Jegelka,Robotics
Stefanie Mueller 0001,Human-Computer Interaction
Stefanie Mueller 0001,Robotics
Stefanie Tellex,Artificial Intelligence
Stefanie Tellex,Computer Vision
Stefanie Tellex,Machine Learning
Stefanie Tellex,Robotics
Stefano Ermon,Artificial Intelligence
Stefano Ermon,Computer Vision
Stefano Ermon,Data Mining
Stefano Ermon,Machine Learning
Stefano V. Albrecht,Artificial Intelligence
Stefano V. Albrecht,Machine Learning
Stefano V. Albrecht,Robotics
Stefanos Nikolaidis,Artificial Intelligence
Stefanos Nikolaidis,Machine Learning
Stefanos Nikolaidis,Robotics
Stefanos Zafeiriou,Artificial Intelligence
Stefanos Zafeiriou,Computer Vision
Stefanos Zafeiriou,Machine Learning
Stefanos Zafeiriou,The Web & Information Retrieval
Stelian Coros,Computer Graphics
Stelian Coros,Computer Vision
Stelian Coros,Human-Computer Interaction
Stelian Coros,Machine Learning
Stelian Coros,Robotics
Stephan Günnemann,Artificial Intelligence
Stephan Günnemann,Computer Vision
Stephan Günnemann,Data Mining
Stephan Günnemann,Databases
Stephan Günnemann,Machine Learning
Stephan Günnemann,Robotics
Stephan Günnemann,The Web & Information Retrieval
Stephan Mandt,Artificial Intelligence
Stephan Mandt,Computer Vision
Stephan Mandt,Machine Learning
Stephan Mandt,Natural Language Processing
Stephan Mandt,Robotics
Stephanie Milani,Artificial Intelligence
Stephanie Milani,Machine Learning
Stephanie Milani,Natural Language Processing
Stephanie Wang,Computer Graphics
Stephanie Wang,Computer Vision
Stephanie Wang,Databases
Stephanie Wang,Human-Computer Interaction
Stephanie Wang,Machine Learning
Stephanie Wang,Natural Language Processing
Stephen Bates,Machine Learning
Stephen Bates,Natural Language Processing
Stephen Chong,Human-Computer Interaction
Stephen Gould,Computer Graphics
Stephen Gould,Computer Vision
Stephen Gould,Machine Learning
Stephen Gould,Natural Language Processing
Stephen Gould,Robotics
Stephen H. Bach,Artificial Intelligence
Stephen H. Bach,Data Mining
Stephen H. Bach,Databases
Stephen H. Bach,Machine Learning
Stephen H. Bach,Natural Language Processing
Stephen J. Wright 0001,Artificial Intelligence
Stephen J. Wright 0001,Data Mining
Stephen J. Wright 0001,Machine Learning
Stephen Mussmann,Artificial Intelligence
Stephen Mussmann,Databases
Stephen Mussmann,Machine Learning
Stephen Mussmann,Natural Language Processing
Steve B. Furber,Computer Vision
Steve B. Furber,Robotics
Steve Hanneke,Machine Learning
Steve Marschner,Computer Graphics
Steve Marschner,Computer Vision
Steve Oney,Human-Computer Interaction
Steven C. H. Hoi,Artificial Intelligence
Steven C. H. Hoi,Computer Vision
Steven C. H. Hoi,Data Mining
Steven C. H. Hoi,Machine Learning
Steven C. H. Hoi,Natural Language Processing
Steven C. H. Hoi,Software Engineering
Steven C. H. Hoi,The Web & Information Retrieval
Steven D. Morad,Machine Learning
Steven D. Morad,Robotics
Steven M. Seitz,Computer Graphics
Steven M. Seitz,Computer Vision
Steven M. Seitz,Human-Computer Interaction
Steven M. Seitz,Machine Learning
Steven Schockaert,Artificial Intelligence
Steven Schockaert,Natural Language Processing
Steven Schockaert,The Web & Information Retrieval
Stratis Skoulakis,Artificial Intelligence
Stratis Skoulakis,Machine Learning
Stratos Idreos,Databases
Stuart Russell 0001,Artificial Intelligence
Stuart Russell 0001,Computer Vision
Stuart Russell 0001,Machine Learning
Stuart Russell 0001,Natural Language Processing
Stuart Russell 0001,Robotics
Stéphane Mallat,Computer Vision
Stéphane Mallat,Machine Learning
Su-In Lee,Artificial Intelligence
Su-In Lee,Machine Learning
Subramanian Ramamoorthy,Artificial Intelligence
Subramanian Ramamoorthy,Machine Learning
Subramanian Ramamoorthy,Robotics
Suha Kwak,Artificial Intelligence
Suha Kwak,Computer Vision
Suha Kwak,Machine Learning
Suha Kwak,Natural Language Processing
Suha Kwak,Robotics
Suhang Wang,Artificial Intelligence
Suhang Wang,Computer Vision
Suhang Wang,Data Mining
Suhang Wang,Machine Learning
Suhang Wang,Natural Language Processing
Suhang Wang,The Web & Information Retrieval
Sujay Sanghavi,Machine Learning
Sujay Sanghavi,Natural Language Processing
Sujian Li,Artificial Intelligence
Sujian Li,Computer Vision
Sujian Li,Machine Learning
Sujian Li,Natural Language Processing
Sujian Li,The Web & Information Retrieval
Sujoy Sikdar,Artificial Intelligence
Sukyoung Ryu,Software Engineering
Sumit Chopra,Artificial Intelligence
Sumit Chopra,Machine Learning
Sumit Chopra,Natural Language Processing
Sung Ju Hwang,Artificial Intelligence
Sung Ju Hwang,Computer Vision
Sung Ju Hwang,Human-Computer Interaction
Sung Ju Hwang,Machine Learning
Sung Ju Hwang,Natural Language Processing
Sung Ju Hwang,Robotics
Sung-Eui Yoon,Computer Graphics
Sung-Eui Yoon,Computer Vision
Sung-Eui Yoon,Machine Learning
Sung-Eui Yoon,Robotics
Sung-Hoon Yoon 0001,Computer Vision
Sung-Ju Lee,Computer Vision
Sung-Ju Lee,Human-Computer Interaction
Sung-Ju Lee,Machine Learning
Sung-Ju Lee,Natural Language Processing
Sung-Ju Lee,Software Engineering
Sungbin Lim,Artificial Intelligence
Sungbin Lim,Computer Vision
Sungbin Lim,Machine Learning
Sungbin Lim,Robotics
Sunghoon Im 0001,Artificial Intelligence
Sunghoon Im 0001,Computer Vision
Sunghoon Im 0001,Machine Learning
Sunghoon Im 0001,Robotics
Sunghun Kim 0001,Artificial Intelligence
Sunghun Kim 0001,Computer Vision
Sunghun Kim 0001,Machine Learning
Sunghun Kim 0001,Natural Language Processing
Sunghun Kim 0001,Software Engineering
Sunghun Kim 0001,The Web & Information Retrieval
Sunghyun Cho,Computer Graphics
Sunghyun Cho,Computer Vision
Sungjin Ahn,Artificial Intelligence
Sungjin Ahn,Computer Vision
Sungjin Ahn,Data Mining
Sungjin Ahn,Machine Learning
Sungjin Ahn,Natural Language Processing
Sungjoon Choi,Artificial Intelligence
Sungjoon Choi,Computer Vision
Sungjoon Choi,Machine Learning
Sungjoon Choi,Robotics
Sungroh Yoon,Artificial Intelligence
Sungroh Yoon,Computer Vision
Sungroh Yoon,Machine Learning
Sungroh Yoon,Natural Language Processing
Sungsoo Ahn,Artificial Intelligence
Sungsoo Ahn,Computer Vision
Sungsoo Ahn,Machine Learning
Sungsoo Ahn,Natural Language Processing
Sungwoo Park,Computer Vision
Sungwoo Park,Databases
Sungwoo Park,Machine Learning
Sungwoo Park,Robotics
Sunita Sarawagi,Artificial Intelligence
Sunita Sarawagi,Data Mining
Sunita Sarawagi,Databases
Sunita Sarawagi,Machine Learning
Sunita Sarawagi,Natural Language Processing
Sunita Sarawagi,The Web & Information Retrieval
Supasorn Suwajanakorn,Computer Graphics
Supasorn Suwajanakorn,Computer Vision
Supasorn Suwajanakorn,Machine Learning
Surbhi Goel,Machine Learning
Sushant Sachdeva,Machine Learning
Sutanu Gayen,Artificial Intelligence
Sutanu Gayen,Machine Learning
Suzan Verberne,Natural Language Processing
Suzan Verberne,The Web & Information Retrieval
Sven Behnke,Computer Vision
Sven Behnke,Machine Learning
Sven Behnke,Natural Language Processing
Sven Behnke,Robotics
Sven J. Dickinson,Computer Vision
Sven J. Dickinson,Robotics
Sven Seuken,Artificial Intelligence
Sven Seuken,Machine Learning
Sven Seuken,The Web & Information Retrieval
Swarat Chaudhuri,Computer Vision
Swarat Chaudhuri,Databases
Swarat Chaudhuri,Machine Learning
Swarat Chaudhuri,Natural Language Processing
Swarat Chaudhuri,Robotics
Swarat Chaudhuri,Software Engineering
Swarat Chaudhuri,The Web & Information Retrieval
Søren Hauberg,Computer Vision
Søren Hauberg,Machine Learning
Søren Hauberg,Robotics
Tae-Hyun Oh,Artificial Intelligence
Tae-Hyun Oh,Computer Graphics
Tae-Hyun Oh,Computer Vision
Tae-Hyun Oh,Machine Learning
Tae-Hyun Oh,Natural Language Processing
Tae-Hyun Oh,Robotics
Tae-Kyun Kim 0001,Artificial Intelligence
Tae-Kyun Kim 0001,Computer Vision
Tae-Kyun Kim 0001,Human-Computer Interaction
Tae-Kyun Kim 0001,Machine Learning
Tae-Kyun Kim 0001,Robotics
Taehyun Hwang,Artificial Intelligence
Taehyun Hwang,Machine Learning
Taesik Gong,Computer Vision
Taesik Gong,Human-Computer Interaction
Taesik Gong,Machine Learning
Taesik Gong,Natural Language Processing
Taesup Moon,Artificial Intelligence
Taesup Moon,Computer Vision
Taesup Moon,Machine Learning
Taesup Moon,Natural Language Processing
Tai-Jiang Mu,Artificial Intelligence
Tai-Jiang Mu,Computer Graphics
Tai-Jiang Mu,Computer Vision
Tai-Jiang Mu,Machine Learning
Tai-Jiang Mu,Robotics
Taiji Suzuki,Artificial Intelligence
Taiji Suzuki,Machine Learning
Taisong Jin,Artificial Intelligence
Taisong Jin,Computer Vision
Takanori Fujiwara,Human-Computer Interaction
Takanori Fujiwara,Visualization
Takeo Igarashi,Computer Graphics
Takeo Igarashi,Computer Vision
Takeo Igarashi,Human-Computer Interaction
Taku Komura,Computer Graphics
Taku Komura,Computer Vision
Taku Komura,Machine Learning
Taku Komura,Natural Language Processing
Tal August,Human-Computer Interaction
Tal August,Natural Language Processing
Tal Linzen,Natural Language Processing
Tamara Broderick,Machine Learning
Tamim Asfour,Machine Learning
Tamim Asfour,Natural Language Processing
Tamim Asfour,Robotics
Tamir Hazan,Artificial Intelligence
Tamir Hazan,Computer Vision
Tamir Hazan,Machine Learning
Tanja Käser,Artificial Intelligence
Tanja Käser,Machine Learning
Tanja Käser,Natural Language Processing
Tanja Käser,The Web & Information Retrieval
Tanmoy Chakraborty 0002,Artificial Intelligence
Tanmoy Chakraborty 0002,Data Mining
Tanmoy Chakraborty 0002,Machine Learning
Tanmoy Chakraborty 0002,Natural Language Processing
Tanmoy Chakraborty 0002,The Web & Information Retrieval
Tanushree Mitra,Natural Language Processing
Tanya Goyal,Natural Language Processing
Tanya Y. Berger-Wolf,Artificial Intelligence
Tanya Y. Berger-Wolf,Computer Vision
Tanya Y. Berger-Wolf,Data Mining
Tanya Y. Berger-Wolf,Machine Learning
Tao Dai 0001,Artificial Intelligence
Tao Dai 0001,Computer Vision
Tao Dai 0001,Machine Learning
Tao Dai 0001,Robotics
Tao Du 0001,Computer Graphics
Tao Du 0001,Machine Learning
Tao Du 0001,Robotics
Tao Gui,Artificial Intelligence
Tao Gui,Computer Vision
Tao Gui,Machine Learning
Tao Gui,Natural Language Processing
Tao Gui,The Web & Information Retrieval
Tao Huang 0020,Artificial Intelligence
Tao Huang 0020,Computer Vision
Tao Huang 0020,Machine Learning
Tao Lin 0004,Artificial Intelligence
Tao Lin 0004,Computer Vision
Tao Lin 0004,Databases
Tao Lin 0004,Human-Computer Interaction
Tao Lin 0004,Machine Learning
Tao Lin 0004,Natural Language Processing
Tao Xiang 0002,Artificial Intelligence
Tao Xiang 0002,Computer Graphics
Tao Xiang 0002,Computer Vision
Tao Xiang 0002,Machine Learning
Tao Xiang 0002,Natural Language Processing
Tao Yu 0009,Machine Learning
Tao Yu 0009,Natural Language Processing
Tao Yu 0009,The Web & Information Retrieval
Tao Zhang,Artificial Intelligence
Tao Zhang,Computer Vision
Tao Zhang,Machine Learning
Tao Zhang,Natural Language Processing
Tao Zhang,Robotics
Tapomayukh Bhattacharjee,Robotics
Tarek F. Abdelzaher,Databases
Tarek F. Abdelzaher,Human-Computer Interaction
Tarek F. Abdelzaher,Machine Learning
Tarek F. Abdelzaher,Natural Language Processing
Tarek F. Abdelzaher,The Web & Information Retrieval
Taskin Padir,Computer Vision
Taskin Padir,Robotics
Tat-Seng Chua,Artificial Intelligence
Tat-Seng Chua,Computer Vision
Tat-Seng Chua,Data Mining
Tat-Seng Chua,Machine Learning
Tat-Seng Chua,Natural Language Processing
Tat-Seng Chua,Robotics
Tat-Seng Chua,The Web & Information Retrieval
Tatjana Chavdarova,Computer Vision
Tatjana Chavdarova,Machine Learning
Tatsuki Kuribayashi,Human-Computer Interaction
Tatsuki Kuribayashi,Machine Learning
Tatsuki Kuribayashi,Natural Language Processing
Tatsunori B. Hashimoto,Databases
Tatsunori B. Hashimoto,Machine Learning
Tatsunori B. Hashimoto,Natural Language Processing
Tatsuya Harada,Artificial Intelligence
Tatsuya Harada,Computer Graphics
Tatsuya Harada,Computer Vision
Tatsuya Harada,Data Mining
Tatsuya Harada,Machine Learning
Tatsuya Harada,Robotics
Taylor Berg-Kirkpatrick,Artificial Intelligence
Taylor Berg-Kirkpatrick,Data Mining
Taylor Berg-Kirkpatrick,Machine Learning
Taylor Berg-Kirkpatrick,Natural Language Processing
Taylor Berg-Kirkpatrick,The Web & Information Retrieval
Te-Yen Wu,Human-Computer Interaction
Ted Briscoe,Natural Language Processing
Tei-Wei Kuo,Artificial Intelligence
Tei-Wei Kuo,Databases
Tei-Wei Kuo,Machine Learning
Tei-Wei Kuo,The Web & Information Retrieval
Tejas Gokhale,Artificial Intelligence
Tejas Gokhale,Computer Vision
Tejas Gokhale,Machine Learning
Tejas Gokhale,Natural Language Processing
Teng Han,Human-Computer Interaction
Tengyang Xie,Machine Learning
Tengyu Ma 0001,Artificial Intelligence
Tengyu Ma 0001,Computer Vision
Tengyu Ma 0001,Machine Learning
Tengyu Ma 0001,Natural Language Processing
Terra Blevins,Natural Language Processing
Terrence J. Sejnowski,Machine Learning
Teseo Schneider,Computer Graphics
Teseo Schneider,Computer Vision
Teseo Schneider,Robotics
Tetsuya Sakai,Computer Vision
Tetsuya Sakai,Natural Language Processing
Tetsuya Sakai,The Web & Information Retrieval
Thamar Solorio,Artificial Intelligence
Thamar Solorio,Computer Vision
Thamar Solorio,Machine Learning
Thamar Solorio,Natural Language Processing
Thanh Nguyen-Tang,Artificial Intelligence
Thanh Nguyen-Tang,Computer Vision
Thanh Nguyen-Tang,Machine Learning
Thanh Nguyen-Tang,Natural Language Processing
Thanh Tam Nguyen,Artificial Intelligence
Thanh Tam Nguyen,Databases
Thanh Trung Huynh,Natural Language Processing
Theo Gevers,Artificial Intelligence
Theo Gevers,Computer Vision
Theo Gevers,Machine Learning
Thien Huu Nguyen,Artificial Intelligence
Thien Huu Nguyen,Computer Vision
Thien Huu Nguyen,Natural Language Processing
Thien Huu Nguyen,The Web & Information Retrieval
Thierry Peynot,Robotics
Thivya Kandappu,Human-Computer Interaction
Thivya Kandappu,Machine Learning
Thomas B. Schön,Computer Vision
Thomas B. Schön,Machine Learning
Thomas Brox,Artificial Intelligence
Thomas Brox,Computer Vision
Thomas Brox,Machine Learning
Thomas Brox,Robotics
Thomas Bäck,Computer Vision
Thomas Hartvigsen,Artificial Intelligence
Thomas Hartvigsen,Data Mining
Thomas Hartvigsen,Machine Learning
Thomas Hartvigsen,Natural Language Processing
Thomas Hofmann 0001,Artificial Intelligence
Thomas Hofmann 0001,Computer Vision
Thomas Hofmann 0001,Machine Learning
Thomas Hofmann 0001,Natural Language Processing
Thomas Hofmann 0001,The Web & Information Retrieval
Thomas L. Griffiths 0001,Artificial Intelligence
Thomas L. Griffiths 0001,Computer Vision
Thomas L. Griffiths 0001,Machine Learning
Thomas L. Griffiths 0001,Natural Language Processing
Thomas Lukasiewicz,Artificial Intelligence
Thomas Lukasiewicz,Computer Vision
Thomas Lukasiewicz,Machine Learning
Thomas Lukasiewicz,Natural Language Processing
Thomas Neumann 0001,Databases
Thomas Serre,Computer Vision
Thomas Serre,Machine Learning
Thorsten Joachims,Data Mining
Thorsten Joachims,Machine Learning
Thorsten Joachims,Natural Language Processing
Thorsten Joachims,The Web & Information Retrieval
Thuc Duy Le,Artificial Intelligence
Thuc Duy Le,Data Mining
Tian Li 0005,Databases
Tian Li 0005,Machine Learning
Tianbao Yang,Artificial Intelligence
Tianbao Yang,Computer Vision
Tianbao Yang,Data Mining
Tianbao Yang,Machine Learning
Tianfei Zhou,Artificial Intelligence
Tianfei Zhou,Computer Vision
Tianfei Zhou,Databases
Tianfei Zhou,Machine Learning
Tianhong Dai,Computer Vision
Tianhong Dai,Machine Learning
Tianhong Dai,Robotics
Tianlong Chen 0001,Artificial Intelligence
Tianlong Chen 0001,Computer Vision
Tianlong Chen 0001,Machine Learning
Tianlong Chen 0001,Natural Language Processing
Tianmin Shu,Artificial Intelligence
Tianmin Shu,Computer Vision
Tianmin Shu,Machine Learning
Tianmin Shu,Natural Language Processing
Tianmin Shu,Robotics
Tianren Luo,Human-Computer Interaction
Tianwei Zhang 0004,Artificial Intelligence
Tianwei Zhang 0004,Computer Vision
Tianwei Zhang 0004,Data Mining
Tianwei Zhang 0004,Machine Learning
Tianwei Zhang 0004,Natural Language Processing
Tianwei Zhang 0004,Robotics
Tianwei Zhang 0004,Software Engineering
Tianwei Zhang 0004,The Web & Information Retrieval
Tianxing He,Machine Learning
Tianxing He,Natural Language Processing
Tianxing He,The Web & Information Retrieval
Tianyi Zhou 0001,Artificial Intelligence
Tianyi Zhou 0001,Computer Vision
Tianyi Zhou 0001,Data Mining
Tianyi Zhou 0001,Machine Learning
Tianyi Zhou 0001,Natural Language Processing
Tianyi Zhou 0001,Robotics
Tianyi Zhou 0001,The Web & Information Retrieval
Tianyu Li 0001,Databases
Tianzhu Zhang 0001,Artificial Intelligence
Tianzhu Zhang 0001,Computer Vision
Tianzhu Zhang 0001,Machine Learning
Tiejun Huang 0001,Artificial Intelligence
Tiejun Huang 0001,Computer Vision
Tiejun Huang 0001,Machine Learning
Tiejun Huang 0001,Robotics
Tiejun Huang 0001,The Web & Information Retrieval
Tiejun Zhao,Artificial Intelligence
Tiejun Zhao,Computer Vision
Tiejun Zhao,Natural Language Processing
Tien Tuan Anh Dinh,Databases
Tien-Tsin Wong,Artificial Intelligence
Tien-Tsin Wong,Computer Graphics
Tien-Tsin Wong,Computer Vision
Tieniu Tan,Artificial Intelligence
Tieniu Tan,Computer Vision
Tieniu Tan,Machine Learning
Tieniu Tan,Natural Language Processing
Tieyun Qian,Artificial Intelligence
Tieyun Qian,Databases
Tieyun Qian,Natural Language Processing
Tieyun Qian,The Web & Information Retrieval
Tim Althoff,Data Mining
Tim Althoff,Human-Computer Interaction
Tim Althoff,Machine Learning
Tim Althoff,Natural Language Processing
Tim Althoff,The Web & Information Retrieval
Tim Althoff,Visualization
Tim Kraska,Data Mining
Tim Kraska,Databases
Tim Kraska,Machine Learning
Tim Weyrich,Computer Graphics
Tim Weyrich,Computer Vision
Tim Weyrich,Robotics
Timothy Baldwin,Artificial Intelligence
Timothy Baldwin,Machine Learning
Timothy Baldwin,Natural Language Processing
Timothy M. Hospedales,Artificial Intelligence
Timothy M. Hospedales,Computer Graphics
Timothy M. Hospedales,Computer Vision
Timothy M. Hospedales,Machine Learning
Timothy M. Hospedales,Natural Language Processing
Timothy M. Hospedales,Robotics
Tin Lun Lam,Robotics
Ting Chen 0002,Software Engineering
Ting Chen 0002,The Web & Information Retrieval
Ting Liu 0001,Artificial Intelligence
Ting Liu 0001,Data Mining
Ting Liu 0001,Machine Learning
Ting Liu 0001,Natural Language Processing
Ting Liu 0001,The Web & Information Retrieval
Tino Weinkauf,Human-Computer Interaction
Tino Weinkauf,Robotics
Tino Weinkauf,Visualization
Tobias Fischer 0001,Artificial Intelligence
Tobias Fischer 0001,Computer Vision
Tobias Fischer 0001,Robotics
Tobias Langlotz,Human-Computer Interaction
Tobias Ritschel 0001,Computer Graphics
Tobias Ritschel 0001,Computer Vision
Toby Jia-Jun Li,Human-Computer Interaction
Toby Jia-Jun Li,Natural Language Processing
Toby Jia-Jun Li,Software Engineering
Toby Walsh,Artificial Intelligence
Toby Walsh,Machine Learning
Todd D. Murphey,Computer Vision
Todd D. Murphey,Machine Learning
Todd D. Murphey,Robotics
Todd J. Treangen,Databases
Todd J. Treangen,Machine Learning
Tolga Birdal,Computer Vision
Tolga Birdal,Machine Learning
Tolga Birdal,Robotics
Tom Drummond,Artificial Intelligence
Tom Drummond,Computer Vision
Tom Drummond,Machine Learning
Tom Drummond,Natural Language Processing
Tom Drummond,Robotics
Tom Goldstein,Artificial Intelligence
Tom Goldstein,Computer Vision
Tom Goldstein,Machine Learning
Tom Goldstein,Robotics
Tom Hope,Artificial Intelligence
Tom Hope,Data Mining
Tom Hope,Natural Language Processing
Tom Kelly,Computer Graphics
Tom Kelly,Computer Vision
Tom Kelly,Machine Learning
Tom M. Mitchell,Artificial Intelligence
Tom M. Mitchell,Computer Vision
Tom M. Mitchell,Human-Computer Interaction
Tom M. Mitchell,Machine Learning
Tom M. Mitchell,Natural Language Processing
Tom M. Mitchell,The Web & Information Retrieval
Tom Silver,Artificial Intelligence
Tom Silver,Machine Learning
Tom Silver,Robotics
Tomer Koren,Machine Learning
Tomer Michaeli,Artificial Intelligence
Tomer Michaeli,Computer Graphics
Tomer Michaeli,Computer Vision
Tomer Michaeli,Machine Learning
Tommi S. Jaakkola,Artificial Intelligence
Tommi S. Jaakkola,Computer Vision
Tommi S. Jaakkola,Machine Learning
Tommi S. Jaakkola,Natural Language Processing
Tomás Lozano-Pérez,Artificial Intelligence
Tomás Lozano-Pérez,Machine Learning
Tomás Lozano-Pérez,Robotics
Tong Wei 0001,Artificial Intelligence
Tong Wei 0001,Computer Vision
Tong Wei 0001,Data Mining
Tong Wei 0001,Machine Learning
Tong Zhang 0001,Artificial Intelligence
Tong Zhang 0001,Computer Vision
Tong Zhang 0001,Data Mining
Tong Zhang 0001,Machine Learning
Tong Zhang 0001,Natural Language Processing
Tong Zhang 0001,Robotics
Tong Zhang 0001,The Web & Information Retrieval
Tongliang Liu,Artificial Intelligence
Tongliang Liu,Computer Vision
Tongliang Liu,Data Mining
Tongliang Liu,Machine Learning
Tongliang Liu,Natural Language Processing
Toniann Pitassi,Artificial Intelligence
Toniann Pitassi,Machine Learning
Torsten Hoefler,Artificial Intelligence
Torsten Hoefler,Computer Vision
Torsten Hoefler,Data Mining
Torsten Hoefler,Databases
Torsten Hoefler,Machine Learning
Torsten Hoefler,Natural Language Processing
Torsten Sattler,Computer Graphics
Torsten Sattler,Computer Vision
Torsten Sattler,Machine Learning
Torsten Sattler,Robotics
Toshiya Hachisuka,Computer Graphics
Tovi Grossman,Human-Computer Interaction
Tran Cao Son,Artificial Intelligence
Tran Cao Son,Natural Language Processing
Trevor Cohn,Artificial Intelligence
Trevor Cohn,Machine Learning
Trevor Cohn,Natural Language Processing
Trevor Cohn,The Web & Information Retrieval
Trevor Darrell,Artificial Intelligence
Trevor Darrell,Computer Vision
Trevor Darrell,Human-Computer Interaction
Trevor Darrell,Machine Learning
Trevor Darrell,Natural Language Processing
Trevor Darrell,Robotics
Tri Dao,Machine Learning
Trinabh Gupta,Databases
Tsz Nam Chan,Artificial Intelligence
Tsz Nam Chan,Data Mining
Tsz Nam Chan,Databases
Tucker Hermans,Robotics
Tudor Dumitras,Machine Learning
Tuo Zhao,Data Mining
Tuo Zhao,Machine Learning
Tuo Zhao,Natural Language Processing
Tuomas Sandholm,Artificial Intelligence
Tuomas Sandholm,Machine Learning
Tyler Derr,Artificial Intelligence
Tyler Derr,Data Mining
Tyler Derr,Machine Learning
Tyler Derr,The Web & Information Retrieval
Tzu-Mao Li,Computer Graphics
Tzu-Mao Li,Computer Vision
Tzu-Mao Li,Machine Learning
Ufuk Topcu,Artificial Intelligence
Ufuk Topcu,Machine Learning
Ufuk Topcu,Robotics
Uichin Lee,Human-Computer Interaction
Ulrike von Luxburg,Artificial Intelligence
Ulrike von Luxburg,Machine Learning
Unnat Jain,Computer Vision
Unnat Jain,Machine Learning
Unnat Jain,Natural Language Processing
Unnat Jain,Robotics
Uri Shalit,Artificial Intelligence
Uri Shalit,Machine Learning
Uri Shalit,Natural Language Processing
Uri Stemmer,Artificial Intelligence
Uri Stemmer,Machine Learning
Usman Naseem,Artificial Intelligence
Usman Naseem,Natural Language Processing
Usman Naseem,The Web & Information Retrieval
Utkarsh Mall,Artificial Intelligence
Utkarsh Mall,Computer Vision
Utkarsh Mall,Machine Learning
Utkarsh Ojha,Computer Vision
Utkarsh Ojha,Machine Learning
Varun Chandrasekaran,Machine Learning
Varun Chandrasekaran,Natural Language Processing
Varun Kanade,Artificial Intelligence
Varun Kanade,Machine Learning
Varun Kanade,Natural Language Processing
Vasant G. Honavar,Artificial Intelligence
Vasant G. Honavar,Machine Learning
Vasant G. Honavar,Natural Language Processing
Vasant G. Honavar,The Web & Information Retrieval
Vatsal Sharan,Artificial Intelligence
Vatsal Sharan,Databases
Vatsal Sharan,Machine Learning
Venkatesh Babu Radhakrishnan,Artificial Intelligence
Venkatesh Babu Radhakrishnan,Computer Vision
Venkatesh Babu Radhakrishnan,Machine Learning
Venkatesh Saligrama,Artificial Intelligence
Venkatesh Saligrama,Computer Vision
Venkatesh Saligrama,Machine Learning
Venkatesh Saligrama,Natural Language Processing
Vera Demberg,Artificial Intelligence
Vera Demberg,Computer Vision
Vera Demberg,Human-Computer Interaction
Vera Demberg,Natural Language Processing
Vered Shwartz,Artificial Intelligence
Vered Shwartz,Computer Vision
Vered Shwartz,Natural Language Processing
Victor B. Zordan,Computer Graphics
Victor Junqiu Wei,Artificial Intelligence
Victor Junqiu Wei,Databases
Victor Junqiu Wei,Natural Language Processing
Victor Junqiu Wei,Software Engineering
Victor Veitch,Machine Learning
Victor Veitch,Natural Language Processing
Victor Veitch,The Web & Information Retrieval
Vijay Chidambaram,Databases
Vijay Chidambaram,Machine Learning
Vijay Kumar 0001,Machine Learning
Vijay Kumar 0001,Robotics
Vijaya B. Kolachalama,Machine Learning
Vikas Ashok,Human-Computer Interaction
Vikas Ashok,Visualization
Vikas Garg 0001,Computer Vision
Vikas Garg 0001,Machine Learning
Vikas Singh,Artificial Intelligence
Vikas Singh,Computer Vision
Vikas Singh,Databases
Vikas Singh,Machine Learning
Viktor Leis,Databases
Vincent Conitzer,Artificial Intelligence
Vincent Conitzer,Machine Learning
Vincent Conitzer,The Web & Information Retrieval
Vincent Lepetit,Computer Vision
Vincent Lepetit,Machine Learning
Vincent Lepetit,Robotics
Vincent Sitzmann,Computer Graphics
Vincent Sitzmann,Computer Vision
Vincent Sitzmann,Machine Learning
Vincent Sitzmann,Robotics
Vineet Gandhi,Artificial Intelligence
Vineet Gandhi,Computer Vision
Vineet Gandhi,Human-Computer Interaction
Vineet Gandhi,Machine Learning
Vineet Gandhi,Natural Language Processing
Vineet Gandhi,Robotics
Vineeth N. Balasubramanian,Artificial Intelligence
Vineeth N. Balasubramanian,Computer Vision
Vineeth N. Balasubramanian,Data Mining
Vineeth N. Balasubramanian,Machine Learning
Vineeth N. Balasubramanian,Natural Language Processing
Vineeth N. Balasubramanian,Robotics
Vipin Chaudhary,Computer Vision
Vipin Chaudhary,Machine Learning
Vipin Chaudhary,Natural Language Processing
Virginia Smith,Data Mining
Virginia Smith,Databases
Virginia Smith,Machine Learning
Virginia Smith,Natural Language Processing
Vishal M. Patel,Artificial Intelligence
Vishal M. Patel,Computer Vision
Vishal M. Patel,Machine Learning
Vishal M. Patel,Robotics
Vishnu Naresh Boddeti,Artificial Intelligence
Vishnu Naresh Boddeti,Computer Vision
Vishnu Naresh Boddeti,Machine Learning
Vishnu Naresh Boddeti,Robotics
Vishnu Suresh Lokhande,Artificial Intelligence
Vishnu Suresh Lokhande,Computer Vision
Vishnu Suresh Lokhande,Machine Learning
Vitaly Shmatikov,Data Mining
Vitaly Shmatikov,Databases
Vitaly Shmatikov,Machine Learning
Vitaly Shmatikov,Natural Language Processing
Vitaly Shmatikov,The Web & Information Retrieval
Vivek Srikumar,Artificial Intelligence
Vivek Srikumar,Databases
Vivek Srikumar,Machine Learning
Vivek Srikumar,Natural Language Processing
Vivek Srikumar,The Web & Information Retrieval
Vivek Srikumar,Visualization
Vivek Subramanian,Natural Language Processing
Vlad Niculae,Machine Learning
Vlad Niculae,Natural Language Processing
Vlad Niculae,The Web & Information Retrieval
Vladimir Braverman,Machine Learning
Vladimir Braverman,Natural Language Processing
Vladimir Pavlovic 0001,Artificial Intelligence
Vladimir Pavlovic 0001,Computer Vision
Vladimir Pavlovic 0001,Machine Learning
Volkan Cevher,Artificial Intelligence
Volkan Cevher,Computer Vision
Volkan Cevher,Data Mining
Volkan Cevher,Machine Learning
Volkan Cevher,Natural Language Processing
Volkan Isler,Artificial Intelligence
Volkan Isler,Computer Vision
Volkan Isler,Machine Learning
Volkan Isler,Robotics
Volker Tresp,Artificial Intelligence
Volker Tresp,Computer Vision
Volker Tresp,Data Mining
Volker Tresp,Machine Learning
Volker Tresp,Natural Language Processing
Volker Tresp,The Web & Information Retrieval
Volodymyr Kuleshov,Artificial Intelligence
Volodymyr Kuleshov,Computer Vision
Volodymyr Kuleshov,Machine Learning
Volodymyr Kuleshov,Natural Language Processing
Víctor Gutiérrez-Basulto,Artificial Intelligence
Víctor Gutiérrez-Basulto,Machine Learning
Víctor Gutiérrez-Basulto,Natural Language Processing
Wang-Zhou Dai,Artificial Intelligence
Wang-Zhou Dai,Machine Learning
Wangmeng Zuo,Artificial Intelligence
Wangmeng Zuo,Computer Vision
Wangmeng Zuo,Machine Learning
Wanhua Li 0001,Computer Vision
Wanhua Li 0001,Machine Learning
Wanxiang Che,Artificial Intelligence
Wanxiang Che,Data Mining
Wanxiang Che,Machine Learning
Wanxiang Che,Natural Language Processing
Wanxiang Che,The Web & Information Retrieval
Warut Suksompong,Artificial Intelligence
Wayne Luk,Artificial Intelligence
Wayne Luk,Robotics
Wayne Xin Zhao,Artificial Intelligence
Wayne Xin Zhao,Computer Vision
Wayne Xin Zhao,Data Mining
Wayne Xin Zhao,Machine Learning
Wayne Xin Zhao,Natural Language Processing
Wayne Xin Zhao,The Web & Information Retrieval
Wee Sun Lee,Artificial Intelligence
Wee Sun Lee,Computer Vision
Wee Sun Lee,Data Mining
Wee Sun Lee,Machine Learning
Wee Sun Lee,Natural Language Processing
Wee Sun Lee,Robotics
Wei Ai 0002,Data Mining
Wei Ai 0002,Human-Computer Interaction
Wei Ai 0002,Natural Language Processing
Wei Ai 0002,The Web & Information Retrieval
Wei Chen 0001,Artificial Intelligence
Wei Chen 0001,Computer Vision
Wei Chen 0001,Data Mining
Wei Chen 0001,Databases
Wei Chen 0001,Machine Learning
Wei Chen 0001,Natural Language Processing
Wei Chen 0001,Visualization
Wei Feng 0005,Artificial Intelligence
Wei Feng 0005,Computer Vision
Wei Feng 0005,Machine Learning
Wei Feng 0005,Robotics
Wei Hu 0007,Artificial Intelligence
Wei Hu 0007,Data Mining
Wei Hu 0007,Databases
Wei Hu 0007,Machine Learning
Wei Hu 0007,Natural Language Processing
Wei Hu 0007,Software Engineering
Wei Hu 0007,The Web & Information Retrieval
Wei Hu 0014,Machine Learning
Wei Ji 0008,Artificial Intelligence
Wei Ji 0008,Computer Vision
Wei Ji 0008,Machine Learning
Wei Ji 0008,Natural Language Processing
Wei Ji 0008,Robotics
Wei Ji 0008,The Web & Information Retrieval
Wei Jin 0009,Artificial Intelligence
Wei Jin 0009,Data Mining
Wei Jin 0009,Machine Learning
Wei Jin 0009,The Web & Information Retrieval
Wei Ju 0001,Artificial Intelligence
Wei Ju 0001,Machine Learning
Wei Ju 0001,Natural Language Processing
Wei Liu 0006,Artificial Intelligence
Wei Liu 0006,Computer Vision
Wei Liu 0006,The Web & Information Retrieval
Wei Wang 0010,Artificial Intelligence
Wei Wang 0010,Computer Vision
Wei Wang 0010,Data Mining
Wei Wang 0010,Machine Learning
Wei Wang 0010,Natural Language Processing
Wei Wang 0010,The Web & Information Retrieval
Wei Wang 0011,Artificial Intelligence
Wei Wang 0011,Computer Vision
Wei Wang 0011,Databases
Wei Wang 0011,Machine Learning
Wei Wang 0011,Natural Language Processing
Wei Wang 0011,The Web & Information Retrieval
Wei Xi,Artificial Intelligence
Wei Xi,Computer Vision
Wei Xi,Databases
Wei Xi,Robotics
Wei Yang 0013,Artificial Intelligence
Wei Yang 0013,Computer Vision
Wei Yang 0013,Natural Language Processing
Wei Yang 0013,Software Engineering
Wei Yang 0013,The Web & Information Retrieval
Wei Zeng 0004,Machine Learning
Wei Zeng 0004,Visualization
Wei Zhao 0033,Artificial Intelligence
Wei Zhao 0033,Natural Language Processing
Wei-Chiu Ma,Computer Vision
Wei-Chiu Ma,Machine Learning
Wei-Chiu Ma,Robotics
Wei-Lun Chao,Artificial Intelligence
Wei-Lun Chao,Computer Vision
Wei-Lun Chao,Data Mining
Wei-Lun Chao,Machine Learning
Wei-Lun Chao,Natural Language Processing
Wei-Lun Chao,Robotics
Wei-Shi Zheng 0001,Artificial Intelligence
Wei-Shi Zheng 0001,Computer Graphics
Wei-Shi Zheng 0001,Computer Vision
Wei-Shi Zheng 0001,Data Mining
Wei-Shi Zheng 0001,Machine Learning
Wei-Shi Zheng 0001,Robotics
Weicheng Xie 0001,Artificial Intelligence
Weicheng Xie 0001,Computer Vision
Weicheng Xie 0001,Machine Learning
Weidi Xie,Artificial Intelligence
Weidi Xie,Computer Graphics
Weidi Xie,Computer Vision
Weidi Xie,Machine Learning
Weidi Xie,Natural Language Processing
Weidong Geng,Artificial Intelligence
Weidong Geng,Computer Vision
Weidong Zhao,Computer Vision
Weidong Zhao,Machine Learning
Weifa Liang,The Web & Information Retrieval
Weihong Deng,Artificial Intelligence
Weihong Deng,Computer Vision
Weihong Deng,Data Mining
Weihong Deng,Machine Learning
Weihong Deng,Natural Language Processing
Weijia Jia 0001,Artificial Intelligence
Weijia Jia 0001,Computer Vision
Weijia Jia 0001,Data Mining
Weijia Jia 0001,Machine Learning
Weijia Jia 0001,Natural Language Processing
Weiming Lu 0001,Artificial Intelligence
Weiming Lu 0001,Machine Learning
Weiming Lu 0001,Natural Language Processing
Weiming Lu 0001,The Web & Information Retrieval
Weiming Zhang 0001,Artificial Intelligence
Weiming Zhang 0001,Computer Vision
Weiming Zhang 0001,Machine Learning
Weiming Zhang 0001,Natural Language Processing
Weinan Zhang 0001,Artificial Intelligence
Weinan Zhang 0001,Data Mining
Weinan Zhang 0001,Machine Learning
Weinan Zhang 0001,Natural Language Processing
Weinan Zhang 0001,Robotics
Weinan Zhang 0001,The Web & Information Retrieval
Weiqing Wang 0001,Artificial Intelligence
Weiqing Wang 0001,Computer Vision
Weiqing Wang 0001,Data Mining
Weiqing Wang 0001,Machine Learning
Weiqing Wang 0001,Natural Language Processing
Weiqing Wang 0001,The Web & Information Retrieval
Weiren Yu,Artificial Intelligence
Weiren Yu,Databases
Weiren Yu,Natural Language Processing
Weiren Yu,The Web & Information Retrieval
Weisheng Dong,Artificial Intelligence
Weisheng Dong,Computer Vision
Weisheng Dong,Machine Learning
Weisi Lin,Artificial Intelligence
Weisi Lin,Computer Vision
Weisi Lin,Machine Learning
Weisi Lin,Robotics
Weiwen Liu,Artificial Intelligence
Weiwen Liu,Data Mining
Weiwen Liu,Natural Language Processing
Weiwen Liu,The Web & Information Retrieval
Weixia Zhang,Computer Vision
Weixia Zhang,Machine Learning
Weiyang Liu,Artificial Intelligence
Weiyang Liu,Computer Vision
Weiyang Liu,Machine Learning
Weiyang Liu,Natural Language Processing
Weizhan Zhang,Artificial Intelligence
Weizhan Zhang,Machine Learning
Weizi Li,Computer Graphics
Weizi Li,Computer Vision
Weizi Li,Human-Computer Interaction
Weizi Li,Machine Learning
Weizi Li,Robotics
Wen Li 0001,Artificial Intelligence
Wen Li 0001,Computer Vision
Wen Li 0001,Data Mining
Wen Li 0001,Machine Learning
Wen Sun 0002,Artificial Intelligence
Wen Sun 0002,Computer Vision
Wen Sun 0002,Machine Learning
Wen Zhang 0015,Artificial Intelligence
Wen Zhang 0015,Data Mining
Wen Zhang 0015,Databases
Wen Zhang 0015,Machine Learning
Wen Zhang 0015,Natural Language Processing
Wen Zhang 0015,The Web & Information Retrieval
Wenbing Huang 0001,Artificial Intelligence
Wenbing Huang 0001,Computer Vision
Wenbing Huang 0001,Machine Learning
Wenbing Huang 0001,Natural Language Processing
Wenbing Huang 0001,Robotics
Wenbing Huang 0001,The Web & Information Retrieval
Wenbo Guo 0002,Artificial Intelligence
Wenbo Guo 0002,Data Mining
Wenbo Guo 0002,Machine Learning
Wenbo Guo 0002,Natural Language Processing
Wenchao Li 0001,Artificial Intelligence
Wenchao Li 0001,Machine Learning
Wenchao Li 0001,Robotics
Wenda Li,Machine Learning
Wenda Li,Natural Language Processing
Wenfei Fan,Databases
Weng-Fai Wong,Artificial Intelligence
Weng-Fai Wong,Databases
Weng-Fai Wong,Machine Learning
Wengang Zhou 0001,Artificial Intelligence
Wengang Zhou 0001,Computer Vision
Wengang Zhou 0001,Data Mining
Wengang Zhou 0001,Machine Learning
Wengang Zhou 0001,Natural Language Processing
Wengang Zhou 0001,Robotics
Wengong Jin,Computer Vision
Wengong Jin,Machine Learning
Wenguan Wang,Artificial Intelligence
Wenguan Wang,Computer Graphics
Wenguan Wang,Computer Vision
Wenguan Wang,Machine Learning
Wenguang Chen,Databases
Wenguang Chen,Natural Language Processing
Wenhao Li 0001,Computer Vision
Wenhao Li 0001,Data Mining
Wenhao Li 0001,Machine Learning
Wenhao Li 0001,Robotics
Wenhao Luo,Machine Learning
Wenhao Luo,Robotics
Wenhu Chen,Artificial Intelligence
Wenhu Chen,Computer Vision
Wenhu Chen,Data Mining
Wenhu Chen,Machine Learning
Wenhu Chen,Natural Language Processing
Wenjie Wang 0007,Artificial Intelligence
Wenjie Wang 0007,Computer Vision
Wenjie Wang 0007,Data Mining
Wenjie Wang 0007,Machine Learning
Wenjie Wang 0007,Natural Language Processing
Wenjie Wang 0007,The Web & Information Retrieval
Wenjie Zhang 0001,Artificial Intelligence
Wenjie Zhang 0001,Data Mining
Wenjie Zhang 0001,Databases
Wenjie Zhang 0001,Machine Learning
Wenjie Zhang 0001,Natural Language Processing
Wenjie Zhang 0001,The Web & Information Retrieval
Wenjing Liao,Machine Learning
Wenping Wang 0001,Artificial Intelligence
Wenping Wang 0001,Computer Graphics
Wenping Wang 0001,Computer Vision
Wenping Wang 0001,Human-Computer Interaction
Wenping Wang 0001,Machine Learning
Wenping Wang 0001,Natural Language Processing
Wenping Wang 0001,Robotics
Wenping Wang 0001,Visualization
Wenqi Fan,Artificial Intelligence
Wenqi Fan,Data Mining
Wenqi Fan,Machine Learning
Wenqi Fan,Natural Language Processing
Wenqi Fan,The Web & Information Retrieval
Wenqi Jiang 0001,Data Mining
Wenqi Jiang 0001,Databases
Wenqi Jiang 0001,Machine Learning
Wenqi Zhang 0001,Artificial Intelligence
Wenqi Zhang 0001,Computer Vision
Wenqi Zhang 0001,Machine Learning
Wenqi Zhang 0001,Natural Language Processing
Wenqi Zhang 0001,Robotics
Wenqiao Zhang,Artificial Intelligence
Wenqiao Zhang,Computer Vision
Wenqiao Zhang,Data Mining
Wenqiao Zhang,Databases
Wenqiao Zhang,Machine Learning
Wenqiao Zhang,Natural Language Processing
Wenqiao Zhang,The Web & Information Retrieval
Wenqing Zhang,Artificial Intelligence
Wenqing Zhang,Computer Vision
Wenqing Zhang,Natural Language Processing
Wentao Zhang 0001,Artificial Intelligence
Wentao Zhang 0001,Computer Vision
Wentao Zhang 0001,Data Mining
Wentao Zhang 0001,Databases
Wentao Zhang 0001,Machine Learning
Wentao Zhang 0001,Natural Language Processing
Wentao Zhang 0001,Software Engineering
Wentao Zhang 0001,The Web & Information Retrieval
Wenting Zheng,Computer Graphics
Wenting Zheng,Machine Learning
Wenxin Li,Machine Learning
Wenxuan Wang 0001,Computer Vision
Wenxuan Wang 0001,Machine Learning
Wenxuan Wang 0001,Natural Language Processing
Wenxuan Wang 0001,Software Engineering
Wenxuan Zhang 0001,Computer Vision
Wenxuan Zhang 0001,Machine Learning
Wenxuan Zhang 0001,Natural Language Processing
Wenxuan Zhang 0001,The Web & Information Retrieval
Wenzhen Yuan 0001,Computer Vision
Wenzhen Yuan 0001,Machine Learning
Wenzhen Yuan 0001,Robotics
Wenzheng Chen,Computer Graphics
Wenzheng Chen,Computer Vision
Wenzheng Chen,Machine Learning
Wenzheng Xu,Artificial Intelligence
Will Crichton,Computer Graphics
Will Crichton,Data Mining
William A. P. Smith,Computer Vision
William A. P. Smith,Machine Learning
William T. Freeman,Computer Graphics
William T. Freeman,Computer Vision
William T. Freeman,Human-Computer Interaction
William T. Freeman,Machine Learning
William T. Freeman,Robotics
William Yang Wang,Artificial Intelligence
William Yang Wang,Computer Vision
William Yang Wang,Data Mining
William Yang Wang,Machine Learning
William Yang Wang,Natural Language Processing
Willie Neiswanger,Artificial Intelligence
Willie Neiswanger,Machine Learning
Winston H. Hsu,Artificial Intelligence
Winston H. Hsu,Computer Vision
Winston H. Hsu,Machine Learning
Winston H. Hsu,Natural Language Processing
Winston H. Hsu,Robotics
Winston H. Hsu,The Web & Information Retrieval
Wojciech Matusik,Computer Graphics
Wojciech Matusik,Computer Vision
Wojciech Matusik,Human-Computer Interaction
Wojciech Matusik,Machine Learning
Wojciech Matusik,Robotics
Wojciech Samek,Artificial Intelligence
Wojciech Samek,Computer Vision
Wojciech Samek,Machine Learning
Wojciech Samek,Robotics
Wolfgang Hönig,Artificial Intelligence
Wolfgang Hönig,Robotics
Won Hwa Kim,Artificial Intelligence
Won Hwa Kim,Computer Vision
Won Hwa Kim,Machine Learning
Wook-Shin Han,Artificial Intelligence
Wook-Shin Han,Computer Vision
Wook-Shin Han,Data Mining
Wook-Shin Han,Databases
Wook-Shin Han,Machine Learning
Wook-Shin Han,Natural Language Processing
Wray L. Buntine,Artificial Intelligence
Wray L. Buntine,Computer Vision
Wray L. Buntine,Machine Learning
Wray L. Buntine,Natural Language Processing
Wu Lin,Machine Learning
Wuyang Chen 0001,Computer Vision
Wuyang Chen 0001,Machine Learning
Wynne Hsu,Artificial Intelligence
Wynne Hsu,Computer Vision
Wynne Hsu,Data Mining
Wynne Hsu,Databases
Wynne Hsu,Machine Learning
Wynne Hsu,Natural Language Processing
Xavier Bresson,Artificial Intelligence
Xavier Bresson,Computer Vision
Xavier Bresson,Machine Learning
Xi Yang 0017,Computer Graphics
Xi Yang 0017,Computer Vision
Xi Ye 0003,Artificial Intelligence
Xi Ye 0003,Machine Learning
Xi Ye 0003,Natural Language Processing
Xia Ben Hu,Artificial Intelligence
Xia Ben Hu,Computer Vision
Xia Ben Hu,Data Mining
Xia Ben Hu,Machine Learning
Xia Ben Hu,Natural Language Processing
Xia Ben Hu,The Web & Information Retrieval
Xia Zhou,Computer Vision
Xia Zhou,Human-Computer Interaction
Xia Zhou,Robotics
Xia Zhou,The Web & Information Retrieval
Xialei Liu,Artificial Intelligence
Xialei Liu,Computer Vision
Xialei Liu,Machine Learning
Xianfeng Gu,Artificial Intelligence
Xianfeng Gu,Computer Vision
Xianfeng Gu,Human-Computer Interaction
Xianfeng Gu,Machine Learning
Xianfeng Gu,Robotics
Xianfeng Gu,Visualization
Xiang Bai,Artificial Intelligence
Xiang Bai,Computer Graphics
Xiang Bai,Computer Vision
Xiang Bai,Machine Learning
Xiang Bai,Natural Language Processing
Xiang Bai,The Web & Information Retrieval
Xiang Chen 0010,Artificial Intelligence
Xiang Chen 0010,Computer Vision
Xiang Chen 0010,Data Mining
Xiang Chen 0010,Machine Learning
Xiang Chen 0010,Natural Language Processing
Xiang Li 0041,Artificial Intelligence
Xiang Li 0041,Computer Vision
Xiang Li 0041,Machine Learning
Xiang Li 0041,Robotics
Xiang Li 0046,Artificial Intelligence
Xiang Li 0046,Computer Vision
Xiang Li 0046,Machine Learning
Xiang Li 0046,Robotics
Xiang Ren 0001,Artificial Intelligence
Xiang Ren 0001,Data Mining
Xiang Ren 0001,Databases
Xiang Ren 0001,Machine Learning
Xiang Ren 0001,Natural Language Processing
Xiang Ren 0001,The Web & Information Retrieval
Xiang Wang 0010,Artificial Intelligence
Xiang Wang 0010,Computer Vision
Xiang Wang 0010,Data Mining
Xiang Wang 0010,Machine Learning
Xiang Wang 0010,Natural Language Processing
Xiang Wang 0010,Software Engineering
Xiang Wang 0010,The Web & Information Retrieval
Xiangguo Sun,Artificial Intelligence
Xiangguo Sun,Data Mining
Xiangguo Sun,Databases
Xiangguo Sun,Machine Learning
Xiangguo Sun,The Web & Information Retrieval
Xiangliang Zhang 0001,Artificial Intelligence
Xiangliang Zhang 0001,Data Mining
Xiangliang Zhang 0001,Databases
Xiangliang Zhang 0001,Machine Learning
Xiangliang Zhang 0001,Natural Language Processing
Xiangliang Zhang 0001,The Web & Information Retrieval
Xianglong Liu 0001,Artificial Intelligence
Xianglong Liu 0001,Computer Vision
Xianglong Liu 0001,Machine Learning
Xianglong Liu 0001,Natural Language Processing
Xianglong Liu 0001,Robotics
Xianglong Liu 0001,Software Engineering
Xianglong Liu 0001,The Web & Information Retrieval
Xiangmin Zhou,Artificial Intelligence
Xiangmin Zhou,Databases
Xiangmin Zhou,The Web & Information Retrieval
Xiangnan He 0001,Artificial Intelligence
Xiangnan He 0001,Computer Vision
Xiangnan He 0001,Data Mining
Xiangnan He 0001,Machine Learning
Xiangnan He 0001,Natural Language Processing
Xiangnan He 0001,The Web & Information Retrieval
Xiangxiang Zeng,Artificial Intelligence
Xiangxiang Zeng,Machine Learning
Xiangxiang Zeng,Natural Language Processing
Xiangyang Xue 0001,Artificial Intelligence
Xiangyang Xue 0001,Computer Graphics
Xiangyang Xue 0001,Computer Vision
Xiangyang Xue 0001,Machine Learning
Xiangyang Xue 0001,Natural Language Processing
Xiangyang Xue 0001,Robotics
Xiangyang Xue 0001,Visualization
Xiangyao Yu,Databases
Xiangyu Yue 0001,Artificial Intelligence
Xiangyu Yue 0001,Computer Vision
Xiangyu Yue 0001,Machine Learning
Xiangyu Yue 0001,Natural Language Processing
Xiangyu Yue 0001,Robotics
Xiangyu Yue 0001,The Web & Information Retrieval
Xianpei Han,Artificial Intelligence
Xianpei Han,Machine Learning
Xianpei Han,Natural Language Processing
Xiao Wang 0012,Artificial Intelligence
Xiao Wang 0012,Computer Vision
Xiao Wang 0012,Databases
Xiao Wang 0012,Machine Learning
Xiao Wang 0017,Artificial Intelligence
Xiao Wang 0017,Data Mining
Xiao Wang 0017,Machine Learning
Xiao Wang 0017,The Web & Information Retrieval
Xiao Wang 0036,Artificial Intelligence
Xiao Wang 0036,Machine Learning
Xiao Zhang 0001,Artificial Intelligence
Xiao Zhang 0001,Databases
Xiao Zhang 0001,Machine Learning
Xiao Zhang 0001,Natural Language Processing
Xiao Zhang 0034,Artificial Intelligence
Xiao Zhang 0034,Data Mining
Xiao Zhang 0034,Machine Learning
Xiao Zhang 0034,Natural Language Processing
Xiao Zhang 0034,The Web & Information Retrieval
Xiaobao Wu,Artificial Intelligence
Xiaobao Wu,Computer Vision
Xiaobao Wu,Machine Learning
Xiaobao Wu,Natural Language Processing
Xiaobing Sun 0001,Artificial Intelligence
Xiaobing Sun 0001,Software Engineering
Xiaobing Sun 0001,The Web & Information Retrieval
Xiaocheng Feng,Artificial Intelligence
Xiaocheng Feng,Computer Vision
Xiaocheng Feng,Machine Learning
Xiaocheng Feng,Natural Language Processing
Xiaodan Liang,Artificial Intelligence
Xiaodan Liang,Computer Vision
Xiaodan Liang,Data Mining
Xiaodan Liang,Machine Learning
Xiaodan Liang,Natural Language Processing
Xiaodan Liang,Robotics
Xiaodan Zhu 0001,Artificial Intelligence
Xiaodan Zhu 0001,Machine Learning
Xiaodan Zhu 0001,Natural Language Processing
Xiaodan Zhu 0001,The Web & Information Retrieval
Xiaodi Wu 0001,Artificial Intelligence
Xiaodi Wu 0001,Machine Learning
Xiaodong Xie,Artificial Intelligence
Xiaodong Xie,Computer Vision
Xiaodong Xie,Machine Learning
Xiaodong Xie,Robotics
Xiaofan Li 0004,Databases
Xiaofan Li 0004,The Web & Information Retrieval
Xiaofang Zhou 0001,Artificial Intelligence
Xiaofang Zhou 0001,Data Mining
Xiaofang Zhou 0001,Databases
Xiaofang Zhou 0001,Machine Learning
Xiaofang Zhou 0001,Natural Language Processing
Xiaofang Zhou 0001,The Web & Information Retrieval
Xiaofei He 0001,Artificial Intelligence
Xiaofei He 0001,Computer Vision
Xiaofei He 0001,Data Mining
Xiaofei He 0001,Databases
Xiaofei He 0001,Machine Learning
Xiaofei He 0001,Natural Language Processing
Xiaofei He 0001,Robotics
Xiaofei He 0001,The Web & Information Retrieval
Xiaofeng Zhu 0001,Artificial Intelligence
Xiaofeng Zhu 0001,Computer Vision
Xiaofeng Zhu 0001,Machine Learning
Xiaofeng Zhu 0001,Natural Language Processing
Xiaogang Jin 0001,Artificial Intelligence
Xiaogang Jin 0001,Computer Graphics
Xiaogang Jin 0001,Computer Vision
Xiaogang Jin 0001,Machine Learning
Xiaogang Jin 0001,Robotics
Xiaogang Wang 0001,Artificial Intelligence
Xiaogang Wang 0001,Computer Vision
Xiaogang Wang 0001,Machine Learning
Xiaoguang Han 0001,Artificial Intelligence
Xiaoguang Han 0001,Computer Graphics
Xiaoguang Han 0001,Computer Vision
Xiaoguang Han 0001,Human-Computer Interaction
Xiaoguang Han 0001,Machine Learning
Xiaohe Wu,Artificial Intelligence
Xiaohe Wu,Computer Vision
Xiaohong Liu 0001,Artificial Intelligence
Xiaohong Liu 0001,Computer Vision
Xiaohong Liu 0001,Machine Learning
Xiaohong Liu 0001,Natural Language Processing
Xiaohua Xie,Artificial Intelligence
Xiaohua Xie,Computer Vision
Xiaohua Xie,Machine Learning
Xiaohui Bei,Artificial Intelligence
Xiaohui Bei,Machine Learning
Xiaohui Xie,Artificial Intelligence
Xiaohui Xie,Computer Vision
Xiaohui Xie,Data Mining
Xiaohui Xie,Robotics
Xiaohui Xie,The Web & Information Retrieval
Xiaojiang Peng,Artificial Intelligence
Xiaojiang Peng,Computer Vision
Xiaojiang Peng,Data Mining
Xiaojiang Peng,Machine Learning
Xiaojie Guo 0001,Artificial Intelligence
Xiaojie Guo 0001,Computer Vision
Xiaojie Guo 0001,Machine Learning
Xiaojie Guo 0001,Robotics
Xiaojie Yuan,Artificial Intelligence
Xiaojie Yuan,Computer Vision
Xiaojie Yuan,Databases
Xiaojie Yuan,Machine Learning
Xiaojie Yuan,Natural Language Processing
Xiaojie Yuan,The Web & Information Retrieval
Xiaojuan Ma,Artificial Intelligence
Xiaojuan Ma,Computer Vision
Xiaojuan Ma,Human-Computer Interaction
Xiaojuan Ma,Natural Language Processing
Xiaojuan Ma,The Web & Information Retrieval
Xiaojuan Ma,Visualization
Xiaojuan Qi 0001,Artificial Intelligence
Xiaojuan Qi 0001,Computer Graphics
Xiaojuan Qi 0001,Computer Vision
Xiaojuan Qi 0001,Human-Computer Interaction
Xiaojuan Qi 0001,Machine Learning
Xiaojun Bi 0001,Human-Computer Interaction
Xiaojun Chang,Artificial Intelligence
Xiaojun Chang,Computer Vision
Xiaojun Chang,Data Mining
Xiaojun Chang,Machine Learning
Xiaojun Chang,Natural Language Processing
Xiaojun Chang,The Web & Information Retrieval
Xiaojun Chen 0006,Artificial Intelligence
Xiaojun Chen 0006,Computer Vision
Xiaojun Chen 0006,Data Mining
Xiaojun Chen 0006,Machine Learning
Xiaojun Chen 0006,Natural Language Processing
Xiaojun Wan 0001,Artificial Intelligence
Xiaojun Wan 0001,Computer Vision
Xiaojun Wan 0001,Data Mining
Xiaojun Wan 0001,Machine Learning
Xiaojun Wan 0001,Natural Language Processing
Xiaojun Wan 0001,The Web & Information Retrieval
Xiaokang Yang 0001,Artificial Intelligence
Xiaokang Yang 0001,Computer Vision
Xiaokang Yang 0001,Data Mining
Xiaokang Yang 0001,Machine Learning
Xiaokang Yang 0001,Natural Language Processing
Xiaokang Yang 0001,Robotics
Xiaokui Xiao,Artificial Intelligence
Xiaokui Xiao,Computer Vision
Xiaokui Xiao,Data Mining
Xiaokui Xiao,Databases
Xiaokui Xiao,Human-Computer Interaction
Xiaokui Xiao,Machine Learning
Xiaokui Xiao,Natural Language Processing
Xiaokui Xiao,The Web & Information Retrieval
Xiaolei Huang 0002,Natural Language Processing
Xiaoli Li 0001,Artificial Intelligence
Xiaoli Li 0001,Computer Vision
Xiaoli Li 0001,Data Mining
Xiaoli Li 0001,Databases
Xiaoli Li 0001,Human-Computer Interaction
Xiaoli Li 0001,Machine Learning
Xiaoli Li 0001,Natural Language Processing
Xiaoli Li 0001,Robotics
Xiaoli Li 0001,The Web & Information Retrieval
Xiaolin Hu 0001,Artificial Intelligence
Xiaolin Hu 0001,Computer Vision
Xiaolin Hu 0001,Data Mining
Xiaolin Hu 0001,Machine Learning
Xiaolin Hu 0001,Robotics
Xiaolong Wang 0004,Computer Vision
Xiaolong Wang 0004,Machine Learning
Xiaolong Wang 0004,Robotics
Xiaoming Deng 0001,Artificial Intelligence
Xiaoming Deng 0001,Computer Vision
Xiaoming Deng 0001,Human-Computer Interaction
Xiaoming Deng 0001,Visualization
Xiaoning Qian,Artificial Intelligence
Xiaoning Qian,Computer Vision
Xiaoning Qian,Data Mining
Xiaoning Qian,Machine Learning
Xiaoou Tang,Artificial Intelligence
Xiaoou Tang,Computer Vision
Xiaoou Tang,Machine Learning
Xiaoqi Tan,Artificial Intelligence
Xiaoqi Tan,Machine Learning
Xiaoqi Tan,The Web & Information Retrieval
Xiaoshuai Sun,Artificial Intelligence
Xiaoshuai Sun,Computer Vision
Xiaoshuai Sun,Machine Learning
Xiaotian Han,Artificial Intelligence
Xiaotian Han,Data Mining
Xiaotian Han,Machine Learning
Xiaotian Han,Natural Language Processing
Xiaotian Han,The Web & Information Retrieval
Xiaowei Huang 0001,Artificial Intelligence
Xiaowei Huang 0001,Computer Graphics
Xiaowei Huang 0001,Computer Vision
Xiaowei Huang 0001,Machine Learning
Xiaowei Huang 0001,Robotics
Xiaowei Huang 0001,Software Engineering
Xiaowei Zhou 0001,Artificial Intelligence
Xiaowei Zhou 0001,Computer Graphics
Xiaowei Zhou 0001,Computer Vision
Xiaowei Zhou 0001,Machine Learning
Xiaowei Zhou 0001,Robotics
Xiaoyan Sun 0001,Artificial Intelligence
Xiaoyan Sun 0001,Computer Vision
Xiaoyan Sun 0001,Machine Learning
Xiaoye Miao,Artificial Intelligence
Xiaoye Miao,Databases
Xiaoye Miao,The Web & Information Retrieval
Xiaoyun Yuan,Computer Vision
Xiaozhong Liu 0001,Artificial Intelligence
Xiaozhong Liu 0001,Data Mining
Xiaozhong Liu 0001,Natural Language Processing
Xiaozhong Liu 0001,The Web & Information Retrieval
Xiapu Luo,Artificial Intelligence
Xiapu Luo,Data Mining
Xiapu Luo,Human-Computer Interaction
Xiapu Luo,Natural Language Processing
Xiapu Luo,Software Engineering
Xiapu Luo,The Web & Information Retrieval
Xiatian Zhu,Artificial Intelligence
Xiatian Zhu,Computer Vision
Xiatian Zhu,Machine Learning
Xifeng Yan,Artificial Intelligence
Xifeng Yan,Data Mining
Xifeng Yan,Databases
Xifeng Yan,Machine Learning
Xifeng Yan,Natural Language Processing
Xifeng Yan,The Web & Information Retrieval
Xihui Liu,Computer Graphics
Xihui Liu,Computer Vision
Xihui Liu,Machine Learning
Xike Xie,Artificial Intelligence
Xike Xie,Computer Vision
Xike Xie,Databases
Xike Xie,Human-Computer Interaction
Xike Xie,Machine Learning
Xike Xie,Natural Language Processing
Xike Xie,The Web & Information Retrieval
Xilin Chen 0001,Artificial Intelligence
Xilin Chen 0001,Computer Vision
Xilin Chen 0001,Machine Learning
Xilin Chen 0001,Natural Language Processing
Xilin Chen 0001,Robotics
Xin Cao 0001,Artificial Intelligence
Xin Cao 0001,Data Mining
Xin Cao 0001,Databases
Xin Cao 0001,Machine Learning
Xin Cao 0001,The Web & Information Retrieval
Xin Geng 0001,Artificial Intelligence
Xin Geng 0001,Computer Vision
Xin Geng 0001,Machine Learning
Xin Huang 0001,Artificial Intelligence
Xin Huang 0001,Databases
Xin Huang 0001,The Web & Information Retrieval
Xin Jin 0008,Databases
Xin Jin 0008,Human-Computer Interaction
Xin Jin 0008,Machine Learning
Xin Jin 0008,Software Engineering
Xin Wang 0001,Artificial Intelligence
Xin Wang 0001,Computer Vision
Xin Wang 0001,Data Mining
Xin Wang 0001,Databases
Xin Wang 0001,Machine Learning
Xin Wang 0001,Natural Language Processing
Xin Wang 0001,The Web & Information Retrieval
Xin Wang 0035,Artificial Intelligence
Xin Wang 0035,Computer Vision
Xin Wang 0035,Data Mining
Xin Wang 0035,Machine Learning
Xin Wang 0035,Natural Language Processing
Xin Wang 0035,Robotics
Xin Wang 0035,The Web & Information Retrieval
Xin Xin 0003,Artificial Intelligence
Xin Xin 0003,Machine Learning
Xin Xin 0003,Natural Language Processing
Xin Xin 0003,The Web & Information Retrieval
Xin Yi 0001,Computer Vision
Xin Yi 0001,Human-Computer Interaction
Xin Yuan 0002,Artificial Intelligence
Xin Yuan 0002,Computer Vision
Xin Yuan 0002,Machine Learning
Xinbo Gao 0001,Artificial Intelligence
Xinbo Gao 0001,Computer Vision
Xinbo Gao 0001,Data Mining
Xinbo Gao 0001,Machine Learning
Xinbo Gao 0001,Robotics
Xinbo Gao 0001,The Web & Information Retrieval
Xing Xu 0001,Artificial Intelligence
Xing Xu 0001,Computer Vision
Xing Xu 0001,Natural Language Processing
Xing Xu 0001,The Web & Information Retrieval
Xing-Dong Yang,Computer Graphics
Xing-Dong Yang,Human-Computer Interaction
Xingang Pan,Artificial Intelligence
Xingang Pan,Computer Graphics
Xingang Pan,Computer Vision
Xingang Pan,Machine Learning
Xingping Dong,Artificial Intelligence
Xingping Dong,Computer Vision
Xingxing Zuo 0001,Artificial Intelligence
Xingxing Zuo 0001,Computer Vision
Xingxing Zuo 0001,Robotics
Xingyi Song,Machine Learning
Xingyi Song,Natural Language Processing
Xinhua Zhang,Artificial Intelligence
Xinhua Zhang,Data Mining
Xinhua Zhang,Machine Learning
Xinhua Zhang,Visualization
Xinya Du,Machine Learning
Xinya Du,Natural Language Processing
Xinya Du,Robotics
Xinyang Li,Computer Graphics
Xinyang Li,Computer Vision
Xinyang Li,Machine Learning
Xinyang Li,Natural Language Processing
Xinyang Li,Robotics
Xinyu Wang 0001,Artificial Intelligence
Xinyu Wang 0001,Computer Vision
Xinyu Wang 0001,Data Mining
Xinyu Wang 0001,Databases
Xinyu Wang 0001,Software Engineering
Xinyu Wang 0006,Databases
Xinyu Wang 0006,Human-Computer Interaction
Xinyu Wang 0006,Machine Learning
Xinyu Wang 0006,Software Engineering
Xiongnan Jin,Artificial Intelligence
Xiongnan Jin,Natural Language Processing
Xipeng Qiu,Artificial Intelligence
Xipeng Qiu,Computer Vision
Xipeng Qiu,Machine Learning
Xipeng Qiu,Natural Language Processing
Xiting Wang,Artificial Intelligence
Xiting Wang,Data Mining
Xiting Wang,Machine Learning
Xiting Wang,Natural Language Processing
Xiting Wang,The Web & Information Retrieval
Xiting Wang,Visualization
Xiu Li 0001,Artificial Intelligence
Xiu Li 0001,Computer Vision
Xiu Li 0001,Data Mining
Xiu Li 0001,Machine Learning
Xiu Li 0001,Natural Language Processing
Xiu Li 0001,Robotics
Xiu Li 0001,The Web & Information Retrieval
Xiucheng Li,Artificial Intelligence
Xiucheng Li,Data Mining
Xiucheng Li,Databases
Xiucheng Li,Machine Learning
Xiucheng Li,The Web & Information Retrieval
Xiuying Chen,Artificial Intelligence
Xiuying Chen,Machine Learning
Xiuying Chen,Natural Language Processing
Xiuying Chen,The Web & Information Retrieval
Xiuzhen Cheng,Artificial Intelligence
Xiuzhen Cheng,Data Mining
Xiuzhen Cheng,Databases
Xiuzhen Cheng,The Web & Information Retrieval
Xiuzhuang Zhou,Computer Vision
Xu Chen 0017,Artificial Intelligence
Xu Chen 0017,Data Mining
Xu Chen 0017,Databases
Xu Chen 0017,Machine Learning
Xu Chen 0017,Natural Language Processing
Xu Chen 0017,The Web & Information Retrieval
Xu Han 0007,Artificial Intelligence
Xu Han 0007,Computer Vision
Xu Han 0007,Machine Learning
Xu Han 0007,Natural Language Processing
Xu He,Artificial Intelligence
Xu He,Computer Vision
Xu He,Machine Learning
Xu He,Robotics
Xu He,The Web & Information Retrieval
Xu Liu 0006,Artificial Intelligence
Xu Liu 0006,Computer Vision
Xu Liu 0006,Natural Language Processing
Xu Sun 0001,Artificial Intelligence
Xu Sun 0001,Computer Vision
Xu Sun 0001,Machine Learning
Xu Sun 0001,Natural Language Processing
Xu Yang 0019,Artificial Intelligence
Xu Yang 0019,Computer Vision
Xu Yang 0019,Machine Learning
Xu Yang 0019,Natural Language Processing
Xuan Song 0001,Artificial Intelligence
Xuan Song 0001,Data Mining
Xuan Song 0001,Human-Computer Interaction
Xuan Song 0001,Machine Learning
Xuan Song 0001,Robotics
Xuan Song 0001,The Web & Information Retrieval
Xuan Yang,Artificial Intelligence
Xuan Yang,Computer Vision
Xuan Yang,Machine Learning
Xuanhe Zhou,Databases
Xuanhe Zhou,Machine Learning
Xuanjing Huang 0001,Artificial Intelligence
Xuanjing Huang 0001,Computer Vision
Xuanjing Huang 0001,Machine Learning
Xuanjing Huang 0001,Natural Language Processing
Xuanjing Huang 0001,The Web & Information Retrieval
Xubo Wang,Databases
Xucong Zhang,Computer Vision
Xucong Zhang,Human-Computer Interaction
Xucong Zhang,Machine Learning
Xucong Zhang,Robotics
Xudong Liu 0001,Artificial Intelligence
Xudong Liu 0001,Data Mining
Xudong Liu 0001,Natural Language Processing
Xudong Liu 0001,Software Engineering
Xudong Liu 0001,The Web & Information Retrieval
Xue (Steve) Liu,Artificial Intelligence
Xue (Steve) Liu,Data Mining
Xue (Steve) Liu,Human-Computer Interaction
Xue (Steve) Liu,Machine Learning
Xue (Steve) Liu,Natural Language Processing
Xue (Steve) Liu,Robotics
Xue (Steve) Liu,The Web & Information Retrieval
Xue Bin Peng,Computer Graphics
Xue Bin Peng,Computer Vision
Xue Bin Peng,Machine Learning
Xue Bin Peng,Robotics
Xue Yang 0005,Artificial Intelligence
Xue Yang 0005,Computer Vision
Xue Yang 0005,Machine Learning
Xuefeng Bai 0001,Artificial Intelligence
Xuefeng Bai 0001,Machine Learning
Xuefeng Bai 0001,Natural Language Processing
Xuefeng Du,Artificial Intelligence
Xuefeng Du,Computer Vision
Xuefeng Du,Machine Learning
Xuejin Chen,Artificial Intelligence
Xuejin Chen,Computer Graphics
Xuejin Chen,Computer Vision
Xuejin Chen,Machine Learning
Xuemeng Song,Artificial Intelligence
Xuemeng Song,Computer Vision
Xuemeng Song,Machine Learning
Xuemeng Song,Natural Language Processing
Xuemeng Song,The Web & Information Retrieval
Xuemin Lin 0001,Artificial Intelligence
Xuemin Lin 0001,Data Mining
Xuemin Lin 0001,Databases
Xuemin Lin 0001,Machine Learning
Xuemin Lin 0001,Natural Language Processing
Xuemin Lin 0001,The Web & Information Retrieval
Xueping Peng,The Web & Information Retrieval
Xueqi Cheng,Artificial Intelligence
Xueqi Cheng,Computer Vision
Xueqi Cheng,Data Mining
Xueqi Cheng,Machine Learning
Xueqi Cheng,Natural Language Processing
Xueqi Cheng,The Web & Information Retrieval
Xuesong Lu,Robotics
Xuesong Lu,The Web & Information Retrieval
Xuesu Xiao,Artificial Intelligence
Xuesu Xiao,Machine Learning
Xuesu Xiao,Robotics
Xuetao Wei,Artificial Intelligence
Xuetao Wei,Data Mining
Xuetao Wei,Machine Learning
Xuetao Wei,Natural Language Processing
Xuetao Wei,The Web & Information Retrieval
Xueyan Zou,Computer Vision
Xueyan Zou,Machine Learning
Xueyan Zou,Robotics
Xueyang Fu,Artificial Intelligence
Xueyang Fu,Computer Vision
Xueyang Fu,Machine Learning
Xueying Qin,Artificial Intelligence
Xueying Qin,Computer Graphics
Xueying Qin,Computer Vision
Xueying Qin,Robotics
Xuezhou Zhang,Artificial Intelligence
Xuezhou Zhang,Data Mining
Xuezhou Zhang,Machine Learning
Xuezhou Zhang,The Web & Information Retrieval
Xuguang Lan,Artificial Intelligence
Xuguang Lan,Computer Vision
Xuguang Lan,Machine Learning
Xuguang Lan,Robotics
Xuhai Xu,Human-Computer Interaction
Xuhai Xu,Machine Learning
Xuhai Xu,Natural Language Processing
Xuhai Xu,The Web & Information Retrieval
Xujie Si,Artificial Intelligence
Xujie Si,Computer Vision
Xujie Si,Machine Learning
Xujie Si,Natural Language Processing
Xujie Si,Software Engineering
Xuming He 0001,Artificial Intelligence
Xuming He 0001,Computer Vision
Xuming He 0001,Data Mining
Xuming He 0001,Machine Learning
Xuming He 0001,Robotics
Xuming Hu,Artificial Intelligence
Xuming Hu,Computer Vision
Xuming Hu,Data Mining
Xuming Hu,Machine Learning
Xuming Hu,Natural Language Processing
Xuming Hu,The Web & Information Retrieval
Xun Yang 0001,Artificial Intelligence
Xun Yang 0001,Computer Vision
Xun Yang 0001,Machine Learning
Xun Yang 0001,Natural Language Processing
Xun Yang 0001,The Web & Information Retrieval
Ya Zhang 0002,Artificial Intelligence
Ya Zhang 0002,Computer Vision
Ya Zhang 0002,Machine Learning
Ya Zhang 0002,Natural Language Processing
Yadong Mu,Artificial Intelligence
Yadong Mu,Computer Vision
Yadong Mu,Machine Learning
Yadong Mu,The Web & Information Retrieval
Yahong Han,Artificial Intelligence
Yahong Han,Computer Vision
Yahong Han,Machine Learning
Yahong Han,The Web & Information Retrieval
Yair Carmon,Machine Learning
Yajing Xu,Artificial Intelligence
Yajing Xu,Computer Vision
Yajing Xu,Data Mining
Yajing Xu,Natural Language Processing
Yajing Xu,The Web & Information Retrieval
Yali Du 0001,Artificial Intelligence
Yali Du 0001,Machine Learning
Yali Du 0001,Natural Language Processing
Yali Du 0001,Robotics
Yali Du 0001,The Web & Information Retrieval
Yalin Wang 0001,Artificial Intelligence
Yalin Wang 0001,Computer Vision
Yalin Wang 0001,Machine Learning
Yan Chen 0033,Human-Computer Interaction
Yan Yan 0002,Artificial Intelligence
Yan Yan 0002,Computer Vision
Yan Yan 0002,Machine Learning
Yan Yan 0002,Robotics
Yan Yan 0002,The Web & Information Retrieval
Yan Yan 0006,Artificial Intelligence
Yan Yan 0006,Computer Vision
Yan Yan 0006,Machine Learning
Yan Zheng 0002,Artificial Intelligence
Yan Zheng 0002,Computer Vision
Yan Zheng 0002,Machine Learning
Yan Zheng 0002,Natural Language Processing
Yan Zheng 0002,Software Engineering
Yan Zheng 0002,The Web & Information Retrieval
Yanai Elazar,Artificial Intelligence
Yanai Elazar,Machine Learning
Yanai Elazar,Natural Language Processing
Yandong Wen,Computer Graphics
Yandong Wen,Computer Vision
Yandong Wen,Machine Learning
Yanfang Ye 0001,Artificial Intelligence
Yanfang Ye 0001,Data Mining
Yanfang Ye 0001,Databases
Yanfang Ye 0001,Human-Computer Interaction
Yanfang Ye 0001,Machine Learning
Yanfang Ye 0001,Natural Language Processing
Yanfang Ye 0001,Software Engineering
Yanfang Ye 0001,The Web & Information Retrieval
Yanfeng Zhang 0001,Databases
Yang Cai 0001,Machine Learning
Yang Cai 0001,The Web & Information Retrieval
Yang Cao 0011,Artificial Intelligence
Yang Cao 0011,Data Mining
Yang Cao 0011,Databases
Yang Cao 0011,Machine Learning
Yang Cao 0011,The Web & Information Retrieval
Yang Cao 0012,Databases
Yang Deng 0002,Artificial Intelligence
Yang Deng 0002,Natural Language Processing
Yang Deng 0002,The Web & Information Retrieval
Yang Gao 0001,Artificial Intelligence
Yang Gao 0001,Computer Graphics
Yang Gao 0001,Computer Vision
Yang Gao 0001,Machine Learning
Yang Gao 0001,The Web & Information Retrieval
Yang Gao 0029,Artificial Intelligence
Yang Gao 0029,Computer Vision
Yang Gao 0029,Machine Learning
Yang Gao 0029,Robotics
Yang Hua 0001,Artificial Intelligence
Yang Hua 0001,Computer Vision
Yang Hua 0001,Data Mining
Yang Hua 0001,Machine Learning
Yang Liu 0003,Artificial Intelligence
Yang Liu 0003,Computer Vision
Yang Liu 0003,Data Mining
Yang Liu 0003,Machine Learning
Yang Liu 0003,Natural Language Processing
Yang Liu 0003,Robotics
Yang Liu 0003,Software Engineering
Yang Liu 0003,The Web & Information Retrieval
Yang Liu 0005,Artificial Intelligence
Yang Liu 0005,Computer Vision
Yang Liu 0005,Data Mining
Yang Liu 0005,Machine Learning
Yang Liu 0005,Natural Language Processing
Yang Liu 0018,Artificial Intelligence
Yang Liu 0018,Computer Vision
Yang Liu 0018,Data Mining
Yang Liu 0018,Machine Learning
Yang Liu 0018,Natural Language Processing
Yang Liu 0018,The Web & Information Retrieval
Yang Liu 0084,Computer Vision
Yang Song 0001,Artificial Intelligence
Yang Song 0001,Computer Vision
Yang Song 0001,Machine Learning
Yang Song 0001,Robotics
Yang Song 0001,The Web & Information Retrieval
Yang Wang 0015,Artificial Intelligence
Yang Wang 0015,Computer Vision
Yang Wang 0015,Data Mining
Yang Wang 0015,Databases
Yang Wang 0015,Human-Computer Interaction
Yang Wang 0015,Machine Learning
Yang Wang 0015,Natural Language Processing
Yang Wang 0015,Robotics
Yang Wang 0015,The Web & Information Retrieval
Yang Xiao 0007,Computer Vision
Yang Xu 0023,Natural Language Processing
Yang Yang 0002,Artificial Intelligence
Yang Yang 0002,Computer Vision
Yang Yang 0002,Human-Computer Interaction
Yang Yang 0002,Machine Learning
Yang Yang 0002,Natural Language Processing
Yang Yang 0002,Robotics
Yang Yang 0002,The Web & Information Retrieval
Yang Yang 0009,Artificial Intelligence
Yang Yang 0009,Computer Vision
Yang Yang 0009,Data Mining
Yang Yang 0009,Machine Learning
Yang Yang 0009,Natural Language Processing
Yang Yang 0009,The Web & Information Retrieval
Yang You 0001,Artificial Intelligence
Yang You 0001,Computer Vision
Yang You 0001,Data Mining
Yang You 0001,Machine Learning
Yang You 0001,Natural Language Processing
Yang You 0001,The Web & Information Retrieval
Yang Yu 0001,Artificial Intelligence
Yang Yu 0001,Data Mining
Yang Yu 0001,Machine Learning
Yang Yu 0001,Robotics
Yang Zhou 0007,Artificial Intelligence
Yang Zhou 0007,Computer Graphics
Yang Zhou 0007,Computer Vision
Yang Zhou 0007,Machine Learning
Yang Zhou 0007,The Web & Information Retrieval
Yanghua Xiao,Artificial Intelligence
Yanghua Xiao,Data Mining
Yanghua Xiao,Databases
Yanghua Xiao,Machine Learning
Yanghua Xiao,Natural Language Processing
Yanghua Xiao,Software Engineering
Yanghua Xiao,The Web & Information Retrieval
Yangming Li,Artificial Intelligence
Yangming Li,Machine Learning
Yangming Li,Natural Language Processing
Yangming Li,Robotics
Yangqiu Song,Artificial Intelligence
Yangqiu Song,Computer Vision
Yangqiu Song,Data Mining
Yangqiu Song,Databases
Yangqiu Song,Machine Learning
Yangqiu Song,Natural Language Processing
Yangqiu Song,The Web & Information Retrieval
Yangqiu Song,Visualization
Yanhua Yu,Artificial Intelligence
Yanhua Yu,Computer Vision
Yanhua Yu,Natural Language Processing
Yanhua Yu,The Web & Information Retrieval
Yaniv Romano,Computer Vision
Yaniv Romano,Machine Learning
Yaniv Romano,Natural Language Processing
Yankai Lin 0001,Artificial Intelligence
Yankai Lin 0001,Machine Learning
Yankai Lin 0001,Natural Language Processing
Yankai Lin 0001,The Web & Information Retrieval
Yanlin Wang 0001,Artificial Intelligence
Yanlin Wang 0001,Data Mining
Yanlin Wang 0001,Machine Learning
Yanlin Wang 0001,Natural Language Processing
Yanlin Wang 0001,Software Engineering
Yannai A. Gonczarowski,Machine Learning
Yanning Zhang 0001,Artificial Intelligence
Yanning Zhang 0001,Computer Vision
Yanning Zhang 0001,Machine Learning
Yanwei Fu 0001,Artificial Intelligence
Yanwei Fu 0001,Computer Graphics
Yanwei Fu 0001,Computer Vision
Yanwei Fu 0001,Machine Learning
Yanwei Fu 0001,Robotics
Yanyan Shen,Artificial Intelligence
Yanyan Shen,Data Mining
Yanyan Shen,Databases
Yanyan Shen,Machine Learning
Yanyan Shen,The Web & Information Retrieval
Yanyan Zhao,Artificial Intelligence
Yanyan Zhao,Machine Learning
Yanyan Zhao,Natural Language Processing
Yanyong Zhang,Artificial Intelligence
Yanyong Zhang,Computer Vision
Yanyong Zhang,Human-Computer Interaction
Yanyong Zhang,Machine Learning
Yanyong Zhang,Robotics
Yanzhi Wang 0001,Artificial Intelligence
Yanzhi Wang 0001,Computer Vision
Yanzhi Wang 0001,Databases
Yanzhi Wang 0001,Machine Learning
Yanzhi Wang 0001,Natural Language Processing
Yanzhi Wang 0001,Robotics
Yao Lu,Artificial Intelligence
Yao Lu,Computer Vision
Yao Lu,Natural Language Processing
Yao Lu,Robotics
Yao Ma 0001,Artificial Intelligence
Yao Ma 0001,Data Mining
Yao Ma 0001,Machine Learning
Yao Ma 0001,Natural Language Processing
Yao Ma 0001,The Web & Information Retrieval
Yao Zhao 0001,Artificial Intelligence
Yao Zhao 0001,Computer Vision
Yao Zhao 0001,Data Mining
Yao Zhao 0001,Machine Learning
Yao Zhao 0001,Robotics
Yao-Xiang Ding 0001,Artificial Intelligence
Yao-Xiang Ding 0001,Computer Graphics
Yao-Xiang Ding 0001,Data Mining
Yao-Xiang Ding 0001,Machine Learning
Yaochu Jin,Artificial Intelligence
Yaochu Jin,Computer Vision
Yaochu Jin,Machine Learning
Yaochu Jin,The Web & Information Retrieval
Yaodong Yang 0001,Artificial Intelligence
Yaodong Yang 0001,Computer Vision
Yaodong Yang 0001,Machine Learning
Yaodong Yang 0001,Natural Language Processing
Yaodong Yang 0001,Robotics
Yaodong Yang 0001,The Web & Information Retrieval
Yaodong Yu,Artificial Intelligence
Yaodong Yu,Computer Vision
Yaodong Yu,Machine Learning
Yaodong Yu,Natural Language Processing
Yaohui Jin,Artificial Intelligence
Yaohui Jin,Machine Learning
Yaohui Jin,Natural Language Processing
Yaohui Jin,The Web & Information Retrieval
Yaojie Lu 0001,Artificial Intelligence
Yaojie Lu 0001,Machine Learning
Yaojie Lu 0001,Natural Language Processing
Yaojie Lu 0001,Software Engineering
Yaoliang Yu,Artificial Intelligence
Yaoliang Yu,Computer Vision
Yaoliang Yu,Data Mining
Yaoliang Yu,Machine Learning
Yaoliang Yu,Natural Language Processing
Yaonan Wang 0001,Artificial Intelligence
Yaonan Wang 0001,Computer Vision
Yaonan Wang 0001,Robotics
Yaoyao Liu 0001,Artificial Intelligence
Yaoyao Liu 0001,Computer Vision
Yaoyao Liu 0001,Machine Learning
Yapeng Tian,Artificial Intelligence
Yapeng Tian,Computer Vision
Yapeng Tian,Human-Computer Interaction
Yapeng Tian,Machine Learning
Yapeng Tian,Natural Language Processing
Yaqian Zhou 0001,Artificial Intelligence
Yaqian Zhou 0001,Machine Learning
Yaqian Zhou 0001,Natural Language Processing
Yarin Gal,Artificial Intelligence
Yarin Gal,Computer Vision
Yarin Gal,Machine Learning
Yarin Gal,Natural Language Processing
Yarin Gal,Robotics
Yaron Lipman,Computer Graphics
Yaron Lipman,Computer Vision
Yaron Lipman,Machine Learning
Yash Sinha,Artificial Intelligence
Yasmine Kotturi,Artificial Intelligence
Yasuyuki Matsushita,Computer Vision
Yasuyuki Matsushita,Human-Computer Interaction
Yasuyuki Matsushita,Machine Learning
Yasuyuki Matsushita,Robotics
Yaxing Wang,Artificial Intelligence
Yaxing Wang,Computer Vision
Yaxing Wang,Machine Learning
Yazhou Ren 0001,Artificial Intelligence
Yazhou Ren 0001,Computer Vision
Yazhou Ren 0001,Machine Learning
Yazmín Ibáñez-García,Artificial Intelligence
Yazmín Ibáñez-García,Machine Learning
Yefeng Zheng 0001,Artificial Intelligence
Yefeng Zheng 0001,Computer Vision
Yefeng Zheng 0001,Data Mining
Yefeng Zheng 0001,Human-Computer Interaction
Yefeng Zheng 0001,Machine Learning
Yefeng Zheng 0001,Natural Language Processing
Yefeng Zheng 0001,The Web & Information Retrieval
Yejin Choi 0001,Artificial Intelligence
Yejin Choi 0001,Computer Vision
Yejin Choi 0001,Machine Learning
Yejin Choi 0001,Natural Language Processing
Yejin Choi 0001,Robotics
Yen-Ling Kuo,Artificial Intelligence
Yen-Ling Kuo,Computer Vision
Yen-Ling Kuo,Natural Language Processing
Yen-Ling Kuo,Robotics
Yevgeniy Vorobeychik,Artificial Intelligence
Yevgeniy Vorobeychik,Computer Vision
Yevgeniy Vorobeychik,Machine Learning
Yevgeniy Vorobeychik,Natural Language Processing
Yew-Soon Ong,Artificial Intelligence
Yew-Soon Ong,Computer Vision
Yew-Soon Ong,Data Mining
Yew-Soon Ong,Machine Learning
Yew-Soon Ong,Natural Language Processing
Yew-Soon Ong,The Web & Information Retrieval
Yezhou Yang,Artificial Intelligence
Yezhou Yang,Computer Vision
Yezhou Yang,Machine Learning
Yezhou Yang,Natural Language Processing
Yezhou Yang,Robotics
Yi Fang 0006,Artificial Intelligence
Yi Fang 0006,Computer Graphics
Yi Fang 0006,Computer Vision
Yi Fang 0006,Machine Learning
Yi Fang 0006,Robotics
Yi Jin 0001,Artificial Intelligence
Yi Jin 0001,Computer Vision
Yi Jin 0001,Machine Learning
Yi Jin 0001,Robotics
Yi Li 0002,Machine Learning
Yi Li 0008,Machine Learning
Yi Li 0008,Software Engineering
Yi Liu 0059,Data Mining
Yi Liu 0059,Machine Learning
Yi Ma 0001,Computer Vision
Yi Ma 0001,Machine Learning
Yi Ma 0001,Robotics
Yi R. Fung 0001,Artificial Intelligence
Yi R. Fung 0001,Data Mining
Yi R. Fung 0001,Natural Language Processing
Yi Wang 0003,Computer Vision
Yi Wu 0013,Artificial Intelligence
Yi Wu 0013,Computer Vision
Yi Wu 0013,Human-Computer Interaction
Yi Wu 0013,Machine Learning
Yi Wu 0013,Natural Language Processing
Yi Wu 0013,Robotics
Yi Yang 0001,Artificial Intelligence
Yi Yang 0001,Computer Vision
Yi Yang 0001,Data Mining
Yi Yang 0001,Machine Learning
Yi Yang 0001,Natural Language Processing
Yi Yang 0001,The Web & Information Retrieval
Yi Yu 0001,Artificial Intelligence
Yi Zhou 0017,Artificial Intelligence
Yi Zhou 0017,Machine Learning
Yi-An Ma,Data Mining
Yi-An Ma,Machine Learning
Yi-Zhe Song,Artificial Intelligence
Yi-Zhe Song,Computer Graphics
Yi-Zhe Song,Computer Vision
Yi-Zhe Song,Machine Learning
Yiannis Aloimonos,Artificial Intelligence
Yiannis Aloimonos,Computer Vision
Yiannis Aloimonos,Machine Learning
Yiannis Aloimonos,Natural Language Processing
Yiannis Aloimonos,Robotics
Yichao Yan,Artificial Intelligence
Yichao Yan,Computer Vision
Yichao Yan,Machine Learning
Yidong Li,Artificial Intelligence
Yidong Li,Computer Vision
Yidong Li,Data Mining
Yidong Li,Machine Learning
Yidong Li,Robotics
Yifan Chen 0004,Artificial Intelligence
Yifan Chen 0004,Machine Learning
Yifan Chen 0004,Natural Language Processing
Yifan Zhu 0020,Robotics
Yike Guo,Artificial Intelligence
Yike Guo,Computer Graphics
Yike Guo,Computer Vision
Yike Guo,Data Mining
Yike Guo,Human-Computer Interaction
Yike Guo,Machine Learning
Yike Guo,Natural Language Processing
Yikun Ban,Artificial Intelligence
Yikun Ban,Data Mining
Yikun Ban,Machine Learning
Yikun Ban,Natural Language Processing
Yikun Ban,The Web & Information Retrieval
Yiling Chen 0001,Artificial Intelligence
Yiling Chen 0001,Machine Learning
Yiling Chen 0001,The Web & Information Retrieval
Yilun Du,Computer Vision
Yilun Du,Machine Learning
Yilun Du,Robotics
Yiming Li,Artificial Intelligence
Yiming Li,Computer Vision
Yiming Li,Databases
Yiming Li,Machine Learning
Yiming Li,Natural Language Processing
Yiming Li,Robotics
Yiming Qian,Artificial Intelligence
Yiming Qian,Computer Graphics
Yiming Qian,Computer Vision
Yiming Qian,Machine Learning
Yiming Qian,Natural Language Processing
Yiming Qian,Robotics
Yiming Yang,Databases
Yiming Yang,Machine Learning
Yiming Yang,Robotics
Yin Li 0003,Artificial Intelligence
Yin Li 0003,Computer Vision
Yin Li 0003,Human-Computer Interaction
Yin Li 0003,Machine Learning
Ying Tai,Artificial Intelligence
Ying Tai,Computer Graphics
Ying Tai,Computer Vision
Ying Tai,Machine Learning
Ying Wang 0009,Artificial Intelligence
Ying Wang 0009,Data Mining
Ying Wang 0009,Machine Learning
Ying Wang 0009,Natural Language Processing
Ying Wang 0009,The Web & Information Retrieval
Ying Wei 0001,Artificial Intelligence
Ying Wei 0001,Computer Vision
Ying Wei 0001,Data Mining
Ying Wei 0001,Machine Learning
Ying Wei 0001,Natural Language Processing
Ying Wei 0001,The Web & Information Retrieval
Ying Wu 0001,Computer Vision
Ying Wu 0001,Machine Learning
Ying Wu 0001,Robotics
Ying Zhang 0001,Artificial Intelligence
Ying Zhang 0001,Data Mining
Ying Zhang 0001,Databases
Ying Zhang 0001,The Web & Information Retrieval
Ying Zhang 0015,Artificial Intelligence
Ying Zhang 0015,Machine Learning
Ying Zhang 0015,Natural Language Processing
Ying Zhang 0015,The Web & Information Retrieval
Yingbin Liang,Artificial Intelligence
Yingbin Liang,Machine Learning
Yingcai Wu,Artificial Intelligence
Yingcai Wu,Data Mining
Yingcai Wu,Human-Computer Interaction
Yingcai Wu,Visualization
Yinghui Wu 0001,Artificial Intelligence
Yinghui Wu 0001,Data Mining
Yinghui Wu 0001,Databases
Yingxia Shao,Artificial Intelligence
Yingxia Shao,Data Mining
Yingxia Shao,Databases
Yingxia Shao,Machine Learning
Yingxia Shao,Natural Language Processing
Yingxia Shao,The Web & Information Retrieval
Yingying Zhu 0004,Artificial Intelligence
Yingying Zhu 0004,Computer Vision
Yingying Zhu 0004,Natural Language Processing
Yingyu Liang,Artificial Intelligence
Yingyu Liang,Data Mining
Yingyu Liang,Machine Learning
Yingyu Liang,Natural Language Processing
Yingzhen Li,Machine Learning
Yingzhen Li,Natural Language Processing
Yinqiang Zheng,Artificial Intelligence
Yinqiang Zheng,Computer Graphics
Yinqiang Zheng,Computer Vision
Yinqiang Zheng,Machine Learning
Yintong Huo,Software Engineering
Yipeng Qin,Artificial Intelligence
Yipeng Qin,Computer Graphics
Yipeng Qin,Computer Vision
Yipeng Qin,Human-Computer Interaction
Yipeng Qin,Machine Learning
Yiping Ke,Artificial Intelligence
Yiping Ke,Computer Vision
Yiping Ke,Data Mining
Yiping Ke,Machine Learning
Yiping Ke,The Web & Information Retrieval
Yiqun Liu 0001,Artificial Intelligence
Yiqun Liu 0001,Computer Vision
Yiqun Liu 0001,Data Mining
Yiqun Liu 0001,Human-Computer Interaction
Yiqun Liu 0001,Machine Learning
Yiqun Liu 0001,Natural Language Processing
Yiqun Liu 0001,The Web & Information Retrieval
Yiqun Wang 0001,Artificial Intelligence
Yiqun Wang 0001,Computer Graphics
Yiqun Wang 0001,Computer Vision
Yiqun Wang 0001,Machine Learning
Yiran Chen 0001,Artificial Intelligence
Yiran Chen 0001,Computer Vision
Yiran Chen 0001,Data Mining
Yiran Chen 0001,Machine Learning
Yiran Chen 0001,Natural Language Processing
Yiran Chen 0001,The Web & Information Retrieval
Yisen Wang 0001,Artificial Intelligence
Yisen Wang 0001,Computer Vision
Yisen Wang 0001,Data Mining
Yisen Wang 0001,Machine Learning
Yisen Wang 0001,Natural Language Processing
Yishay Mansour,Artificial Intelligence
Yishay Mansour,Machine Learning
Yisong Yue,Artificial Intelligence
Yisong Yue,Computer Graphics
Yisong Yue,Computer Vision
Yisong Yue,Data Mining
Yisong Yue,Machine Learning
Yisong Yue,Robotics
Yitao Liang,Artificial Intelligence
Yitao Liang,Computer Vision
Yitao Liang,Machine Learning
Yitao Liang,Natural Language Processing
Yitong Wang,Artificial Intelligence
Yitong Wang,Computer Graphics
Yitong Wang,Computer Vision
Yitong Wang,Data Mining
Yitong Wang,Machine Learning
Yitong Wang,Natural Language Processing
Yiwei Wang 0001,Artificial Intelligence
Yiwei Wang 0001,Computer Vision
Yiwei Wang 0001,Data Mining
Yiwei Wang 0001,Machine Learning
Yiwei Wang 0001,Natural Language Processing
Yiwei Wang 0001,The Web & Information Retrieval
Yixiang Fang,Artificial Intelligence
Yixiang Fang,Databases
Yixiang Fang,Machine Learning
Yixiang Fang,The Web & Information Retrieval
Yixin Cao 0002,Artificial Intelligence
Yixin Cao 0002,Data Mining
Yixin Cao 0002,Machine Learning
Yixin Cao 0002,Natural Language Processing
Yixin Cao 0002,The Web & Information Retrieval
Yixin Chen 0001,Artificial Intelligence
Yixin Chen 0001,Computer Vision
Yixin Chen 0001,Data Mining
Yixin Chen 0001,Machine Learning
Yixin Chen 0001,The Web & Information Retrieval
Yixin Zhu 0001,Artificial Intelligence
Yixin Zhu 0001,Computer Graphics
Yixin Zhu 0001,Computer Vision
Yixin Zhu 0001,Machine Learning
Yixin Zhu 0001,Robotics
Yixuan Li 0001,Artificial Intelligence
Yixuan Li 0001,Computer Vision
Yixuan Li 0001,Data Mining
Yixuan Li 0001,Machine Learning
Yixuan Li 0001,Natural Language Processing
Yixuan Li 0001,The Web & Information Retrieval
Yixuan Zhang 0001,Machine Learning
Yixuan Zhang 0001,Visualization
Yiyi Zhou,Artificial Intelligence
Yiyi Zhou,Computer Vision
Yiyi Zhou,Machine Learning
Yizhong Wang,Artificial Intelligence
Yizhong Wang,Computer Vision
Yizhong Wang,Machine Learning
Yizhong Wang,Natural Language Processing
Yizhou Sun,Artificial Intelligence
Yizhou Sun,Computer Vision
Yizhou Sun,Data Mining
Yizhou Sun,Databases
Yizhou Sun,Machine Learning
Yizhou Sun,Natural Language Processing
Yizhou Sun,The Web & Information Retrieval
Yizhou Wang 0001,Artificial Intelligence
Yizhou Wang 0001,Computer Graphics
Yizhou Wang 0001,Computer Vision
Yizhou Wang 0001,Machine Learning
Yizhou Wang 0001,Robotics
Yizhou Yu,Artificial Intelligence
Yizhou Yu,Computer Graphics
Yizhou Yu,Computer Vision
Yizhou Yu,Machine Learning
Yoav Artzi,Computer Vision
Yoav Artzi,Machine Learning
Yoav Artzi,Natural Language Processing
Yoav Artzi,Robotics
Yoav Artzi,The Web & Information Retrieval
Yoav Goldberg,Machine Learning
Yoav Goldberg,Natural Language Processing
Yoav Levine,Machine Learning
Yoav Levine,Natural Language Processing
Yoav Y. Schechner,Computer Vision
Yogesh S. Rawat,Artificial Intelligence
Yogesh S. Rawat,Computer Vision
Yogesh S. Rawat,Machine Learning
Yohan Jo,Machine Learning
Yohan Jo,Natural Language Processing
Yonatan Belinkov,Artificial Intelligence
Yonatan Belinkov,Computer Vision
Yonatan Belinkov,Machine Learning
Yonatan Belinkov,Natural Language Processing
Yonatan Belinkov,The Web & Information Retrieval
Yonatan Bisk,Artificial Intelligence
Yonatan Bisk,Computer Vision
Yonatan Bisk,Machine Learning
Yonatan Bisk,Natural Language Processing
Yonatan Bisk,Robotics
Yonathan Efroni,Artificial Intelligence
Yonathan Efroni,Machine Learning
Yong Jae Lee,Computer Vision
Yong Jae Lee,Machine Learning
Yong Jae Lee,Natural Language Processing
Yong Jae Lee,Robotics
Yong Li 0008,Artificial Intelligence
Yong Li 0008,Computer Vision
Yong Li 0008,Data Mining
Yong Li 0008,Human-Computer Interaction
Yong Li 0008,Machine Learning
Yong Li 0008,Natural Language Processing
Yong Li 0008,The Web & Information Retrieval
Yong Li 0032,Artificial Intelligence
Yong Li 0032,Computer Vision
Yong Li 0032,Machine Learning
Yong Liu 0007,Artificial Intelligence
Yong Liu 0007,Computer Graphics
Yong Liu 0007,Computer Vision
Yong Liu 0007,Machine Learning
Yong Liu 0007,Natural Language Processing
Yong Liu 0007,Robotics
Yong Liu 0018,Artificial Intelligence
Yong Liu 0018,Computer Vision
Yong Liu 0018,Data Mining
Yong Liu 0018,Machine Learning
Yong Liu 0018,Natural Language Processing
Yong Yu 0001,Artificial Intelligence
Yong Yu 0001,Computer Graphics
Yong Yu 0001,Data Mining
Yong Yu 0001,Human-Computer Interaction
Yong Yu 0001,Machine Learning
Yong Yu 0001,Natural Language Processing
Yong Yu 0001,Robotics
Yong Yu 0001,Software Engineering
Yong Yu 0001,The Web & Information Retrieval
Yong-Jin Liu 0001,Artificial Intelligence
Yong-Jin Liu 0001,Computer Graphics
Yong-Jin Liu 0001,Computer Vision
Yong-Jin Liu 0001,Human-Computer Interaction
Yong-Jin Liu 0001,Machine Learning
Yong-Jin Liu 0001,Robotics
Yong-Jin Liu 0001,Visualization
Yong-Lu Li 0001,Artificial Intelligence
Yong-Lu Li 0001,Computer Vision
Yong-Lu Li 0001,Machine Learning
Yong-Lu Li 0001,Robotics
Yongchao Xu,Artificial Intelligence
Yongchao Xu,Computer Vision
Yongchao Xu,Robotics
Yongchao Xu,The Web & Information Retrieval
Yongfeng Zhang 0003,Artificial Intelligence
Yongfeng Zhang 0003,Data Mining
Yongfeng Zhang 0003,Machine Learning
Yongfeng Zhang 0003,Natural Language Processing
Yongfeng Zhang 0003,The Web & Information Retrieval
Yonghong Tian 0001,Artificial Intelligence
Yonghong Tian 0001,Computer Vision
Yonghong Tian 0001,Machine Learning
Yonghong Tian 0001,Robotics
Yongjun Xu 0001,Artificial Intelligence
Yongjun Xu 0001,Computer Vision
Yongjun Xu 0001,Data Mining
Yongjun Xu 0001,Databases
Yongjun Xu 0001,Machine Learning
Yongjun Xu 0001,The Web & Information Retrieval
Yongli Ren,Human-Computer Interaction
Yongli Ren,Machine Learning
Yongli Ren,The Web & Information Retrieval
Yongliang Shen 0001,Artificial Intelligence
Yongliang Shen 0001,Computer Vision
Yongliang Shen 0001,Machine Learning
Yongliang Shen 0001,Natural Language Processing
Yongliang Shen 0001,The Web & Information Retrieval
Yongtao Wang,Artificial Intelligence
Yongtao Wang,Computer Vision
Yongtao Wang,Machine Learning
Yongxin Tong,Artificial Intelligence
Yongxin Tong,Data Mining
Yongxin Tong,Databases
Yongxin Yang,Artificial Intelligence
Yongxin Yang,Computer Graphics
Yongxin Yang,Computer Vision
Yongxin Yang,Data Mining
Yongxin Yang,Machine Learning
Yongyi Mao,Artificial Intelligence
Yongyi Mao,Computer Vision
Yongyi Mao,Data Mining
Yongyi Mao,Machine Learning
Yongyi Mao,Natural Language Processing
Yongyi Mao,The Web & Information Retrieval
Yongyong Chen,Artificial Intelligence
Yongyong Chen,Computer Vision
Yongyong Chen,Machine Learning
Yongzhi Cao,Artificial Intelligence
YooJung Choi 0001,Artificial Intelligence
YooJung Choi 0001,Machine Learning
Yoon Kim,Artificial Intelligence
Yoon Kim,Computer Vision
Yoon Kim,Human-Computer Interaction
Yoon Kim,Machine Learning
Yoon Kim,Natural Language Processing
Yoon Kim,Visualization
Yoonchang Sung,Robotics
Yoshua Bengio,Artificial Intelligence
Yoshua Bengio,Computer Vision
Yoshua Bengio,Machine Learning
Yoshua Bengio,Natural Language Processing
Yoshua Bengio,Robotics
Yossi Adi,Artificial Intelligence
Yossi Adi,Computer Vision
Yossi Adi,Machine Learning
Yossi Adi,Natural Language Processing
You Zhou 0008,Artificial Intelligence
You Zhou 0008,The Web & Information Retrieval
Youngjae Yu,Artificial Intelligence
Youngjae Yu,Computer Vision
Youngjae Yu,Machine Learning
Youngjae Yu,Natural Language Processing
Youngjae Yu,Robotics
Youngwoon Lee,Machine Learning
Youngwoon Lee,Robotics
Youyi Zheng,Computer Graphics
Youyi Zheng,Computer Vision
Youyi Zheng,Human-Computer Interaction
Yova Kementchedjhieva,Computer Vision
Yova Kementchedjhieva,Machine Learning
Yova Kementchedjhieva,Natural Language Processing
Yu Cheng 0001,Artificial Intelligence
Yu Cheng 0001,Computer Vision
Yu Cheng 0001,Machine Learning
Yu Cheng 0001,Natural Language Processing
Yu Cheng 0002,Artificial Intelligence
Yu Cheng 0002,Machine Learning
Yu Feng 0001,Software Engineering
Yu Gu 0002,Artificial Intelligence
Yu Gu 0002,Data Mining
Yu Gu 0002,Databases
Yu Gu 0002,Natural Language Processing
Yu Gu 0002,The Web & Information Retrieval
Yu Hong,Artificial Intelligence
Yu Hong,Computer Graphics
Yu Hong,Computer Vision
Yu Hong,Natural Language Processing
Yu Jiang 0001,Databases
Yu Jiang 0001,Human-Computer Interaction
Yu Jiang 0001,Software Engineering
Yu Kong 0001,Artificial Intelligence
Yu Kong 0001,Computer Vision
Yu Kong 0001,Robotics
Yu Li 0006,Artificial Intelligence
Yu Li 0006,Machine Learning
Yu Li 0006,Natural Language Processing
Yu Liu 0040,Artificial Intelligence
Yu Liu 0040,Databases
Yu Meng 0001,Artificial Intelligence
Yu Meng 0001,Data Mining
Yu Meng 0001,Machine Learning
Yu Meng 0001,Natural Language Processing
Yu Meng 0001,The Web & Information Retrieval
Yu Qiao 0001,Artificial Intelligence
Yu Qiao 0001,Computer Graphics
Yu Qiao 0001,Computer Vision
Yu Qiao 0001,Human-Computer Interaction
Yu Qiao 0001,Machine Learning
Yu Qiao 0001,Natural Language Processing
Yu Qiao 0001,Robotics
Yu Su 0001,Artificial Intelligence
Yu Su 0001,Computer Vision
Yu Su 0001,Data Mining
Yu Su 0001,Machine Learning
Yu Su 0001,Natural Language Processing
Yu Su 0001,The Web & Information Retrieval
Yu Sun 0027,Artificial Intelligence
Yu Sun 0027,Data Mining
Yu Sun 0027,Databases
Yu Sun 0027,Machine Learning
Yu Wang 0160,Artificial Intelligence
Yu Wang 0160,Data Mining
Yu Wang 0160,Machine Learning
Yu Wang 0160,Natural Language Processing
Yu Wang 0160,The Web & Information Retrieval
Yu Zhang 0006,Artificial Intelligence
Yu Zhang 0006,Computer Vision
Yu Zhang 0006,Data Mining
Yu Zhang 0006,Machine Learning
Yu Zhang 0006,Natural Language Processing
Yu Zhang 0006,The Web & Information Retrieval
Yu Zhang 0044,Artificial Intelligence
Yu Zhang 0044,Data Mining
Yu Zhang 0044,Machine Learning
Yu Zhang 0044,Natural Language Processing
Yu Zhang 0044,The Web & Information Retrieval
Yu-Gang Jiang 0001,Artificial Intelligence
Yu-Gang Jiang 0001,Computer Vision
Yu-Gang Jiang 0001,Machine Learning
Yu-Gang Jiang 0001,Natural Language Processing
Yu-Gang Jiang 0001,Robotics
Yu-Gang Jiang 0001,The Web & Information Retrieval
Yu-Kai Wang,Machine Learning
Yu-Kai Wang,Robotics
Yu-Kun Lai,Artificial Intelligence
Yu-Kun Lai,Computer Graphics
Yu-Kun Lai,Computer Vision
Yu-Kun Lai,Human-Computer Interaction
Yu-Kun Lai,Machine Learning
Yu-Kun Lai,Robotics
Yu-Kun Lai,Visualization
Yu-Ping Wang 0001,Computer Vision
Yu-Ping Wang 0001,Robotics
Yu-Ping Wang 0001,The Web & Information Retrieval
Yu-Shen Liu,Artificial Intelligence
Yu-Shen Liu,Computer Graphics
Yu-Shen Liu,Computer Vision
Yu-Shen Liu,Machine Learning
Yu-Shen Liu,Robotics
Yu-Wing Tai,Artificial Intelligence
Yu-Wing Tai,Computer Vision
Yu-Wing Tai,Machine Learning
Yu-Xiang Wang 0003,Computer Vision
Yu-Xiang Wang 0003,Data Mining
Yu-Xiang Wang 0003,Machine Learning
Yu-Xiang Wang 0003,Natural Language Processing
Yu-Xiong Wang,Artificial Intelligence
Yu-Xiong Wang,Computer Vision
Yu-Xiong Wang,Machine Learning
Yu-Xiong Wang,Robotics
Yuan Cao 0006,Artificial Intelligence
Yuan Cao 0006,Machine Learning
Yuan Jiang 0001,Artificial Intelligence
Yuan Jiang 0001,Data Mining
Yuan Jiang 0001,Machine Learning
Yuan Meng,Artificial Intelligence
Yuan Meng,Computer Vision
Yuan Meng,Data Mining
Yuan Meng,Machine Learning
Yuan Meng,Natural Language Processing
Yuan Meng,Robotics
Yuan Meng,The Web & Information Retrieval
Yuan Wu 0002,Artificial Intelligence
Yuan Wu 0002,Computer Vision
Yuan-Fang Li,Artificial Intelligence
Yuan-Fang Li,Computer Vision
Yuan-Fang Li,Machine Learning
Yuan-Fang Li,Natural Language Processing
Yuan-Fang Li,Robotics
Yuan-Fang Li,The Web & Information Retrieval
Yuan-Fang Li,Visualization
Yuanchun Shi,Computer Vision
Yuanchun Shi,Human-Computer Interaction
Yuanchun Shi,Machine Learning
Yuankai Qi,Artificial Intelligence
Yuankai Qi,Computer Vision
Yuankai Qi,Machine Learning
Yuankai Qi,Natural Language Processing
Yuanyuan Shi,Machine Learning
Yuanyuan Shi,Natural Language Processing
Yuanyuan Shi,Robotics
Yuanyuan Zhu 0001,Artificial Intelligence
Yuanyuan Zhu 0001,Databases
Yuanyuan Zhu 0001,Natural Language Processing
Yuanzhi Li,Artificial Intelligence
Yuanzhi Li,Machine Learning
Yuanzhi Li,Software Engineering
Yuchao Dai,Artificial Intelligence
Yuchao Dai,Computer Vision
Yuchao Dai,Machine Learning
Yuchao Dai,Robotics
Yuchen Cui,Artificial Intelligence
Yuchen Cui,Machine Learning
Yuchen Cui,Robotics
Yuchen Li 0001,Artificial Intelligence
Yuchen Li 0001,Data Mining
Yuchen Li 0001,Databases
Yuchen Li 0001,The Web & Information Retrieval
Yucheng Lu 0003,Machine Learning
Yue Dong 0002,Artificial Intelligence
Yue Dong 0002,Machine Learning
Yue Dong 0002,Natural Language Processing
Yue Gao 0002,Artificial Intelligence
Yue Gao 0002,Computer Vision
Yue Gao 0002,Data Mining
Yue Gao 0002,Machine Learning
Yue Gao 0002,Robotics
Yue Huang 0001,Artificial Intelligence
Yue Huang 0001,Computer Vision
Yue Huang 0001,Machine Learning
Yue Huang 0001,Natural Language Processing
Yue Jiang 0002,Computer Vision
Yue Jiang 0002,Human-Computer Interaction
Yue Song 0002,Artificial Intelligence
Yue Song 0002,Computer Vision
Yue Song 0002,Machine Learning
Yue Wang 0041,Computer Vision
Yue Wang 0041,Machine Learning
Yue Wang 0041,Robotics
Yue Zhang 0004,Artificial Intelligence
Yue Zhang 0004,Machine Learning
Yue Zhang 0004,Natural Language Processing
Yue Zhang 0004,Software Engineering
Yue Zhang 0004,The Web & Information Retrieval
Yue Zhang 0025,Artificial Intelligence
Yue Zhang 0025,Natural Language Processing
Yue Zhang 0025,Software Engineering
Yuedong Yang,Artificial Intelligence
Yuedong Yang,Computer Vision
Yuedong Yang,Machine Learning
Yuejie Zhang,Artificial Intelligence
Yuejie Zhang,Computer Vision
Yuejie Zhang,Natural Language Processing
Yueming Lyu,Machine Learning
Yueting Zhuang,Artificial Intelligence
Yueting Zhuang,Computer Vision
Yueting Zhuang,Machine Learning
Yueting Zhuang,Natural Language Processing
Yueting Zhuang,Robotics
Yueting Zhuang,The Web & Information Retrieval
Yuexin Ma,Artificial Intelligence
Yuexin Ma,Computer Graphics
Yuexin Ma,Computer Vision
Yuexin Ma,Machine Learning
Yuexin Ma,Robotics
Yufeng Li 0008,Artificial Intelligence
Yufeng Li 0008,Computer Vision
Yufeng Li 0008,Data Mining
Yufeng Li 0008,Machine Learning
Yufeng Li 0008,Natural Language Processing
Yuhang Song 0001,Artificial Intelligence
Yuhang Song 0001,Computer Vision
Yuhang Song 0001,Machine Learning
Yuheng Bu,Artificial Intelligence
Yuheng Bu,Machine Learning
Yuheng Jia,Artificial Intelligence
Yuheng Jia,Data Mining
Yuheng Jia,Machine Learning
Yuheng Jia,Natural Language Processing
Yuhong Guo,Artificial Intelligence
Yuhong Guo,Computer Vision
Yuhong Guo,Data Mining
Yuhong Guo,Machine Learning
Yuhong Guo,Natural Language Processing
Yuichi Yoshida,Artificial Intelligence
Yuichi Yoshida,Data Mining
Yuichi Yoshida,Databases
Yuichi Yoshida,Machine Learning
Yuichi Yoshida,The Web & Information Retrieval
Yujiao Shi 0002,Artificial Intelligence
Yujiao Shi 0002,Computer Graphics
Yujiao Shi 0002,Computer Vision
Yujiao Shi 0002,Machine Learning
Yujiao Shi 0002,Robotics
Yujun Cai,Computer Graphics
Yujun Cai,Computer Vision
Yujun Cai,Data Mining
Yujun Cai,Machine Learning
Yujun Cai,Natural Language Processing
Yujun Cai,The Web & Information Retrieval
Yukang Yan,Human-Computer Interaction
Yuke Zhu,Artificial Intelligence
Yuke Zhu,Computer Vision
Yuke Zhu,Machine Learning
Yuke Zhu,Robotics
Yulia Tsvetkov,Machine Learning
Yulia Tsvetkov,Natural Language Processing
Yulia Tsvetkov,The Web & Information Retrieval
Yuliang Xiu,Artificial Intelligence
Yuliang Xiu,Computer Graphics
Yuliang Xiu,Computer Vision
Yuliang Xiu,Machine Learning
Yulun Zhang 0001,Artificial Intelligence
Yulun Zhang 0001,Computer Vision
Yulun Zhang 0001,Machine Learning
Yulun Zhang 0001,Natural Language Processing
Yun Chen 0007,Artificial Intelligence
Yun Chen 0007,Data Mining
Yun Chen 0007,Machine Learning
Yun Chen 0007,Natural Language Processing
Yun Fu 0001,Artificial Intelligence
Yun Fu 0001,Computer Vision
Yun Fu 0001,Data Mining
Yun Fu 0001,Machine Learning
Yun Fu 0001,Natural Language Processing
Yun Fu 0001,The Web & Information Retrieval
Yun Li 0010,Artificial Intelligence
Yun Li 0010,Computer Vision
Yun Li 0010,Machine Learning
Yun Li 0010,Natural Language Processing
Yun Liu 0011,Artificial Intelligence
Yun Liu 0011,Computer Vision
Yun Liu 0011,Robotics
Yun Xiong,Artificial Intelligence
Yun Xiong,Data Mining
Yun Xiong,Machine Learning
Yun Xiong,Software Engineering
Yun Xiong,The Web & Information Retrieval
Yun-Hui Liu 0001,Computer Vision
Yun-Hui Liu 0001,Machine Learning
Yun-Hui Liu 0001,Robotics
Yunchao Wei,Artificial Intelligence
Yunchao Wei,Computer Vision
Yunchao Wei,Machine Learning
Yuncheng Wu,Artificial Intelligence
Yuncheng Wu,Databases
Yunhai Tong,Artificial Intelligence
Yunhai Tong,Computer Vision
Yunhai Tong,Data Mining
Yunhai Tong,Databases
Yunhai Tong,Machine Learning
Yunhai Tong,Natural Language Processing
Yunhai Tong,Robotics
Yunjun Gao,Artificial Intelligence
Yunjun Gao,Computer Vision
Yunjun Gao,Data Mining
Yunjun Gao,Databases
Yunjun Gao,Machine Learning
Yunjun Gao,The Web & Information Retrieval
Yuntao Wang 0001,Human-Computer Interaction
Yuntao Wang 0001,Machine Learning
Yuntian Deng,Data Mining
Yuntian Deng,Machine Learning
Yuntian Deng,Natural Language Processing
Yunwen Lei,Artificial Intelligence
Yunwen Lei,Machine Learning
Yunzhu Li,Computer Vision
Yunzhu Li,Machine Learning
Yunzhu Li,Natural Language Processing
Yunzhu Li,Robotics
Yuri Gloumakov,Robotics
Yushun Dong,Artificial Intelligence
Yushun Dong,Data Mining
Yushun Dong,Machine Learning
Yushun Dong,Natural Language Processing
Yushun Dong,The Web & Information Retrieval
Yusu Wang 0001,Artificial Intelligence
Yusu Wang 0001,Data Mining
Yusu Wang 0001,Machine Learning
Yusu Wang 0001,Visualization
Yuta Asano,Computer Graphics
Yuta Asano,Computer Vision
Yutong Xie 0001,Artificial Intelligence
Yutong Xie 0001,Computer Vision
Yutong Xie 0001,Machine Learning
Yutong Xie 0001,Natural Language Processing
Yuval Dagan,Machine Learning
Yuval Elovici,Artificial Intelligence
Yuval Elovici,Computer Vision
Yuval Elovici,Data Mining
Yuval Elovici,Human-Computer Interaction
Yuval Elovici,Machine Learning
Yuval Elovici,Software Engineering
Yuval Elovici,The Web & Information Retrieval
Yuval Pinter,Natural Language Processing
Yuval Pinter,The Web & Information Retrieval
Yuxia Wang 0003,Natural Language Processing
Yuxiao Dong,Artificial Intelligence
Yuxiao Dong,Computer Vision
Yuxiao Dong,Data Mining
Yuxiao Dong,Machine Learning
Yuxiao Dong,Natural Language Processing
Yuxiao Dong,The Web & Information Retrieval
Yuxin Chen 0001,Artificial Intelligence
Yuxin Chen 0001,Computer Vision
Yuxin Chen 0001,Machine Learning
Yuxin Chen 0001,Natural Language Processing
Yuxin Chen 0002,Machine Learning
Yuyin Zhou,Artificial Intelligence
Yuyin Zhou,Computer Vision
Yuyin Zhou,Machine Learning
Yuzhang Shang,Computer Vision
Yuzhang Shang,Machine Learning
Yuzhang Shang,Natural Language Processing
Yuzhang Shang,Robotics
Yves Lespérance,Artificial Intelligence
Yves-Alexandre de Montjoye,Machine Learning
Zachary Kingston,Robotics
Zahir Tari,The Web & Information Retrieval
Zan Wang,Artificial Intelligence
Zan Wang,Computer Vision
Zan Wang,Machine Learning
Zan Wang,Natural Language Processing
Zan Wang,Robotics
Zan Wang,Software Engineering
Zengfeng Huang,Artificial Intelligence
Zengfeng Huang,Data Mining
Zengfeng Huang,Databases
Zengfeng Huang,Machine Learning
Zengfeng Huang,Natural Language Processing
Zengfeng Huang,The Web & Information Retrieval
Zenglin Xu,Artificial Intelligence
Zenglin Xu,Computer Vision
Zenglin Xu,Machine Learning
Zenglin Xu,Natural Language Processing
Zenglin Xu,The Web & Information Retrieval
Zengmao Wang,Artificial Intelligence
Zengmao Wang,Computer Vision
Zengmao Wang,Data Mining
Zengmao Wang,Machine Learning
Zengmao Wang,Natural Language Processing
Zengmao Wang,Robotics
Zeyang Liu 0001,Artificial Intelligence
Zeyang Liu 0001,Machine Learning
Zeyang Liu 0001,Robotics
Zeynep Akata,Computer Vision
Zeynep Akata,Machine Learning
Zeyu Wang 0003,Artificial Intelligence
Zeyu Wang 0003,Computer Graphics
Zeyu Wang 0003,Computer Vision
Zeyu Wang 0003,Human-Computer Interaction
Zeyu Wang 0003,Machine Learning
Zhanyu Ma,Artificial Intelligence
Zhanyu Ma,Computer Vision
Zhanyu Ma,Machine Learning
Zhanyu Ma,Natural Language Processing
Zhaochun Ren,Artificial Intelligence
Zhaochun Ren,Data Mining
Zhaochun Ren,Machine Learning
Zhaochun Ren,Natural Language Processing
Zhaochun Ren,The Web & Information Retrieval
Zhaojing Luo,Artificial Intelligence
Zhaojing Luo,Data Mining
Zhaojing Luo,Databases
Zhaoqiang Liu,Artificial Intelligence
Zhaoqiang Liu,Computer Vision
Zhaoqiang Liu,Machine Learning
Zhaoran Wang 0001,Data Mining
Zhaoran Wang 0001,Machine Learning
Zhaoran Wang 0001,Robotics
Zhaozhuo Xu,Data Mining
Zhaozhuo Xu,Machine Learning
Zhaozhuo Xu,Natural Language Processing
Zhe Xue,Artificial Intelligence
Zhe Xue,Computer Vision
Zhe Xue,Machine Learning
Zhe Xue,The Web & Information Retrieval
Zhe Zeng 0001,Computer Vision
Zhe Zeng 0001,Machine Learning
Zhedong Zheng,Artificial Intelligence
Zhedong Zheng,Computer Vision
Zhedong Zheng,Natural Language Processing
Zhedong Zheng,Robotics
Zhedong Zheng,The Web & Information Retrieval
Zhen Cui 0001,Artificial Intelligence
Zhen Cui 0001,Computer Vision
Zhen Cui 0001,Machine Learning
Zhen Cui 0001,The Web & Information Retrieval
Zhen Li 0026,Artificial Intelligence
Zhen Li 0026,Computer Vision
Zhen Li 0026,Machine Learning
Zhen Li 0026,Natural Language Processing
Zhen Li 0026,Robotics
Zhen Xiang,Computer Vision
Zhen Xiang,Machine Learning
Zhen Xiang,Natural Language Processing
Zhen Xiang,Robotics
Zhen Zhang 0023,Artificial Intelligence
Zhen Zhang 0023,Computer Vision
Zhen Zhang 0023,Data Mining
Zhen Zhang 0023,Databases
Zhen Zhang 0023,Machine Learning
Zhen Zhang 0023,The Web & Information Retrieval
Zheng Wang 0007,Artificial Intelligence
Zheng Wang 0007,Computer Vision
Zheng Wang 0007,Machine Learning
Zheng Wang 0007,Robotics
Zheng Wang 0007,The Web & Information Retrieval
Zheng Yuan 0003,Natural Language Processing
Zheng Zhang 0006,Artificial Intelligence
Zheng Zhang 0006,Computer Vision
Zheng Zhang 0006,Machine Learning
Zheng Zhang 0006,Natural Language Processing
Zhenghao Liu 0001,Artificial Intelligence
Zhenghao Liu 0001,Natural Language Processing
Zhenghao Liu 0001,The Web & Information Retrieval
Zhengjun Zha,Artificial Intelligence
Zhengjun Zha,Computer Vision
Zhengjun Zha,Machine Learning
Zhengjun Zha,Natural Language Processing
Zhengjun Zha,The Web & Information Retrieval
Zhenglong Sun 0001,Computer Vision
Zhenglong Sun 0001,Robotics
Zhengming Ding,Artificial Intelligence
Zhengming Ding,Computer Vision
Zhengming Ding,Machine Learning
Zhengming Ding,Robotics
Zhengyu Zhao 0001,Artificial Intelligence
Zhengyu Zhao 0001,Computer Vision
Zhengyu Zhao 0001,Machine Learning
Zhengyu Zhao 0001,Natural Language Processing
Zhengzhong Tu,Computer Vision
Zhengzhong Tu,Natural Language Processing
Zhengzhong Tu,Robotics
Zhenkun Wang 0001,Artificial Intelligence
Zhenkun Wang 0001,Computer Vision
Zhenkun Wang 0001,Data Mining
Zhenkun Wang 0001,Machine Learning
Zhenshan Bing,Artificial Intelligence
Zhenshan Bing,Robotics
Zhenyi Wang 0001,Artificial Intelligence
Zhenyi Wang 0001,Computer Vision
Zhenyi Wang 0001,Machine Learning
Zhenyi Wang 0001,Natural Language Processing
Zhenyu Chen 0001,Computer Graphics
Zhenyu Chen 0001,Computer Vision
Zhenyu Chen 0001,Software Engineering
Zhenyu He 0001,Artificial Intelligence
Zhenyu He 0001,Computer Vision
Zhenyu He 0001,Robotics
Zhenyu Zhang 0005,Artificial Intelligence
Zhenyu Zhang 0005,Computer Graphics
Zhenyu Zhang 0005,Computer Vision
Zhenyu Zhang 0005,Machine Learning
Zhenyu Zhang 0005,Robotics
Zhenzhong Chen,Artificial Intelligence
Zhenzhong Chen,Computer Vision
Zhenzhong Chen,Data Mining
Zhenzhong Chen,The Web & Information Retrieval
Zhewei Wei,Artificial Intelligence
Zhewei Wei,Data Mining
Zhewei Wei,Databases
Zhewei Wei,Machine Learning
Zhewei Wei,Natural Language Processing
Zhewei Wei,The Web & Information Retrieval
Zhi Jin,Artificial Intelligence
Zhi Jin,Computer Vision
Zhi Jin,Machine Learning
Zhi Tang 0001,Artificial Intelligence
Zhi Tang 0001,Computer Vision
Zhi Tang 0001,Data Mining
Zhi Tang 0001,Machine Learning
Zhi-Hua Zhou,Artificial Intelligence
Zhi-Hua Zhou,Data Mining
Zhi-Hua Zhou,Machine Learning
Zhibo Chen 0001,Artificial Intelligence
Zhibo Chen 0001,Computer Vision
Zhibo Chen 0001,Machine Learning
Zhibo Chen 0001,Robotics
Zhichao Lu,Artificial Intelligence
Zhichao Lu,Computer Vision
Zhichao Lu,Machine Learning
Zhichao Lu,Robotics
Zhicheng Dou,Artificial Intelligence
Zhicheng Dou,Data Mining
Zhicheng Dou,Machine Learning
Zhicheng Dou,Natural Language Processing
Zhicheng Dou,The Web & Information Retrieval
Zhicong Lu,Artificial Intelligence
Zhicong Lu,Natural Language Processing
Zhicong Lu,The Web & Information Retrieval
Zhicong Lu,Visualization
Zhida Sun,Computer Vision
Zhida Sun,Visualization
Zhidong Deng,Artificial Intelligence
Zhidong Deng,Computer Vision
Zhidong Deng,Robotics
Zhifang Sui,Artificial Intelligence
Zhifang Sui,Computer Vision
Zhifang Sui,Machine Learning
Zhifang Sui,Natural Language Processing
Zhifeng Bao,Data Mining
Zhifeng Bao,Databases
Zhifeng Bao,The Web & Information Retrieval
Zhiguang Cao,Artificial Intelligence
Zhiguang Cao,Data Mining
Zhiguang Cao,Machine Learning
Zhiguang Cao,The Web & Information Retrieval
Zhiguo Cao 0001,Artificial Intelligence
Zhiguo Cao 0001,Computer Vision
Zhiguo Cao 0001,Machine Learning
Zhiguo Wan,Artificial Intelligence
Zhihao Jia,Artificial Intelligence
Zhihao Jia,Data Mining
Zhihao Jia,Databases
Zhihao Jia,Machine Learning
Zhihao Jia,Natural Language Processing
Zhihao Jia,The Web & Information Retrieval
Zhijian Liu,Artificial Intelligence
Zhijian Liu,Computer Graphics
Zhijian Liu,Computer Vision
Zhijian Liu,Machine Learning
Zhijian Liu,Natural Language Processing
Zhijian Liu,Robotics
Zhijian Wu,Artificial Intelligence
Zhijiang Guo,Artificial Intelligence
Zhijiang Guo,Machine Learning
Zhijiang Guo,Natural Language Processing
Zhijiang Guo,The Web & Information Retrieval
Zhikun Zhang 0001,Data Mining
Zhikun Zhang 0001,Databases
Zhikun Zhang 0001,Machine Learning
Zhikun Zhang 0001,The Web & Information Retrieval
Zhiqiang Shen,Artificial Intelligence
Zhiqiang Shen,Computer Vision
Zhiqiang Shen,Machine Learning
Zhiqiang Shen,Natural Language Processing
Zhiqiang Shen,Robotics
Zhiqiang Xu,Artificial Intelligence
Zhiqiang Xu,Databases
Zhiqiang Xu,Machine Learning
Zhiqiang Xu,Robotics
Zhiru Zhang,Computer Vision
Zhiru Zhang,Machine Learning
Zhiru Zhang,Natural Language Processing
Zhiting Hu,Artificial Intelligence
Zhiting Hu,Computer Vision
Zhiting Hu,Data Mining
Zhiting Hu,Databases
Zhiting Hu,Machine Learning
Zhiting Hu,Natural Language Processing
Zhiwei Steven Wu,Artificial Intelligence
Zhiwei Steven Wu,Machine Learning
Zhiwei Steven Wu,Natural Language Processing
Zhiwei Steven Wu,The Web & Information Retrieval
Zhiwei Xiong,Artificial Intelligence
Zhiwei Xiong,Computer Vision
Zhiwei Xiong,Machine Learning
Zhiwei Zhao,Artificial Intelligence
Zhixu Li,Artificial Intelligence
Zhixu Li,Computer Vision
Zhixu Li,Natural Language Processing
Zhixuan Fang,Artificial Intelligence
Zhixuan Fang,Machine Learning
Zhixuan Fang,Natural Language Processing
Zhixuan Fang,The Web & Information Retrieval
Zhixue Zhao,Machine Learning
Zhixue Zhao,Natural Language Processing
Zhiyong Li 0001,Artificial Intelligence
Zhiyong Li 0001,Robotics
Zhiyong Yang 0001,Artificial Intelligence
Zhiyong Yang 0001,Computer Vision
Zhiyong Yang 0001,Machine Learning
Zhiyu Chen 0002,Artificial Intelligence
Zhiyu Chen 0002,Machine Learning
Zhiyu Chen 0002,Natural Language Processing
Zhiyuan Li 0005,Machine Learning
Zhiyuan Liu 0001,Artificial Intelligence
Zhiyuan Liu 0001,Computer Vision
Zhiyuan Liu 0001,Data Mining
Zhiyuan Liu 0001,Databases
Zhiyuan Liu 0001,Machine Learning
Zhiyuan Liu 0001,Natural Language Processing
Zhiyuan Liu 0001,Robotics
Zhiyuan Liu 0001,The Web & Information Retrieval
Zhiyuan Yu 0001,Computer Vision
Zhiyuan Yu 0001,Machine Learning
Zhizheng Wu 0001,Machine Learning
Zhizheng Wu 0001,Natural Language Processing
Zhizhong Han,Artificial Intelligence
Zhizhong Han,Computer Graphics
Zhizhong Han,Computer Vision
Zhizhong Han,Machine Learning
Zhizhong Han,Robotics
Zhongjie Ba,Artificial Intelligence
Zhongjie Ba,Computer Vision
Zhongjie Ba,Human-Computer Interaction
Zhongjie Ba,The Web & Information Retrieval
Zhongxiang Dai,Machine Learning
Zhongyu Wei,Artificial Intelligence
Zhongyu Wei,Machine Learning
Zhongyu Wei,Natural Language Processing
Zhongyu Wei,The Web & Information Retrieval
Zhongyu Wei,Visualization
Zhongzhi Luan,Artificial Intelligence
Zhou Zhao 0001,Artificial Intelligence
Zhou Zhao 0001,Computer Vision
Zhou Zhao 0001,Data Mining
Zhou Zhao 0001,Machine Learning
Zhou Zhao 0001,Natural Language Processing
Zhou Zhao 0001,The Web & Information Retrieval
Zhouchen Lin,Artificial Intelligence
Zhouchen Lin,Computer Vision
Zhouchen Lin,Machine Learning
Zhouchen Lin,The Web & Information Retrieval
Zhouxing Shi,Artificial Intelligence
Zhouxing Shi,Machine Learning
Zhouxing Shi,Natural Language Processing
Zhuang Li 0001,Artificial Intelligence
Zhuang Li 0001,Human-Computer Interaction
Zhuang Li 0001,Natural Language Processing
Zhuang Li 0001,The Web & Information Retrieval
Zhuang Liu 0003,Artificial Intelligence
Zhuang Liu 0003,Computer Vision
Zhuang Liu 0003,Machine Learning
Zhuangbin Chen,Software Engineering
Zhumin Chen,Artificial Intelligence
Zhumin Chen,Data Mining
Zhumin Chen,Machine Learning
Zhumin Chen,Natural Language Processing
Zhumin Chen,The Web & Information Retrieval
Zhun Deng,Machine Learning
Zhun Deng,Natural Language Processing
Zhuotao Tian,Artificial Intelligence
Zhuotao Tian,Computer Vision
Zhuotao Tian,Machine Learning
Zhuowen Tu,Artificial Intelligence
Zhuowen Tu,Computer Vision
Zhuowen Tu,Machine Learning
Zhuowen Tu,Natural Language Processing
Zhuying Li,Human-Computer Interaction
Zi Huang,Artificial Intelligence
Zi Huang,Computer Vision
Zi Huang,Data Mining
Zi Huang,Databases
Zi Huang,Machine Learning
Zi Huang,Natural Language Processing
Zi Huang,The Web & Information Retrieval
Ziad Al-Halah,Computer Vision
Ziad Al-Halah,Machine Learning
Ziang Xiao,Machine Learning
Ziang Xiao,Natural Language Processing
Zibin Zheng,Artificial Intelligence
Zibin Zheng,Computer Vision
Zibin Zheng,Data Mining
Zibin Zheng,Databases
Zibin Zheng,Machine Learning
Zibin Zheng,Software Engineering
Zibin Zheng,The Web & Information Retrieval
Zihan Tan,Computer Vision
Zihan Tan,Data Mining
Zihan Tan,Machine Learning
Zihan Tan,The Web & Information Retrieval
Zihao Li,Artificial Intelligence
Zihao Li,Computer Vision
Zihao Li,Machine Learning
Zihao Li,Natural Language Processing
Zihao Li,Robotics
Ziheng Wei,Artificial Intelligence
Ziheng Wei,Databases
Ziming Liu,Artificial Intelligence
Ziming Liu,Computer Vision
Ziming Liu,Machine Learning
Ziming Liu,Robotics
Ziniu Hu,Artificial Intelligence
Ziniu Hu,Computer Vision
Ziniu Hu,Data Mining
Ziniu Hu,Machine Learning
Ziniu Hu,Natural Language Processing
Ziniu Hu,The Web & Information Retrieval
Ziqiao Wang,Artificial Intelligence
Ziqiao Wang,Machine Learning
Ziqiao Wang,The Web & Information Retrieval
Zirui Liu 0001,Artificial Intelligence
Zirui Liu 0001,Computer Vision
Zirui Liu 0001,Machine Learning
Zirui Liu 0001,Natural Language Processing
Zirui Liu 0001,The Web & Information Retrieval
Ziwei Liu 0002,Artificial Intelligence
Ziwei Liu 0002,Computer Graphics
Ziwei Liu 0002,Computer Vision
Ziwei Liu 0002,Machine Learning
Ziwei Liu 0002,Natural Language Processing
Ziyang Li 0002,Artificial Intelligence
Ziyang Li 0002,Machine Learning
Ziyu Yao 0002,Artificial Intelligence
Ziyu Yao 0002,Computer Vision
Ziyu Yao 0002,Natural Language Processing
Ziyu Yao 0002,Robotics
Ziyu Yao 0002,The Web & Information Retrieval
Zongming Guo,Artificial Intelligence
Zongming Guo,Computer Vision
Zongqing Lu 0002,Artificial Intelligence
Zongqing Lu 0002,Computer Vision
Zongqing Lu 0002,Human-Computer Interaction
Zongqing Lu 0002,Machine Learning
Zongqing Lu 0002,Natural Language Processing
Zongqing Lu 0002,Robotics
Zongzhang Zhang,Artificial Intelligence
Zongzhang Zhang,Data Mining
Zongzhang Zhang,Machine Learning
Zongzhang Zhang,Natural Language Processing
Zsolt Kira,Artificial Intelligence
Zsolt Kira,Computer Vision
Zsolt Kira,Machine Learning
Zsolt Kira,Robotics
Zuxuan Wu,Artificial Intelligence
Zuxuan Wu,Computer Vision
Zuxuan Wu,Machine Learning
Zuxuan Wu,Natural Language Processing
Zuzana Kukelova,Computer Vision
Zuzana Kukelova,Machine Learning
Zuzana Kukelova,Robotics
