model,researcher_name,ground_truth_groups,top_1_groups,top_1_scores,top_3_groups,top_3_scores,top_5_groups,top_5_scores
tfidf,A. Rupam Mahmood,Artificial Intelligence | Machine Learning | Robotics,Machine Learning,0.306010,Machine Learning | Artificial Intelligence | Robotics,0.306010 | 0.298590 | 0.294002,Machine Learning | Artificial Intelligence | Robotics | Data Mining | Computer Vision,0.306010 | 0.298590 | 0.294002 | 0.286359 | 0.282128
tfidf,Abhinav Gupta 0001,Artificial Intelligence | Computer Vision | Machine Learning | Robotics,Robotics,0.705771,Robotics | Computer Graphics | Computer Vision,0.705771 | 0.676353 | 0.670920,Robotics | Computer Graphics | Computer Vision | Machine Learning | Artificial Intelligence,0.705771 | 0.676353 | 0.670920 | 0.662238 | 0.652762
tfidf,Abhinav Verma 0001,Machine Learning,Robotics,0.153208,Robotics | Machine Learning | Artificial Intelligence,0.153208 | 0.150628 | 0.149610,Robotics | Machine Learning | Artificial Intelligence | Data Mining | Natural Language Processing,0.153208 | 0.150628 | 0.149610 | 0.142872 | 0.142828
tfidf,Adam R. Klivans,Machine Learning,Machine Learning,0.388338,Machine Learning | Artificial Intelligence | Computer Vision,0.388338 | 0.383678 | 0.379268,Machine Learning | Artificial Intelligence | Computer Vision | Natural Language Processing | Data Mining,0.388338 | 0.383678 | 0.379268 | 0.377232 | 0.372436
tfidf,Adam Wierman,Artificial Intelligence | Machine Learning | The Web & Information Retrieval,Machine Learning,0.320047,Machine Learning | Artificial Intelligence | Robotics,0.320047 | 0.314799 | 0.312104,Machine Learning | Artificial Intelligence | Robotics | Data Mining | The Web & Information Retrieval,0.320047 | 0.314799 | 0.312104 | 0.305279 | 0.300785
tfidf,Aditya Shekhar Nittala,Human-Computer Interaction,Human-Computer Interaction,0.437672,Human-Computer Interaction | Robotics | Visualization,0.437672 | 0.366216 | 0.365166,Human-Computer Interaction | Robotics | Visualization | Computer Graphics | Machine Learning,0.437672 | 0.366216 | 0.365166 | 0.364833 | 0.358578
tfidf,Adrian G. Bors,Artificial Intelligence | Computer Vision | Machine Learning,Machine Learning,0.377074,Machine Learning | Artificial Intelligence | Data Mining,0.377074 | 0.376427 | 0.373973,Machine Learning | Artificial Intelligence | Data Mining | Computer Vision | Natural Language Processing,0.377074 | 0.376427 | 0.373973 | 0.369096 | 0.363868
tfidf,Adrian Hilton 0001,Computer Vision,Computer Graphics,0.282683,Computer Graphics | Computer Vision | Robotics,0.282683 | 0.259578 | 0.258943,Computer Graphics | Computer Vision | Robotics | Machine Learning | Artificial Intelligence,0.282683 | 0.259578 | 0.258943 | 0.245009 | 0.242669
tfidf,Adrian Weller,Artificial Intelligence | Computer Vision | Data Mining | Machine Learning | Natural Language Processing | The Web & Information Retrieval,Machine Learning,0.662108,Machine Learning | Artificial Intelligence | Natural Language Processing,0.662108 | 0.654785 | 0.649920,Machine Learning | Artificial Intelligence | Natural Language Processing | Data Mining | The Web & Information Retrieval,0.662108 | 0.654785 | 0.649920 | 0.648808 | 0.638362
tfidf,Akshat Kumar,Artificial Intelligence | Machine Learning,Databases,0.350121,Databases | Data Mining | Machine Learning,0.350121 | 0.349822 | 0.339323,Databases | Data Mining | Machine Learning | Artificial Intelligence | The Web & Information Retrieval,0.350121 | 0.349822 | 0.339323 | 0.338638 | 0.336869
tfidf,Alan D. Fekete,Databases,Databases,0.255089,Databases | Software Engineering | Data Mining,0.255089 | 0.241792 | 0.221103,Databases | Software Engineering | Data Mining | The Web & Information Retrieval | Natural Language Processing,0.255089 | 0.241792 | 0.221103 | 0.220406 | 0.216951
tfidf,Alane Suhr,Computer Vision | Machine Learning | Natural Language Processing,Natural Language Processing,0.475451,Natural Language Processing | Machine Learning | Computer Vision,0.475451 | 0.461017 | 0.460335,Natural Language Processing | Machine Learning | Computer Vision | Artificial Intelligence | The Web & Information Retrieval,0.475451 | 0.461017 | 0.460335 | 0.458409 | 0.445066
tfidf,Alberto Quattrini Li,Robotics,Robotics,0.219388,Robotics | Artificial Intelligence | Machine Learning,0.219388 | 0.195682 | 0.194937,Robotics | Artificial Intelligence | Machine Learning | Computer Vision | Data Mining,0.219388 | 0.195682 | 0.194937 | 0.190169 | 0.184395
tfidf,Albrecht Schmidt 0001,Human-Computer Interaction,Human-Computer Interaction,0.301962,Human-Computer Interaction | Visualization | The Web & Information Retrieval,0.301962 | 0.281041 | 0.252133,Human-Computer Interaction | Visualization | The Web & Information Retrieval | Natural Language Processing | Machine Learning,0.301962 | 0.281041 | 0.252133 | 0.251752 | 0.244325
tfidf,Aleksandar Bojchevski,Artificial Intelligence | Data Mining | Machine Learning,Natural Language Processing,0.225914,Natural Language Processing | Machine Learning | Artificial Intelligence,0.225914 | 0.224399 | 0.220450,Natural Language Processing | Machine Learning | Artificial Intelligence | Computer Vision | The Web & Information Retrieval,0.225914 | 0.224399 | 0.220450 | 0.219591 | 0.217061
tfidf,Alessandro Abate,Artificial Intelligence | Machine Learning,Natural Language Processing,0.246725,Natural Language Processing | Machine Learning | Artificial Intelligence,0.246725 | 0.241018 | 0.240522,Natural Language Processing | Machine Learning | Artificial Intelligence | Data Mining | The Web & Information Retrieval,0.246725 | 0.241018 | 0.240522 | 0.238546 | 0.238319
tfidf,Alexander G. Schwing,Artificial Intelligence | Computer Graphics | Computer Vision | Machine Learning | Robotics | The Web & Information Retrieval,Computer Graphics,0.732881,Computer Graphics | Computer Vision | Robotics,0.732881 | 0.726590 | 0.721747,Computer Graphics | Computer Vision | Robotics | Machine Learning | Artificial Intelligence,0.732881 | 0.726590 | 0.721747 | 0.706426 | 0.701672
tfidf,Alexander Olshevsky,Machine Learning,Data Mining,0.286922,Data Mining | Databases | The Web & Information Retrieval,0.286922 | 0.285102 | 0.283785,Data Mining | Databases | The Web & Information Retrieval | Artificial Intelligence | Machine Learning,0.286922 | 0.285102 | 0.283785 | 0.276980 | 0.275982
tfidf,Alexander Tong 0001,Machine Learning,Machine Learning,0.425783,Machine Learning | Artificial Intelligence | Computer Vision,0.425783 | 0.420419 | 0.415325,Machine Learning | Artificial Intelligence | Computer Vision | Data Mining | Robotics,0.425783 | 0.420419 | 0.415325 | 0.409700 | 0.409679
tfidf,Alexandra Birch,Artificial Intelligence | Machine Learning | Natural Language Processing,Data Mining,0.195130,Data Mining | Natural Language Processing | Machine Learning,0.195130 | 0.194795 | 0.192099,Data Mining | Natural Language Processing | Machine Learning | Artificial Intelligence | Computer Vision,0.195130 | 0.194795 | 0.192099 | 0.189298 | 0.186789
tfidf,Alexandre M. Bayen,Machine Learning | Robotics,Robotics,0.207928,Robotics | Computer Vision | Artificial Intelligence,0.207928 | 0.188633 | 0.188475,Robotics | Computer Vision | Artificial Intelligence | Machine Learning | Natural Language Processing,0.207928 | 0.188633 | 0.188475 | 0.186394 | 0.184360
tfidf,Alfons Kemper,Databases,Databases,0.528201,Databases | Data Mining | Machine Learning,0.528201 | 0.473083 | 0.472074,Databases | Data Mining | Machine Learning | The Web & Information Retrieval | Artificial Intelligence,0.528201 | 0.473083 | 0.472074 | 0.470822 | 0.470665
tfidf,Ali Mahdavi-Amiri,Computer Graphics | Computer Vision | Machine Learning,Computer Graphics,0.580376,Computer Graphics | Computer Vision | Robotics,0.580376 | 0.536795 | 0.523398,Computer Graphics | Computer Vision | Robotics | Machine Learning | Artificial Intelligence,0.580376 | 0.536795 | 0.523398 | 0.512294 | 0.506317
tfidf,Alois C. Knoll,Artificial Intelligence | Computer Vision | Machine Learning | Robotics,Robotics,0.239185,Robotics | Computer Vision | Computer Graphics,0.239185 | 0.232925 | 0.230150,Robotics | Computer Vision | Computer Graphics | Machine Learning | Artificial Intelligence,0.239185 | 0.232925 | 0.230150 | 0.222816 | 0.222689
tfidf,Alán Aspuru-Guzik,Computer Vision | Machine Learning | Robotics,Robotics,0.259855,Robotics | Machine Learning | Computer Vision,0.259855 | 0.245698 | 0.245190,Robotics | Machine Learning | Computer Vision | Artificial Intelligence | Computer Graphics,0.259855 | 0.245698 | 0.245190 | 0.243104 | 0.239372
tfidf,Amir-massoud Farahmand,Artificial Intelligence | Computer Vision | Machine Learning,Machine Learning,0.296620,Machine Learning | Artificial Intelligence | Data Mining,0.296620 | 0.292881 | 0.287455,Machine Learning | Artificial Intelligence | Data Mining | Robotics | Natural Language Processing,0.296620 | 0.292881 | 0.287455 | 0.284568 | 0.280341
tfidf,Amnon Shashua,Computer Vision | Machine Learning | Natural Language Processing,Natural Language Processing,0.231883,Natural Language Processing | The Web & Information Retrieval | Machine Learning,0.231883 | 0.213104 | 0.210620,Natural Language Processing | The Web & Information Retrieval | Machine Learning | Artificial Intelligence | Data Mining,0.231883 | 0.213104 | 0.210620 | 0.208264 | 0.203694
tfidf,Amrit Singh Bedi,Artificial Intelligence | Computer Vision | Machine Learning | Robotics,Natural Language Processing,0.441051,Natural Language Processing | Machine Learning | Artificial Intelligence,0.441051 | 0.438976 | 0.438420,Natural Language Processing | Machine Learning | Artificial Intelligence | Robotics | Data Mining,0.441051 | 0.438976 | 0.438420 | 0.431724 | 0.428080
tfidf,Andrea Tagliasacchi,Computer Graphics | Computer Vision | Machine Learning | Robotics,Computer Graphics,0.384299,Computer Graphics | Computer Vision | Robotics,0.384299 | 0.336620 | 0.331768,Computer Graphics | Computer Vision | Robotics | Machine Learning | Human-Computer Interaction,0.384299 | 0.336620 | 0.331768 | 0.313881 | 0.311270
tfidf,Andreas Geiger 0001,Computer Graphics | Computer Vision | Machine Learning | Robotics,Computer Graphics,0.501892,Computer Graphics | Computer Vision | Robotics,0.501892 | 0.460157 | 0.454571,Computer Graphics | Computer Vision | Robotics | Machine Learning | Artificial Intelligence,0.501892 | 0.460157 | 0.454571 | 0.440743 | 0.433434
tfidf,Andrew Pavlo,Databases,Databases,0.330517,Databases | Data Mining | The Web & Information Retrieval,0.330517 | 0.278115 | 0.276445,Databases | Data Mining | The Web & Information Retrieval | Machine Learning | Artificial Intelligence,0.330517 | 0.278115 | 0.276445 | 0.274934 | 0.271574
tfidf,Anfeng Liu,Artificial Intelligence | Human-Computer Interaction,Computer Graphics,0.201388,Computer Graphics | Computer Vision | Robotics,0.201388 | 0.188163 | 0.179613,Computer Graphics | Computer Vision | Robotics | Artificial Intelligence | Machine Learning,0.201388 | 0.188163 | 0.179613 | 0.174438 | 0.172317
tfidf,Angela Dai,Computer Graphics | Computer Vision | Machine Learning,Computer Graphics,0.709121,Computer Graphics | Robotics | Computer Vision,0.709121 | 0.629349 | 0.625596,Computer Graphics | Robotics | Computer Vision | Machine Learning | Artificial Intelligence,0.709121 | 0.629349 | 0.625596 | 0.583152 | 0.574992
tfidf,Angjoo Kanazawa,Computer Graphics | Computer Vision | Machine Learning | Robotics,Computer Graphics,0.773188,Computer Graphics | Robotics | Computer Vision,0.773188 | 0.718634 | 0.708754,Computer Graphics | Robotics | Computer Vision | Machine Learning | Artificial Intelligence,0.773188 | 0.718634 | 0.708754 | 0.675245 | 0.666481
tfidf,Anima Anandkumar,Artificial Intelligence | Computer Vision | Data Mining | Machine Learning | Natural Language Processing | Robotics,Computer Vision,0.746991,Computer Vision | Machine Learning | Artificial Intelligence,0.746991 | 0.743262 | 0.739320,Computer Vision | Machine Learning | Artificial Intelligence | Robotics | Computer Graphics,0.746991 | 0.743262 | 0.739320 | 0.730945 | 0.724252
tfidf,Anirban Chakraborty 0001,Artificial Intelligence | Computer Vision | Machine Learning,Computer Graphics,0.285999,Computer Graphics | Robotics | Computer Vision,0.285999 | 0.283598 | 0.281092,Computer Graphics | Robotics | Computer Vision | Machine Learning | Artificial Intelligence,0.285999 | 0.283598 | 0.281092 | 0.268862 | 0.264579
tfidf,Anne Lauscher,Artificial Intelligence | Natural Language Processing,Natural Language Processing,0.387599,Natural Language Processing | The Web & Information Retrieval | Data Mining,0.387599 | 0.370410 | 0.363369,Natural Language Processing | The Web & Information Retrieval | Data Mining | Artificial Intelligence | Machine Learning,0.387599 | 0.370410 | 0.363369 | 0.362393 | 0.359383
tfidf,Anshumali Shrivastava,Artificial Intelligence | Data Mining | Databases | Human-Computer Interaction | Machine Learning | Robotics | The Web & Information Retrieval,Databases,0.723772,Databases | Machine Learning | Data Mining,0.723772 | 0.696156 | 0.695997,Databases | Machine Learning | Data Mining | Artificial Intelligence | The Web & Information Retrieval,0.723772 | 0.696156 | 0.695997 | 0.692052 | 0.683216
tfidf,Antoine Bosselut,Artificial Intelligence | Computer Vision | Machine Learning | Natural Language Processing | The Web & Information Retrieval,Natural Language Processing,0.213324,Natural Language Processing | Machine Learning | Artificial Intelligence,0.213324 | 0.195956 | 0.194260,Natural Language Processing | Machine Learning | Artificial Intelligence | The Web & Information Retrieval | Data Mining,0.213324 | 0.195956 | 0.194260 | 0.191261 | 0.190537
tfidf,Antonino Furnari,Computer Vision | Machine Learning,Robotics,0.234688,Robotics | Computer Vision | Computer Graphics,0.234688 | 0.229063 | 0.220078,Robotics | Computer Vision | Computer Graphics | Human-Computer Interaction | Machine Learning,0.234688 | 0.229063 | 0.220078 | 0.214688 | 0.214146
tfidf,Antonio Krüger,Human-Computer Interaction | Natural Language Processing | Robotics,Human-Computer Interaction,0.268339,Human-Computer Interaction | Visualization | Robotics,0.268339 | 0.223794 | 0.208588,Human-Computer Interaction | Visualization | Robotics | Computer Graphics | Artificial Intelligence,0.268339 | 0.223794 | 0.208588 | 0.202281 | 0.200600
tfidf,Antonio Torralba 0001,Computer Graphics | Computer Vision | Human-Computer Interaction | Machine Learning | Natural Language Processing | Robotics | The Web & Information Retrieval,Computer Vision,0.721298,Computer Vision | Machine Learning | Robotics,0.721298 | 0.714039 | 0.712685,Computer Vision | Machine Learning | Robotics | Artificial Intelligence | Computer Graphics,0.721298 | 0.714039 | 0.712685 | 0.706653 | 0.702275
tfidf,Antti Honkela,Machine Learning,Databases,0.192883,Databases | Machine Learning | Data Mining,0.192883 | 0.191818 | 0.187254,Databases | Machine Learning | Data Mining | Artificial Intelligence | Natural Language Processing,0.192883 | 0.191818 | 0.187254 | 0.186650 | 0.183605
tfidf,Antti Oulasvirta,Computer Vision | Human-Computer Interaction | Robotics,Human-Computer Interaction,0.661901,Human-Computer Interaction | Visualization | Machine Learning,0.661901 | 0.615403 | 0.578809,Human-Computer Interaction | Visualization | Machine Learning | Natural Language Processing | Artificial Intelligence,0.661901 | 0.615403 | 0.578809 | 0.578208 | 0.576763
tfidf,Antônio H. Ribeiro,Machine Learning,Machine Learning,0.239263,Machine Learning | Artificial Intelligence | Natural Language Processing,0.239263 | 0.233429 | 0.225312,Machine Learning | Artificial Intelligence | Natural Language Processing | Data Mining | Computer Vision,0.239263 | 0.233429 | 0.225312 | 0.223125 | 0.222179
tfidf,Anuj Karpatne,Artificial Intelligence | Computer Vision | Data Mining | Machine Learning,Computer Vision,0.411453,Computer Vision | Machine Learning | Artificial Intelligence,0.411453 | 0.403618 | 0.401994,Computer Vision | Machine Learning | Artificial Intelligence | Natural Language Processing | Computer Graphics,0.411453 | 0.403618 | 0.401994 | 0.399998 | 0.392911
tfidf,Ari Holtzman,Artificial Intelligence | Computer Vision | Machine Learning | Natural Language Processing,Natural Language Processing,0.380812,Natural Language Processing | Machine Learning | The Web & Information Retrieval,0.380812 | 0.368514 | 0.366812,Natural Language Processing | Machine Learning | The Web & Information Retrieval | Artificial Intelligence | Data Mining,0.380812 | 0.368514 | 0.366812 | 0.366762 | 0.365792
tfidf,Arianna Bisazza,Natural Language Processing,Natural Language Processing,0.228496,Natural Language Processing | The Web & Information Retrieval | Data Mining,0.228496 | 0.218082 | 0.214740,Natural Language Processing | The Web & Information Retrieval | Data Mining | Artificial Intelligence | Machine Learning,0.228496 | 0.218082 | 0.214740 | 0.212893 | 0.212446
tfidf,Arjen P. de Vries,Natural Language Processing | The Web & Information Retrieval,The Web & Information Retrieval,0.382612,The Web & Information Retrieval | Human-Computer Interaction | Natural Language Processing,0.382612 | 0.314426 | 0.309266,The Web & Information Retrieval | Human-Computer Interaction | Natural Language Processing | Data Mining | Databases,0.382612 | 0.314426 | 0.309266 | 0.305752 | 0.290337
tfidf,Arno Solin,Artificial Intelligence | Computer Vision | Machine Learning | The Web & Information Retrieval,Computer Vision,0.227481,Computer Vision | Machine Learning | Artificial Intelligence,0.227481 | 0.227456 | 0.226445,Computer Vision | Machine Learning | Artificial Intelligence | Computer Graphics | Natural Language Processing,0.227481 | 0.227456 | 0.226445 | 0.223517 | 0.218980
tfidf,Ashok Cutkosky,Machine Learning,Machine Learning,0.507937,Machine Learning | Artificial Intelligence | Data Mining,0.507937 | 0.494197 | 0.474890,Machine Learning | Artificial Intelligence | Data Mining | Databases | The Web & Information Retrieval,0.507937 | 0.494197 | 0.474890 | 0.469789 | 0.468028
tfidf,Ashton Anderson,Data Mining | Machine Learning | Natural Language Processing | The Web & Information Retrieval,Human-Computer Interaction,0.344831,Human-Computer Interaction | Visualization | Natural Language Processing,0.344831 | 0.340546 | 0.337720,Human-Computer Interaction | Visualization | Natural Language Processing | Machine Learning | Artificial Intelligence,0.344831 | 0.340546 | 0.337720 | 0.333589 | 0.331746
tfidf,Asif Ekbal,Artificial Intelligence | Natural Language Processing | The Web & Information Retrieval,Natural Language Processing,0.331848,Natural Language Processing | Artificial Intelligence | Computer Vision,0.331848 | 0.322803 | 0.320858,Natural Language Processing | Artificial Intelligence | Computer Vision | Machine Learning | The Web & Information Retrieval,0.331848 | 0.322803 | 0.320858 | 0.319857 | 0.318128
tfidf,Avinash Sharma 0001,Computer Vision | Robotics,Robotics,0.233817,Robotics | Computer Graphics | Computer Vision,0.233817 | 0.228396 | 0.221470,Robotics | Computer Graphics | Computer Vision | Machine Learning | Artificial Intelligence,0.233817 | 0.228396 | 0.221470 | 0.212338 | 0.212088
tfidf,Avrim Blum,Artificial Intelligence | Machine Learning,Machine Learning,0.314250,Machine Learning | Artificial Intelligence | Natural Language Processing,0.314250 | 0.314198 | 0.312187,Machine Learning | Artificial Intelligence | Natural Language Processing | Human-Computer Interaction | The Web & Information Retrieval,0.314250 | 0.314198 | 0.312187 | 0.307411 | 0.304578
tfidf,Baihua Zheng,Artificial Intelligence | Data Mining | Databases | Human-Computer Interaction | The Web & Information Retrieval,Databases,0.372679,Databases | Data Mining | The Web & Information Retrieval,0.372679 | 0.349523 | 0.345816,Databases | Data Mining | The Web & Information Retrieval | Artificial Intelligence | Machine Learning,0.372679 | 0.349523 | 0.345816 | 0.339827 | 0.336315
tfidf,Baowen Xu,Artificial Intelligence | Computer Vision | Natural Language Processing | Software Engineering,Natural Language Processing,0.258736,Natural Language Processing | Data Mining | The Web & Information Retrieval,0.258736 | 0.247460 | 0.246893,Natural Language Processing | Data Mining | The Web & Information Retrieval | Artificial Intelligence | Machine Learning,0.258736 | 0.247460 | 0.246893 | 0.244634 | 0.240528
tfidf,Bart Selman,Artificial Intelligence | Machine Learning | Robotics,Machine Learning,0.163746,Machine Learning | Artificial Intelligence | Data Mining,0.163746 | 0.163688 | 0.157044,Machine Learning | Artificial Intelligence | Data Mining | Robotics | Natural Language Processing,0.163746 | 0.163688 | 0.157044 | 0.154905 | 0.154712
tfidf,Benjamin M. Marlin,Data Mining | Human-Computer Interaction | Machine Learning | Robotics,Machine Learning,0.329350,Machine Learning | Artificial Intelligence | Data Mining,0.329350 | 0.328379 | 0.326898,Machine Learning | Artificial Intelligence | Data Mining | Databases | Natural Language Processing,0.329350 | 0.328379 | 0.326898 | 0.325141 | 0.324661
tfidf,Benyou Wang,Artificial Intelligence | Computer Vision | Machine Learning | Natural Language Processing | The Web & Information Retrieval,Natural Language Processing,0.213238,Natural Language Processing | The Web & Information Retrieval | Data Mining,0.213238 | 0.196750 | 0.196209,Natural Language Processing | The Web & Information Retrieval | Data Mining | Artificial Intelligence | Software Engineering,0.213238 | 0.196750 | 0.196209 | 0.194633 | 0.191745
tfidf,Bernd Bischl,Machine Learning,Machine Learning,0.217513,Machine Learning | Artificial Intelligence | Data Mining,0.217513 | 0.215050 | 0.209794,Machine Learning | Artificial Intelligence | Data Mining | Natural Language Processing | The Web & Information Retrieval,0.217513 | 0.215050 | 0.209794 | 0.208023 | 0.205922
tfidf,Bernhard Kainz,Artificial Intelligence | Computer Vision | Machine Learning,Computer Graphics,0.332482,Computer Graphics | Computer Vision | Machine Learning,0.332482 | 0.323660 | 0.309782,Computer Graphics | Computer Vision | Machine Learning | Robotics | Artificial Intelligence,0.332482 | 0.323660 | 0.309782 | 0.308753 | 0.308156
tfidf,Bhaskar Krishnamachari,Artificial Intelligence | Robotics,Robotics,0.185501,Robotics | Natural Language Processing | Databases,0.185501 | 0.185086 | 0.184610,Robotics | Natural Language Processing | Databases | Human-Computer Interaction | Data Mining,0.185501 | 0.185086 | 0.184610 | 0.184581 | 0.184121
tfidf,Bhiksha Raj,Artificial Intelligence | Computer Vision | Machine Learning | Natural Language Processing,Computer Vision,0.447273,Computer Vision | Machine Learning | Artificial Intelligence,0.447273 | 0.445790 | 0.443161,Computer Vision | Machine Learning | Artificial Intelligence | Data Mining | Natural Language Processing,0.447273 | 0.445790 | 0.443161 | 0.441855 | 0.432222
tfidf,Bijaya Adhikari,Artificial Intelligence | Data Mining | Machine Learning | The Web & Information Retrieval,Databases,0.303823,Databases | Data Mining | Machine Learning,0.303823 | 0.301815 | 0.292058,Databases | Data Mining | Machine Learning | The Web & Information Retrieval | Artificial Intelligence,0.303823 | 0.301815 | 0.292058 | 0.291765 | 0.291549
tfidf,Bin Cui 0001,Artificial Intelligence | Computer Vision | Data Mining | Databases | Machine Learning | Natural Language Processing | The Web & Information Retrieval,Data Mining,0.540146,Data Mining | Databases | The Web & Information Retrieval,0.540146 | 0.539001 | 0.525123,Data Mining | Databases | The Web & Information Retrieval | Artificial Intelligence | Natural Language Processing,0.540146 | 0.539001 | 0.525123 | 0.520355 | 0.515880
tfidf,Bin Sheng 0001,Artificial Intelligence | Computer Vision,Human-Computer Interaction,0.190234,Human-Computer Interaction | Computer Vision | Artificial Intelligence,0.190234 | 0.189416 | 0.188664,Human-Computer Interaction | Computer Vision | Artificial Intelligence | Computer Graphics | Machine Learning,0.190234 | 0.189416 | 0.188664 | 0.188182 | 0.186268
tfidf,Bin Sun 0001,Artificial Intelligence | Computer Vision,Computer Vision,0.218005,Computer Vision | Artificial Intelligence | Machine Learning,0.218005 | 0.211922 | 0.209242,Computer Vision | Artificial Intelligence | Machine Learning | Natural Language Processing | Robotics,0.218005 | 0.211922 | 0.209242 | 0.204375 | 0.194475
tfidf,Bing Qin 0001,Artificial Intelligence | Data Mining | Machine Learning | Natural Language Processing | The Web & Information Retrieval,Natural Language Processing,0.379313,Natural Language Processing | Data Mining | The Web & Information Retrieval,0.379313 | 0.362689 | 0.362012,Natural Language Processing | Data Mining | The Web & Information Retrieval | Artificial Intelligence | Machine Learning,0.379313 | 0.362689 | 0.362012 | 0.358797 | 0.354860
tfidf,Bingsheng He,Artificial Intelligence | Computer Vision | Data Mining | Databases | Machine Learning | Natural Language Processing | The Web & Information Retrieval,Databases,0.670394,Databases | Data Mining | The Web & Information Retrieval,0.670394 | 0.639290 | 0.625899,Databases | Data Mining | The Web & Information Retrieval | Artificial Intelligence | Machine Learning,0.670394 | 0.639290 | 0.625899 | 0.609547 | 0.601089
tfidf,Biwei Huang,Artificial Intelligence | Data Mining | Machine Learning,Machine Learning,0.332582,Machine Learning | Artificial Intelligence | Data Mining,0.332582 | 0.329886 | 0.326332,Machine Learning | Artificial Intelligence | Data Mining | The Web & Information Retrieval | Computer Vision,0.332582 | 0.329886 | 0.326332 | 0.320504 | 0.319228
tfidf,Bo Li 0026,Artificial Intelligence | Computer Vision | Data Mining | Databases | Machine Learning | Natural Language Processing,Natural Language Processing,0.543402,Natural Language Processing | Artificial Intelligence | Data Mining,0.543402 | 0.529904 | 0.529020,Natural Language Processing | Artificial Intelligence | Data Mining | Machine Learning | The Web & Information Retrieval,0.543402 | 0.529904 | 0.529020 | 0.528469 | 0.526712
tfidf,Bo Liu 0006,Artificial Intelligence | Machine Learning | Software Engineering,Robotics,0.123902,Robotics | Machine Learning | Artificial Intelligence,0.123902 | 0.120351 | 0.117567,Robotics | Machine Learning | Artificial Intelligence | Natural Language Processing | Computer Vision,0.123902 | 0.120351 | 0.117567 | 0.111355 | 0.110530
tfidf,Boqing Gong,Artificial Intelligence | Computer Vision | Machine Learning | Natural Language Processing | Robotics | The Web & Information Retrieval,Computer Vision,0.781391,Computer Vision | Machine Learning | Artificial Intelligence,0.781391 | 0.764366 | 0.762778,Computer Vision | Machine Learning | Artificial Intelligence | Natural Language Processing | Robotics,0.781391 | 0.764366 | 0.762778 | 0.754883 | 0.748846
tfidf,Bowen Xu,Artificial Intelligence | Machine Learning | Robotics | Software Engineering,Machine Learning,0.168963,Machine Learning | Artificial Intelligence | Data Mining,0.168963 | 0.165699 | 0.163392,Machine Learning | Artificial Intelligence | Data Mining | Databases | The Web & Information Retrieval,0.168963 | 0.165699 | 0.163392 | 0.161944 | 0.159245
tfidf,Brian Bullins,Machine Learning,Machine Learning,0.266776,Machine Learning | Artificial Intelligence | Databases,0.266776 | 0.258353 | 0.250654,Machine Learning | Artificial Intelligence | Databases | Data Mining | Robotics,0.266776 | 0.258353 | 0.250654 | 0.246493 | 0.240797
tfidf,Brian Kulis,Artificial Intelligence | Computer Vision | Machine Learning,Machine Learning,0.262749,Machine Learning | Artificial Intelligence | Robotics,0.262749 | 0.256737 | 0.249040,Machine Learning | Artificial Intelligence | Robotics | Computer Vision | Data Mining,0.262749 | 0.256737 | 0.249040 | 0.246985 | 0.246852
tfidf,Brian Logan 0001,Artificial Intelligence,Artificial Intelligence,0.217632,Artificial Intelligence | Machine Learning | Robotics,0.217632 | 0.213552 | 0.212361,Artificial Intelligence | Machine Learning | Robotics | Natural Language Processing | Computer Vision,0.217632 | 0.213552 | 0.212361 | 0.205807 | 0.199611
tfidf,Byoung-Tak Zhang,Artificial Intelligence | Computer Vision | Machine Learning | Natural Language Processing | Robotics,Natural Language Processing,0.235437,Natural Language Processing | Computer Vision | Artificial Intelligence,0.235437 | 0.228314 | 0.226478,Natural Language Processing | Computer Vision | Artificial Intelligence | Machine Learning | The Web & Information Retrieval,0.235437 | 0.228314 | 0.226478 | 0.222504 | 0.220878
tfidf,Byungjoo Lee,Human-Computer Interaction,Human-Computer Interaction,0.386807,Human-Computer Interaction | Machine Learning | Artificial Intelligence,0.386807 | 0.370642 | 0.368394,Human-Computer Interaction | Machine Learning | Artificial Intelligence | Robotics | Databases,0.386807 | 0.370642 | 0.368394 | 0.367915 | 0.366977
tfidf,C. Karen Liu,Computer Graphics | Computer Vision | Machine Learning | Robotics,Robotics,0.668637,Robotics | Computer Graphics | Computer Vision,0.668637 | 0.653293 | 0.627662,Robotics | Computer Graphics | Computer Vision | Human-Computer Interaction | Machine Learning,0.668637 | 0.653293 | 0.627662 | 0.624159 | 0.611439
tfidf,C. V. Jawahar,Artificial Intelligence | Computer Vision | Machine Learning | Robotics,Robotics,0.367574,Robotics | Computer Vision | Machine Learning,0.367574 | 0.365010 | 0.350068,Robotics | Computer Vision | Machine Learning | Artificial Intelligence | Computer Graphics,0.367574 | 0.365010 | 0.350068 | 0.348110 | 0.340260
tfidf,Cameron Musco,Artificial Intelligence | Data Mining | Machine Learning | The Web & Information Retrieval,Databases,0.271094,Databases | Data Mining | Machine Learning,0.271094 | 0.267928 | 0.266618,Databases | Data Mining | Machine Learning | Artificial Intelligence | The Web & Information Retrieval,0.271094 | 0.267928 | 0.266618 | 0.262946 | 0.262545
tfidf,Carl Yang 0001,Artificial Intelligence | Computer Vision | Data Mining | Databases | Machine Learning | Natural Language Processing | The Web & Information Retrieval,Data Mining,0.281089,Data Mining | The Web & Information Retrieval | Artificial Intelligence,0.281089 | 0.281046 | 0.272817,Data Mining | The Web & Information Retrieval | Artificial Intelligence | Databases | Natural Language Processing,0.281089 | 0.281046 | 0.272817 | 0.272223 | 0.272059
tfidf,Carla P. Gomes,Artificial Intelligence | Machine Learning,Machine Learning,0.556560,Machine Learning | Artificial Intelligence | Data Mining,0.556560 | 0.552279 | 0.547400,Machine Learning | Artificial Intelligence | Data Mining | Natural Language Processing | Computer Vision,0.556560 | 0.552279 | 0.547400 | 0.544546 | 0.540597
tfidf,Caroline Uhler,Computer Vision | Machine Learning,Computer Vision,0.379208,Computer Vision | Machine Learning | Artificial Intelligence,0.379208 | 0.377693 | 0.376120,Computer Vision | Machine Learning | Artificial Intelligence | Data Mining | The Web & Information Retrieval,0.379208 | 0.377693 | 0.376120 | 0.375766 | 0.370293
tfidf,Carsten Binnig,Databases | Machine Learning,Databases,0.347780,Databases | Machine Learning | Data Mining,0.347780 | 0.313668 | 0.313104,Databases | Machine Learning | Data Mining | Artificial Intelligence | The Web & Information Retrieval,0.347780 | 0.313668 | 0.313104 | 0.311846 | 0.310745
tfidf,Cem Yuksel,Computer Graphics,Computer Graphics,0.148365,Computer Graphics | Machine Learning | Robotics,0.148365 | 0.138638 | 0.138034,Computer Graphics | Machine Learning | Robotics | Artificial Intelligence | Computer Vision,0.148365 | 0.138638 | 0.138034 | 0.135781 | 0.135717
tfidf,Cewu Lu,Artificial Intelligence | Computer Graphics | Computer Vision | Data Mining | Machine Learning | Robotics,Robotics,0.709195,Robotics | Computer Vision | Computer Graphics,0.709195 | 0.663137 | 0.652347,Robotics | Computer Vision | Computer Graphics | Machine Learning | Artificial Intelligence,0.709195 | 0.663137 | 0.652347 | 0.646286 | 0.645185
tfidf,Changyou Chen,Artificial Intelligence | Computer Vision | Machine Learning | Natural Language Processing | Robotics,Artificial Intelligence,0.763939,Artificial Intelligence | Machine Learning | Computer Vision,0.763939 | 0.762670 | 0.760663,Artificial Intelligence | Machine Learning | Computer Vision | Natural Language Processing | Data Mining,0.763939 | 0.762670 | 0.760663 | 0.757825 | 0.753349
tfidf,Chao Huang 0001,Artificial Intelligence | Data Mining | Machine Learning | Natural Language Processing | The Web & Information Retrieval,Databases,0.255782,Databases | The Web & Information Retrieval | Data Mining,0.255782 | 0.255332 | 0.255077,Databases | The Web & Information Retrieval | Data Mining | Artificial Intelligence | Machine Learning,0.255782 | 0.255332 | 0.255077 | 0.252724 | 0.250909
tfidf,Chaowei Xiao,Artificial Intelligence | Computer Vision | Machine Learning | Natural Language Processing | Robotics,Natural Language Processing,0.510194,Natural Language Processing | Machine Learning | Artificial Intelligence,0.510194 | 0.505251 | 0.504705,Natural Language Processing | Machine Learning | Artificial Intelligence | Data Mining | Computer Vision,0.510194 | 0.505251 | 0.504705 | 0.503066 | 0.497089
tfidf,Chen Wang 0033,Artificial Intelligence | Computer Vision | Machine Learning | Robotics,Natural Language Processing,0.277104,Natural Language Processing | The Web & Information Retrieval | Artificial Intelligence,0.277104 | 0.273289 | 0.272709,Natural Language Processing | The Web & Information Retrieval | Artificial Intelligence | Visualization | Machine Learning,0.277104 | 0.273289 | 0.272709 | 0.271401 | 0.270169
tfidf,Chen Zhao 0013,Computer Vision | Machine Learning | Natural Language Processing | The Web & Information Retrieval | Visualization,Natural Language Processing,0.416119,Natural Language Processing | The Web & Information Retrieval | Machine Learning,0.416119 | 0.390700 | 0.390268,Natural Language Processing | The Web & Information Retrieval | Machine Learning | Artificial Intelligence | Data Mining,0.416119 | 0.390700 | 0.390268 | 0.389602 | 0.388187
tfidf,Chenjuan Guo,Artificial Intelligence | Computer Vision | Data Mining | Databases | Machine Learning | Natural Language Processing | The Web & Information Retrieval,Databases,0.469747,Databases | Data Mining | The Web & Information Retrieval,0.469747 | 0.457025 | 0.447732,Databases | Data Mining | The Web & Information Retrieval | Artificial Intelligence | Machine Learning,0.469747 | 0.457025 | 0.447732 | 0.438578 | 0.435339
tfidf,Chi Jin 0001,Machine Learning,Machine Learning,0.363006,Machine Learning | Artificial Intelligence | Data Mining,0.363006 | 0.352792 | 0.333172,Machine Learning | Artificial Intelligence | Data Mining | Robotics | The Web & Information Retrieval,0.363006 | 0.352792 | 0.333172 | 0.332493 | 0.328277
tfidf,Chirag Shah 0001,Artificial Intelligence | Data Mining | Human-Computer Interaction | The Web & Information Retrieval,The Web & Information Retrieval,0.306880,The Web & Information Retrieval | Human-Computer Interaction | Natural Language Processing,0.306880 | 0.214139 | 0.208072,The Web & Information Retrieval | Human-Computer Interaction | Natural Language Processing | Data Mining | Databases,0.306880 | 0.214139 | 0.208072 | 0.202866 | 0.179981
tfidf,Chongxuan Li,Artificial Intelligence | Computer Vision | Machine Learning | Visualization,Computer Vision,0.341806,Computer Vision | Computer Graphics | Artificial Intelligence,0.341806 | 0.336316 | 0.334492,Computer Vision | Computer Graphics | Artificial Intelligence | Data Mining | Machine Learning,0.341806 | 0.336316 | 0.334492 | 0.332827 | 0.332532
tfidf,Chongyi Li,Artificial Intelligence | Computer Vision | Machine Learning,Computer Vision,0.415716,Computer Vision | Artificial Intelligence | Robotics,0.415716 | 0.405297 | 0.400501,Computer Vision | Artificial Intelligence | Robotics | Machine Learning | Computer Graphics,0.415716 | 0.405297 | 0.400501 | 0.400349 | 0.388971
tfidf,Chris Callison-Burch,Artificial Intelligence | Computer Vision | Machine Learning | Natural Language Processing,Natural Language Processing,0.425840,Natural Language Processing | Computer Vision | Machine Learning,0.425840 | 0.422692 | 0.417339,Natural Language Processing | Computer Vision | Machine Learning | Artificial Intelligence | Data Mining,0.425840 | 0.422692 | 0.417339 | 0.416612 | 0.403653
tfidf,Chris Piech,Artificial Intelligence | Machine Learning,Human-Computer Interaction,0.344297,Human-Computer Interaction | Natural Language Processing | Software Engineering,0.344297 | 0.332304 | 0.327724,Human-Computer Interaction | Natural Language Processing | Software Engineering | Machine Learning | Artificial Intelligence,0.344297 | 0.332304 | 0.327724 | 0.327566 | 0.326167
tfidf,Christian A. Naesseth,Machine Learning,Machine Learning,0.346904,Machine Learning | Artificial Intelligence | Computer Vision,0.346904 | 0.341682 | 0.339093,Machine Learning | Artificial Intelligence | Computer Vision | Natural Language Processing | Robotics,0.346904 | 0.341682 | 0.339093 | 0.334970 | 0.330390
tfidf,Christina Lioma,Artificial Intelligence | Natural Language Processing | The Web & Information Retrieval,Natural Language Processing,0.317448,Natural Language Processing | Machine Learning | Artificial Intelligence,0.317448 | 0.303623 | 0.303287,Natural Language Processing | Machine Learning | Artificial Intelligence | The Web & Information Retrieval | Data Mining,0.317448 | 0.303623 | 0.303287 | 0.302477 | 0.301227
tfidf,Christopher G. Lucas,Artificial Intelligence | Machine Learning | Natural Language Processing,Human-Computer Interaction,0.232698,Human-Computer Interaction | Robotics | Natural Language Processing,0.232698 | 0.222768 | 0.221624,Human-Computer Interaction | Robotics | Natural Language Processing | Artificial Intelligence | Machine Learning,0.232698 | 0.222768 | 0.221624 | 0.220020 | 0.219715
tfidf,Christopher Peters 0001,Computer Vision | Robotics,Computer Graphics,0.233013,Computer Graphics | Human-Computer Interaction | Computer Vision,0.233013 | 0.229458 | 0.224974,Computer Graphics | Human-Computer Interaction | Computer Vision | Machine Learning | Artificial Intelligence,0.233013 | 0.229458 | 0.224974 | 0.217948 | 0.217878
tfidf,Christopher Potts,Machine Learning | Natural Language Processing | The Web & Information Retrieval,Natural Language Processing,0.519888,Natural Language Processing | Machine Learning | Artificial Intelligence,0.519888 | 0.513081 | 0.507546,Natural Language Processing | Machine Learning | Artificial Intelligence | Computer Vision | Data Mining,0.519888 | 0.513081 | 0.507546 | 0.499564 | 0.498515
tfidf,Christos Faloutsos,Artificial Intelligence | Data Mining | Databases | Machine Learning | Natural Language Processing | The Web & Information Retrieval | Visualization,Databases,0.369884,Databases | Data Mining | The Web & Information Retrieval,0.369884 | 0.368684 | 0.361144,Databases | Data Mining | The Web & Information Retrieval | Machine Learning | Artificial Intelligence,0.369884 | 0.368684 | 0.361144 | 0.357498 | 0.355963
tfidf,Chuan Shi 0001,Artificial Intelligence | Data Mining | Machine Learning | Natural Language Processing | The Web & Information Retrieval,Data Mining,0.366709,Data Mining | The Web & Information Retrieval | Artificial Intelligence,0.366709 | 0.354901 | 0.346015,Data Mining | The Web & Information Retrieval | Artificial Intelligence | Machine Learning | Databases,0.366709 | 0.354901 | 0.346015 | 0.343533 | 0.337924
tfidf,Chuang Gan 0001,Artificial Intelligence | Computer Vision | Machine Learning | Natural Language Processing | Robotics,Robotics,0.643063,Robotics | Computer Vision | Machine Learning,0.643063 | 0.630595 | 0.626050,Robotics | Computer Vision | Machine Learning | Artificial Intelligence | Computer Graphics,0.643063 | 0.630595 | 0.626050 | 0.624850 | 0.620070
tfidf,Chun Yu,Computer Vision | Human-Computer Interaction,Human-Computer Interaction,0.670029,Human-Computer Interaction | Visualization | Robotics,0.670029 | 0.588259 | 0.578502,Human-Computer Interaction | Visualization | Robotics | Natural Language Processing | Artificial Intelligence,0.670029 | 0.588259 | 0.578502 | 0.574125 | 0.570172
tfidf,Chun-Mei Feng,Computer Vision | Natural Language Processing,Natural Language Processing,0.259874,Natural Language Processing | Computer Vision | The Web & Information Retrieval,0.259874 | 0.246666 | 0.245183,Natural Language Processing | Computer Vision | The Web & Information Retrieval | Artificial Intelligence | Machine Learning,0.259874 | 0.246666 | 0.245183 | 0.243095 | 0.242148
tfidf,Chunwei Liu,Databases,Databases,0.338522,Databases | Data Mining | The Web & Information Retrieval,0.338522 | 0.289528 | 0.285125,Databases | Data Mining | The Web & Information Retrieval | Artificial Intelligence | Machine Learning,0.338522 | 0.289528 | 0.285125 | 0.283200 | 0.282630
tfidf,Chunyan Miao,Artificial Intelligence | Computer Vision | Data Mining | Databases | Machine Learning | Natural Language Processing | The Web & Information Retrieval,Data Mining,0.677651,Data Mining | Artificial Intelligence | Natural Language Processing,0.677651 | 0.671008 | 0.668392,Data Mining | Artificial Intelligence | Natural Language Processing | The Web & Information Retrieval | Machine Learning,0.677651 | 0.671008 | 0.668392 | 0.668096 | 0.664460
tfidf,Claire Monteleoni,Artificial Intelligence | Machine Learning | Robotics,Data Mining,0.171763,Data Mining | Machine Learning | Artificial Intelligence,0.171763 | 0.168114 | 0.164548,Data Mining | Machine Learning | Artificial Intelligence | Visualization | The Web & Information Retrieval,0.171763 | 0.168114 | 0.164548 | 0.156828 | 0.155269
tfidf,Congyan Lang,Artificial Intelligence | Computer Vision | Machine Learning | Robotics,Data Mining,0.318015,Data Mining | Databases | The Web & Information Retrieval,0.318015 | 0.302234 | 0.298723,Data Mining | Databases | The Web & Information Retrieval | Artificial Intelligence | Machine Learning,0.318015 | 0.302234 | 0.298723 | 0.286978 | 0.282479
tfidf,Corinna Coupette,Artificial Intelligence | Data Mining | Machine Learning,Databases,0.262890,Databases | Data Mining | The Web & Information Retrieval,0.262890 | 0.257422 | 0.253093,Databases | Data Mining | The Web & Information Retrieval | Artificial Intelligence | Machine Learning,0.262890 | 0.257422 | 0.253093 | 0.240174 | 0.239583
tfidf,Csaba Szepesvári,Artificial Intelligence | Machine Learning,Machine Learning,0.590312,Machine Learning | Artificial Intelligence | Data Mining,0.590312 | 0.576528 | 0.550492,Machine Learning | Artificial Intelligence | Data Mining | Robotics | Natural Language Processing,0.590312 | 0.576528 | 0.550492 | 0.545992 | 0.539700
tfidf,Cuiyun Gao 0001,Artificial Intelligence | Natural Language Processing | Software Engineering | The Web & Information Retrieval,Software Engineering,0.384186,Software Engineering | Natural Language Processing | The Web & Information Retrieval,0.384186 | 0.378478 | 0.374592,Software Engineering | Natural Language Processing | The Web & Information Retrieval | Data Mining | Artificial Intelligence,0.384186 | 0.378478 | 0.374592 | 0.372157 | 0.365569
tfidf,Daehyung Park,Artificial Intelligence | Robotics,Robotics,0.186618,Robotics | Artificial Intelligence | Machine Learning,0.186618 | 0.172478 | 0.170573,Robotics | Artificial Intelligence | Machine Learning | Computer Vision | Databases,0.186618 | 0.172478 | 0.170573 | 0.166775 | 0.166553
tfidf,Dagang Li 0001,Artificial Intelligence,Natural Language Processing,0.229003,Natural Language Processing | The Web & Information Retrieval | Data Mining,0.229003 | 0.224318 | 0.222988,Natural Language Processing | The Web & Information Retrieval | Data Mining | Artificial Intelligence | Machine Learning,0.229003 | 0.224318 | 0.222988 | 0.222763 | 0.219838
tfidf,Dan Olteanu,Databases,Databases,0.207023,Databases | Data Mining | Machine Learning,0.207023 | 0.180450 | 0.178226,Databases | Data Mining | Machine Learning | Artificial Intelligence | The Web & Information Retrieval,0.207023 | 0.180450 | 0.178226 | 0.178183 | 0.177639
tfidf,Dan Roth 0001,Artificial Intelligence | Computer Vision | Data Mining | Machine Learning | Natural Language Processing | The Web & Information Retrieval,Natural Language Processing,0.441812,Natural Language Processing | Artificial Intelligence | Machine Learning,0.441812 | 0.423101 | 0.421939,Natural Language Processing | Artificial Intelligence | Machine Learning | The Web & Information Retrieval | Computer Vision,0.441812 | 0.423101 | 0.421939 | 0.417346 | 0.417129
tfidf,Danica J. Sutherland,Artificial Intelligence | Computer Vision | Machine Learning,Machine Learning,0.391126,Machine Learning | Artificial Intelligence | Data Mining,0.391126 | 0.383143 | 0.380185,Machine Learning | Artificial Intelligence | Data Mining | Databases | The Web & Information Retrieval,0.391126 | 0.383143 | 0.380185 | 0.373777 | 0.370660
tfidf,Daniel Deutch,Databases | Natural Language Processing,Natural Language Processing,0.153605,Natural Language Processing | Databases | Artificial Intelligence,0.153605 | 0.151750 | 0.147830,Natural Language Processing | Databases | Artificial Intelligence | Machine Learning | Computer Vision,0.153605 | 0.151750 | 0.147830 | 0.147616 | 0.146630
tfidf,Daniel Khashabi,Artificial Intelligence | Machine Learning | Natural Language Processing,Natural Language Processing,0.542883,Natural Language Processing | Artificial Intelligence | Machine Learning,0.542883 | 0.523435 | 0.521311,Natural Language Processing | Artificial Intelligence | Machine Learning | The Web & Information Retrieval | Computer Vision,0.542883 | 0.523435 | 0.521311 | 0.516703 | 0.513284
tfidf,Daniel M. Kane,Machine Learning,Machine Learning,0.240851,Machine Learning | Artificial Intelligence | Databases,0.240851 | 0.235554 | 0.233122,Machine Learning | Artificial Intelligence | Databases | Data Mining | The Web & Information Retrieval,0.240851 | 0.235554 | 0.233122 | 0.226393 | 0.222621
tfidf,Daniel Soudry,Artificial Intelligence | Computer Vision | Machine Learning,Machine Learning,0.460593,Machine Learning | Artificial Intelligence | Computer Vision,0.460593 | 0.450623 | 0.437899,Machine Learning | Artificial Intelligence | Computer Vision | Natural Language Processing | Data Mining,0.460593 | 0.450623 | 0.437899 | 0.433807 | 0.433024
tfidf,David Brooks 0001,Machine Learning,Software Engineering,0.277814,Software Engineering | Human-Computer Interaction | Natural Language Processing,0.277814 | 0.265209 | 0.261872,Software Engineering | Human-Computer Interaction | Natural Language Processing | Machine Learning | Artificial Intelligence,0.277814 | 0.265209 | 0.261872 | 0.258136 | 0.253058
tfidf,David Bull 0001,Artificial Intelligence | Computer Vision | Machine Learning,Computer Vision,0.292415,Computer Vision | Artificial Intelligence | Robotics,0.292415 | 0.275664 | 0.270015,Computer Vision | Artificial Intelligence | Robotics | Human-Computer Interaction | Machine Learning,0.292415 | 0.275664 | 0.270015 | 0.268152 | 0.268033
tfidf,David F. Fouhey,Computer Graphics | Computer Vision | Machine Learning | Robotics,Computer Graphics,0.272391,Computer Graphics | Robotics | Computer Vision,0.272391 | 0.251893 | 0.249010,Computer Graphics | Robotics | Computer Vision | Machine Learning | Artificial Intelligence,0.272391 | 0.251893 | 0.249010 | 0.238600 | 0.234561
tfidf,David Ifeoluwa Adelani,Machine Learning | Natural Language Processing | The Web & Information Retrieval,Natural Language Processing,0.356864,Natural Language Processing | The Web & Information Retrieval | Machine Learning,0.356864 | 0.323082 | 0.321333,Natural Language Processing | The Web & Information Retrieval | Machine Learning | Artificial Intelligence | Data Mining,0.356864 | 0.323082 | 0.321333 | 0.318355 | 0.315709
tfidf,David Jurgens,Machine Learning | Natural Language Processing | The Web & Information Retrieval,Visualization,0.174192,Visualization | Natural Language Processing | The Web & Information Retrieval,0.174192 | 0.172880 | 0.172527,Visualization | Natural Language Processing | The Web & Information Retrieval | Databases | Data Mining,0.174192 | 0.172880 | 0.172527 | 0.167627 | 0.166572
tfidf,David P. Woodruff,Artificial Intelligence | Data Mining | Databases | Machine Learning | Natural Language Processing | The Web & Information Retrieval,Machine Learning,0.580349,Machine Learning | Databases | Artificial Intelligence,0.580349 | 0.570485 | 0.566956,Machine Learning | Databases | Artificial Intelligence | Data Mining | The Web & Information Retrieval,0.580349 | 0.570485 | 0.566956 | 0.551309 | 0.545290
tfidf,Dawei Cheng,Artificial Intelligence | Computer Vision | Data Mining | Machine Learning | Natural Language Processing | The Web & Information Retrieval,The Web & Information Retrieval,0.206305,The Web & Information Retrieval | Data Mining | Artificial Intelligence,0.206305 | 0.205653 | 0.205118,The Web & Information Retrieval | Data Mining | Artificial Intelligence | Natural Language Processing | Databases,0.206305 | 0.205653 | 0.205118 | 0.205103 | 0.200035
tfidf,Deepak Pathak,Computer Vision | Machine Learning | Robotics,Robotics,0.740981,Robotics | Computer Vision | Machine Learning,0.740981 | 0.722522 | 0.720211,Robotics | Computer Vision | Machine Learning | Artificial Intelligence | Natural Language Processing,0.740981 | 0.722522 | 0.720211 | 0.713231 | 0.702292
tfidf,Deepu Rajan,Computer Vision,Software Engineering,0.209717,Software Engineering | Computer Vision | Robotics,0.209717 | 0.198598 | 0.197996,Software Engineering | Computer Vision | Robotics | Natural Language Processing | Computer Graphics,0.209717 | 0.198598 | 0.197996 | 0.195382 | 0.193182
tfidf,Dejing Dou,Artificial Intelligence | Computer Vision | Data Mining | Machine Learning | Natural Language Processing | Robotics | The Web & Information Retrieval,Data Mining,0.275416,Data Mining | Databases | The Web & Information Retrieval,0.275416 | 0.273932 | 0.269600,Data Mining | Databases | The Web & Information Retrieval | Artificial Intelligence | Machine Learning,0.275416 | 0.273932 | 0.269600 | 0.269168 | 0.267035
tfidf,Denis Zorin,Computer Graphics | Computer Vision | Machine Learning,Computer Graphics,0.382603,Computer Graphics | Robotics | Computer Vision,0.382603 | 0.363045 | 0.360282,Computer Graphics | Robotics | Computer Vision | Machine Learning | Artificial Intelligence,0.382603 | 0.363045 | 0.360282 | 0.358420 | 0.351128
tfidf,Denys Poshyvanyk,Software Engineering,Software Engineering,0.242958,Software Engineering | Artificial Intelligence | Natural Language Processing,0.242958 | 0.238915 | 0.238341,Software Engineering | Artificial Intelligence | Natural Language Processing | Machine Learning | Data Mining,0.242958 | 0.238915 | 0.238341 | 0.237469 | 0.236069
tfidf,Dequan Wang,Computer Vision | Human-Computer Interaction | Machine Learning | Robotics,Robotics,0.346303,Robotics | Computer Graphics | Computer Vision,0.346303 | 0.340269 | 0.322617,Robotics | Computer Graphics | Computer Vision | Machine Learning | Artificial Intelligence,0.346303 | 0.340269 | 0.322617 | 0.306117 | 0.306026
tfidf,Derek Hoiem,Computer Vision | Machine Learning | Natural Language Processing,Computer Vision,0.391978,Computer Vision | Natural Language Processing | Robotics,0.391978 | 0.381882 | 0.378398,Computer Vision | Natural Language Processing | Robotics | Machine Learning | Artificial Intelligence,0.391978 | 0.381882 | 0.378398 | 0.375317 | 0.375147
tfidf,Deyi Xiong,Artificial Intelligence | Machine Learning | Natural Language Processing,Natural Language Processing,0.544086,Natural Language Processing | The Web & Information Retrieval | Data Mining,0.544086 | 0.525916 | 0.522109,Natural Language Processing | The Web & Information Retrieval | Data Mining | Artificial Intelligence | Machine Learning,0.544086 | 0.525916 | 0.522109 | 0.514123 | 0.507022
tfidf,Di Weng,Data Mining | Human-Computer Interaction | Visualization,Human-Computer Interaction,0.235425,Human-Computer Interaction | Visualization | Databases,0.235425 | 0.234359 | 0.225315,Human-Computer Interaction | Visualization | Databases | Software Engineering | The Web & Information Retrieval,0.235425 | 0.234359 | 0.225315 | 0.222599 | 0.217924
tfidf,Difan Zou,Computer Vision | Machine Learning | Natural Language Processing,Machine Learning,0.460767,Machine Learning | Artificial Intelligence | Data Mining,0.460767 | 0.450367 | 0.440699,Machine Learning | Artificial Intelligence | Data Mining | Natural Language Processing | Computer Vision,0.460767 | 0.450367 | 0.440699 | 0.440199 | 0.437919
tfidf,Dima Damen,Computer Vision | Machine Learning | Robotics,Computer Vision,0.438289,Computer Vision | Robotics | Computer Graphics,0.438289 | 0.435492 | 0.423445,Computer Vision | Robotics | Computer Graphics | Machine Learning | Artificial Intelligence,0.438289 | 0.435492 | 0.423445 | 0.422682 | 0.418881
tfidf,Doina Caragea,Artificial Intelligence | Natural Language Processing | The Web & Information Retrieval,The Web & Information Retrieval,0.362790,The Web & Information Retrieval | Data Mining | Natural Language Processing,0.362790 | 0.361196 | 0.358854,The Web & Information Retrieval | Data Mining | Natural Language Processing | Artificial Intelligence | Machine Learning,0.362790 | 0.361196 | 0.358854 | 0.352134 | 0.347215
tfidf,Don Towsley,Artificial Intelligence | Data Mining | Machine Learning,Databases,0.158716,Databases | Machine Learning | Artificial Intelligence,0.158716 | 0.158093 | 0.156479,Databases | Machine Learning | Artificial Intelligence | The Web & Information Retrieval | Data Mining,0.158716 | 0.158093 | 0.156479 | 0.149764 | 0.149429
tfidf,Dong Liu 0002,Artificial Intelligence | Computer Vision | Machine Learning,Computer Vision,0.323739,Computer Vision | Artificial Intelligence | Machine Learning,0.323739 | 0.311334 | 0.308482,Computer Vision | Artificial Intelligence | Machine Learning | Robotics | Computer Graphics,0.323739 | 0.311334 | 0.308482 | 0.305470 | 0.304787
tfidf,Dong Wang 0002,Artificial Intelligence | Natural Language Processing | The Web & Information Retrieval,The Web & Information Retrieval,0.234801,The Web & Information Retrieval | Natural Language Processing | Data Mining,0.234801 | 0.232086 | 0.229158,The Web & Information Retrieval | Natural Language Processing | Data Mining | Artificial Intelligence | Human-Computer Interaction,0.234801 | 0.232086 | 0.229158 | 0.225355 | 0.221406
tfidf,Dong Zhang,Artificial Intelligence | Computer Vision | Machine Learning | Natural Language Processing | Robotics,Computer Vision,0.347213,Computer Vision | Artificial Intelligence | Machine Learning,0.347213 | 0.345276 | 0.345161,Computer Vision | Artificial Intelligence | Machine Learning | Natural Language Processing | Robotics,0.347213 | 0.345276 | 0.345161 | 0.339196 | 0.339194
tfidf,Dong-Ming Yan 0001,Artificial Intelligence | Computer Graphics | Computer Vision | Machine Learning,Computer Graphics,0.213930,Computer Graphics | Robotics | Machine Learning,0.213930 | 0.200464 | 0.198441,Computer Graphics | Robotics | Machine Learning | Computer Vision | Artificial Intelligence,0.213930 | 0.200464 | 0.198441 | 0.197602 | 0.195394
tfidf,Donghyun Kim 0006,Artificial Intelligence | Computer Vision | Machine Learning,Computer Vision,0.385369,Computer Vision | Machine Learning | Artificial Intelligence,0.385369 | 0.384701 | 0.382474,Computer Vision | Machine Learning | Artificial Intelligence | Natural Language Processing | Data Mining,0.385369 | 0.384701 | 0.382474 | 0.382421 | 0.374730
tfidf,Donglin Wang,Artificial Intelligence | Computer Vision | Data Mining | Machine Learning | Natural Language Processing | Robotics,Natural Language Processing,0.240420,Natural Language Processing | Artificial Intelligence | Computer Vision,0.240420 | 0.235374 | 0.234145,Natural Language Processing | Artificial Intelligence | Computer Vision | Machine Learning | Data Mining,0.240420 | 0.235374 | 0.234145 | 0.233031 | 0.231920
tfidf,Dongruo Zhou,Artificial Intelligence | Machine Learning,Machine Learning,0.443214,Machine Learning | Artificial Intelligence | Data Mining,0.443214 | 0.436419 | 0.424382,Machine Learning | Artificial Intelligence | Data Mining | Natural Language Processing | Robotics,0.443214 | 0.436419 | 0.424382 | 0.421265 | 0.419736
tfidf,Dongsheng Ding,Artificial Intelligence | Machine Learning,Natural Language Processing,0.213335,Natural Language Processing | Artificial Intelligence | Machine Learning,0.213335 | 0.211303 | 0.210192,Natural Language Processing | Artificial Intelligence | Machine Learning | Data Mining | Robotics,0.213335 | 0.211303 | 0.210192 | 0.206532 | 0.204054
tfidf,Dorsa Sadigh,Artificial Intelligence | Computer Vision | Machine Learning | Natural Language Processing | Robotics,Robotics,0.679892,Robotics | Machine Learning | Computer Vision,0.679892 | 0.638484 | 0.636654,Robotics | Machine Learning | Computer Vision | Natural Language Processing | Artificial Intelligence,0.679892 | 0.638484 | 0.636654 | 0.634547 | 0.634398
tfidf,Eduard Gorbunov,Machine Learning,Machine Learning,0.358871,Machine Learning | Artificial Intelligence | Data Mining,0.358871 | 0.354888 | 0.346238,Machine Learning | Artificial Intelligence | Data Mining | Computer Vision | Natural Language Processing,0.358871 | 0.354888 | 0.346238 | 0.337291 | 0.334692
tfidf,Elias Bareinboim,Artificial Intelligence | Computer Vision | Machine Learning,Machine Learning,0.548593,Machine Learning | Artificial Intelligence | Data Mining,0.548593 | 0.545133 | 0.531381,Machine Learning | Artificial Intelligence | Data Mining | The Web & Information Retrieval | Natural Language Processing,0.548593 | 0.545133 | 0.531381 | 0.528537 | 0.524571
tfidf,Emma Pierson,Artificial Intelligence | Data Mining | Machine Learning | Natural Language Processing | The Web & Information Retrieval,Natural Language Processing,0.367808,Natural Language Processing | The Web & Information Retrieval | Data Mining,0.367808 | 0.362965 | 0.354133,Natural Language Processing | The Web & Information Retrieval | Data Mining | Artificial Intelligence | Human-Computer Interaction,0.367808 | 0.362965 | 0.354133 | 0.352404 | 0.351063
tfidf,Erez Karpas,Artificial Intelligence | Robotics,Robotics,0.312132,Robotics | Machine Learning | Artificial Intelligence,0.312132 | 0.301190 | 0.299435,Robotics | Machine Learning | Artificial Intelligence | Computer Vision | Natural Language Processing,0.312132 | 0.301190 | 0.299435 | 0.288863 | 0.287402
tfidf,Eric Moulines,Machine Learning,Machine Learning,0.411015,Machine Learning | Artificial Intelligence | The Web & Information Retrieval,0.411015 | 0.409670 | 0.397992,Machine Learning | Artificial Intelligence | The Web & Information Retrieval | Data Mining | Natural Language Processing,0.411015 | 0.409670 | 0.397992 | 0.394590 | 0.390680
tfidf,Esther Rolf,Artificial Intelligence | Machine Learning,Machine Learning,0.299293,Machine Learning | Data Mining | Artificial Intelligence,0.299293 | 0.298916 | 0.294367,Machine Learning | Data Mining | Artificial Intelligence | The Web & Information Retrieval | Natural Language Processing,0.299293 | 0.298916 | 0.294367 | 0.283702 | 0.281010
tfidf,Eugene Vinitsky,Machine Learning | Robotics,Robotics,0.190629,Robotics | Machine Learning | Computer Vision,0.190629 | 0.181337 | 0.180254,Robotics | Machine Learning | Computer Vision | Artificial Intelligence | Human-Computer Interaction,0.190629 | 0.181337 | 0.180254 | 0.179696 | 0.174308
tfidf,Eunho Yang,Artificial Intelligence | Computer Vision | Machine Learning | Natural Language Processing,Artificial Intelligence,0.689075,Artificial Intelligence | Machine Learning | Computer Vision,0.689075 | 0.688610 | 0.687787,Artificial Intelligence | Machine Learning | Computer Vision | Natural Language Processing | Data Mining,0.689075 | 0.688610 | 0.687787 | 0.680847 | 0.680737
tfidf,Eunice Jun,Human-Computer Interaction,Visualization,0.257594,Visualization | Human-Computer Interaction | Natural Language Processing,0.257594 | 0.235913 | 0.233010,Visualization | Human-Computer Interaction | Natural Language Processing | The Web & Information Retrieval | Data Mining,0.257594 | 0.235913 | 0.233010 | 0.225033 | 0.222175
tfidf,Evangelos A. Theodorou,Machine Learning | Robotics,Machine Learning,0.615140,Machine Learning | Robotics | Artificial Intelligence,0.615140 | 0.612163 | 0.609585,Machine Learning | Robotics | Artificial Intelligence | Computer Vision | Data Mining,0.615140 | 0.612163 | 0.609585 | 0.600031 | 0.587744
tfidf,Fahad Shahbaz Khan,Artificial Intelligence | Computer Vision | Machine Learning | Natural Language Processing | Robotics,Computer Vision,0.726976,Computer Vision | Artificial Intelligence | Robotics,0.726976 | 0.701838 | 0.700381,Computer Vision | Artificial Intelligence | Robotics | Natural Language Processing | Machine Learning,0.726976 | 0.701838 | 0.700381 | 0.696668 | 0.695989
tfidf,Fajie Yuan,Artificial Intelligence | Machine Learning | Natural Language Processing | The Web & Information Retrieval,Robotics,0.262981,Robotics | Artificial Intelligence | Machine Learning,0.262981 | 0.261337 | 0.260786,Robotics | Artificial Intelligence | Machine Learning | Data Mining | The Web & Information Retrieval,0.262981 | 0.261337 | 0.260786 | 0.258660 | 0.258394
tfidf,Falk Scholer,Human-Computer Interaction | Natural Language Processing | The Web & Information Retrieval,The Web & Information Retrieval,0.306880,The Web & Information Retrieval | Human-Computer Interaction | Natural Language Processing,0.306880 | 0.214139 | 0.208072,The Web & Information Retrieval | Human-Computer Interaction | Natural Language Processing | Data Mining | Databases,0.306880 | 0.214139 | 0.208072 | 0.202866 | 0.179981
tfidf,Fanny Chevalier,Computer Graphics | Human-Computer Interaction | Visualization,Visualization,0.155116,Visualization | Human-Computer Interaction | Software Engineering,0.155116 | 0.125768 | 0.112832,Visualization | Human-Computer Interaction | Software Engineering | Data Mining | Natural Language Processing,0.155116 | 0.125768 | 0.112832 | 0.110874 | 0.109050
tfidf,Fei Chiang,Databases,Databases,0.245657,Databases | Machine Learning | Artificial Intelligence,0.245657 | 0.223136 | 0.222739,Databases | Machine Learning | Artificial Intelligence | Data Mining | The Web & Information Retrieval,0.245657 | 0.223136 | 0.222739 | 0.222665 | 0.221034
tfidf,Feng Tian 0001,Artificial Intelligence | Human-Computer Interaction,Human-Computer Interaction,0.315038,Human-Computer Interaction | Visualization | Natural Language Processing,0.315038 | 0.258945 | 0.235195,Human-Computer Interaction | Visualization | Natural Language Processing | The Web & Information Retrieval | Artificial Intelligence,0.315038 | 0.258945 | 0.235195 | 0.228230 | 0.227063
tfidf,Flora D. Salim,Artificial Intelligence | Data Mining | Human-Computer Interaction | Machine Learning | Natural Language Processing | The Web & Information Retrieval,Human-Computer Interaction,0.220455,Human-Computer Interaction | Visualization | Natural Language Processing,0.220455 | 0.211774 | 0.210628,Human-Computer Interaction | Visualization | Natural Language Processing | Robotics | The Web & Information Retrieval,0.220455 | 0.211774 | 0.210628 | 0.205133 | 0.204067
tfidf,Florian Shkurti,Artificial Intelligence | Computer Vision | Robotics,Robotics,0.221738,Robotics | Computer Graphics | Computer Vision,0.221738 | 0.209149 | 0.199923,Robotics | Computer Graphics | Computer Vision | Machine Learning | Artificial Intelligence,0.221738 | 0.209149 | 0.199923 | 0.182629 | 0.182492
tfidf,Francis Engelmann,Computer Graphics | Computer Vision | Machine Learning | Robotics,Computer Graphics,0.387414,Computer Graphics | Robotics | Computer Vision,0.387414 | 0.381412 | 0.370645,Computer Graphics | Robotics | Computer Vision | Machine Learning | Human-Computer Interaction,0.387414 | 0.381412 | 0.370645 | 0.356083 | 0.354349
tfidf,Frederic Sala,Artificial Intelligence | Machine Learning | Natural Language Processing,Natural Language Processing,0.373590,Natural Language Processing | Machine Learning | Artificial Intelligence,0.373590 | 0.371587 | 0.367491,Natural Language Processing | Machine Learning | Artificial Intelligence | Data Mining | Computer Vision,0.373590 | 0.371587 | 0.367491 | 0.359988 | 0.359916
tfidf,Fuli Feng,Artificial Intelligence | Data Mining | Machine Learning | Natural Language Processing | The Web & Information Retrieval,The Web & Information Retrieval,0.586404,The Web & Information Retrieval | Data Mining | Natural Language Processing,0.586404 | 0.579638 | 0.576755,The Web & Information Retrieval | Data Mining | Natural Language Processing | Artificial Intelligence | Human-Computer Interaction,0.586404 | 0.579638 | 0.576755 | 0.562310 | 0.556282
tfidf,Ganesh Ramakrishnan,Artificial Intelligence | Machine Learning | Natural Language Processing | The Web & Information Retrieval,Machine Learning,0.245434,Machine Learning | Artificial Intelligence | Data Mining,0.245434 | 0.241646 | 0.239067,Machine Learning | Artificial Intelligence | Data Mining | Natural Language Processing | Computer Vision,0.245434 | 0.241646 | 0.239067 | 0.238454 | 0.237808
tfidf,Gang Chen 0001,Artificial Intelligence | Computer Vision | Data Mining | Databases | Machine Learning | Natural Language Processing | The Web & Information Retrieval,Databases,0.645059,Databases | Data Mining | The Web & Information Retrieval,0.645059 | 0.604767 | 0.594976,Databases | Data Mining | The Web & Information Retrieval | Artificial Intelligence | Machine Learning,0.645059 | 0.604767 | 0.594976 | 0.588748 | 0.584739
tfidf,Gary K. Fedder,Robotics,Computer Graphics,0.242879,Computer Graphics | Human-Computer Interaction | Robotics,0.242879 | 0.229836 | 0.209989,Computer Graphics | Human-Computer Interaction | Robotics | Computer Vision | Visualization,0.242879 | 0.229836 | 0.209989 | 0.206205 | 0.201558
tfidf,Gaurav S. Sukhatme,Artificial Intelligence | Machine Learning | Robotics,Robotics,0.633530,Robotics | Machine Learning | Artificial Intelligence,0.633530 | 0.598221 | 0.592271,Robotics | Machine Learning | Artificial Intelligence | Computer Vision | Natural Language Processing,0.633530 | 0.598221 | 0.592271 | 0.584611 | 0.576959
tfidf,Gedas Bertasius,Computer Vision | Machine Learning | Natural Language Processing | Robotics,Computer Vision,0.549570,Computer Vision | Robotics | Computer Graphics,0.549570 | 0.537297 | 0.529556,Computer Vision | Robotics | Computer Graphics | Machine Learning | Artificial Intelligence,0.549570 | 0.537297 | 0.529556 | 0.529254 | 0.528755
tfidf,Georgia Chalvatzaki,Machine Learning | Robotics,Robotics,0.399031,Robotics | Machine Learning | Artificial Intelligence,0.399031 | 0.383240 | 0.379478,Robotics | Machine Learning | Artificial Intelligence | Computer Vision | Data Mining,0.399031 | 0.383240 | 0.379478 | 0.370567 | 0.360756
tfidf,Gerhard Neumann,Artificial Intelligence | Computer Vision | Machine Learning | Robotics,Robotics,0.649769,Robotics | Machine Learning | Artificial Intelligence,0.649769 | 0.638302 | 0.632718,Robotics | Machine Learning | Artificial Intelligence | Computer Vision | Data Mining,0.649769 | 0.638302 | 0.632718 | 0.623600 | 0.613929
tfidf,Giorgos Tolias,Computer Vision | Machine Learning,Computer Vision,0.423507,Computer Vision | Artificial Intelligence | Machine Learning,0.423507 | 0.410518 | 0.409800,Computer Vision | Artificial Intelligence | Machine Learning | Robotics | Natural Language Processing,0.423507 | 0.410518 | 0.409800 | 0.407414 | 0.407274
tfidf,Glen Berseth,Computer Graphics | Machine Learning | Robotics,Robotics,0.344439,Robotics | Machine Learning | Artificial Intelligence,0.344439 | 0.322675 | 0.317431,Robotics | Machine Learning | Artificial Intelligence | Computer Vision | Natural Language Processing,0.344439 | 0.322675 | 0.317431 | 0.313205 | 0.302270
tfidf,Gongshen Liu,Artificial Intelligence | Machine Learning | Natural Language Processing,Natural Language Processing,0.228308,Natural Language Processing | Machine Learning | Artificial Intelligence,0.228308 | 0.227769 | 0.227623,Natural Language Processing | Machine Learning | Artificial Intelligence | Data Mining | The Web & Information Retrieval,0.228308 | 0.227769 | 0.227623 | 0.227123 | 0.225076
tfidf,Gramoz Goranci,Data Mining | Machine Learning,Databases,0.224637,Databases | Data Mining | The Web & Information Retrieval,0.224637 | 0.220396 | 0.216081,Databases | Data Mining | The Web & Information Retrieval | Machine Learning | Artificial Intelligence,0.224637 | 0.220396 | 0.216081 | 0.207741 | 0.206882
tfidf,Greg Ver Steeg,Artificial Intelligence | Computer Vision | Machine Learning | Natural Language Processing | The Web & Information Retrieval,Machine Learning,0.196371,Machine Learning | Artificial Intelligence | Computer Vision,0.196371 | 0.193132 | 0.187960,Machine Learning | Artificial Intelligence | Computer Vision | Robotics | Data Mining,0.196371 | 0.193132 | 0.187960 | 0.187155 | 0.186022
tfidf,Gregory W. Wornell,Artificial Intelligence | Computer Vision | Machine Learning,Computer Vision,0.377153,Computer Vision | Machine Learning | Computer Graphics,0.377153 | 0.375939 | 0.374219,Computer Vision | Machine Learning | Computer Graphics | Robotics | Artificial Intelligence,0.377153 | 0.375939 | 0.374219 | 0.373601 | 0.372448
tfidf,Guanbin Li,Artificial Intelligence | Computer Graphics | Computer Vision | Machine Learning | Robotics,Computer Vision,0.714166,Computer Vision | Computer Graphics | Robotics,0.714166 | 0.709500 | 0.691794,Computer Vision | Computer Graphics | Robotics | Artificial Intelligence | Machine Learning,0.714166 | 0.709500 | 0.691794 | 0.691394 | 0.684683
tfidf,Guang Chen 0001,Artificial Intelligence | Computer Vision | Machine Learning | Robotics,Computer Graphics,0.327595,Computer Graphics | Computer Vision | Robotics,0.327595 | 0.313135 | 0.304708,Computer Graphics | Computer Vision | Robotics | Artificial Intelligence | Machine Learning,0.327595 | 0.313135 | 0.304708 | 0.292845 | 0.290271
tfidf,Guanghui Liu 0001,Artificial Intelligence | Computer Vision,Computer Graphics,0.215339,Computer Graphics | Robotics | Computer Vision,0.215339 | 0.208916 | 0.203812,Computer Graphics | Robotics | Computer Vision | Machine Learning | Artificial Intelligence,0.215339 | 0.208916 | 0.203812 | 0.191955 | 0.190406
tfidf,Guansong Pang,Artificial Intelligence | Computer Vision | Data Mining | Machine Learning | The Web & Information Retrieval,Computer Vision,0.326581,Computer Vision | Data Mining | Artificial Intelligence,0.326581 | 0.325915 | 0.323644,Computer Vision | Data Mining | Artificial Intelligence | Machine Learning | Natural Language Processing,0.326581 | 0.325915 | 0.323644 | 0.321063 | 0.318071
tfidf,Guanxiong Sun,Artificial Intelligence | Computer Vision | Machine Learning,Computer Vision,0.343187,Computer Vision | Computer Graphics | Robotics,0.343187 | 0.335912 | 0.334313,Computer Vision | Computer Graphics | Robotics | Artificial Intelligence | Machine Learning,0.343187 | 0.335912 | 0.334313 | 0.329885 | 0.327708
tfidf,Gui-Song Xia,Artificial Intelligence | Computer Vision | Machine Learning | Natural Language Processing | Robotics,Computer Vision,0.328932,Computer Vision | Computer Graphics | Artificial Intelligence,0.328932 | 0.316743 | 0.313158,Computer Vision | Computer Graphics | Artificial Intelligence | Machine Learning | Robotics,0.328932 | 0.316743 | 0.313158 | 0.310158 | 0.309424
tfidf,Günther Specht,Databases,Databases,0.204228,Databases | Data Mining | The Web & Information Retrieval,0.204228 | 0.179419 | 0.178674,Databases | Data Mining | The Web & Information Retrieval | Machine Learning | Artificial Intelligence,0.204228 | 0.179419 | 0.178674 | 0.177753 | 0.177576
tfidf,H. Jin Kim,Computer Vision | Machine Learning | Robotics,Robotics,0.626606,Robotics | Machine Learning | Artificial Intelligence,0.626606 | 0.592243 | 0.591017,Robotics | Machine Learning | Artificial Intelligence | Computer Vision | Computer Graphics,0.626606 | 0.592243 | 0.591017 | 0.590004 | 0.576141
tfidf,H. Sebastian Seung,Artificial Intelligence | Machine Learning | Robotics,Robotics,0.387447,Robotics | Machine Learning | Artificial Intelligence,0.387447 | 0.359188 | 0.356632,Robotics | Machine Learning | Artificial Intelligence | Computer Vision | Computer Graphics,0.387447 | 0.359188 | 0.356632 | 0.353697 | 0.344571
tfidf,Hadar Averbuch-Elor,Computer Graphics | Computer Vision | Machine Learning | Natural Language Processing,Computer Graphics,0.569556,Computer Graphics | Computer Vision | Robotics,0.569556 | 0.524815 | 0.516166,Computer Graphics | Computer Vision | Robotics | Machine Learning | Artificial Intelligence,0.569556 | 0.524815 | 0.516166 | 0.499325 | 0.492198
tfidf,Hadi Daneshmand,Machine Learning,Machine Learning,0.239198,Machine Learning | Artificial Intelligence | Data Mining,0.239198 | 0.231963 | 0.223760,Machine Learning | Artificial Intelligence | Data Mining | Natural Language Processing | Computer Vision,0.239198 | 0.231963 | 0.223760 | 0.221959 | 0.221372
tfidf,Haipeng Luo,Computer Vision | Machine Learning,Machine Learning,0.588233,Machine Learning | Artificial Intelligence | Data Mining,0.588233 | 0.579941 | 0.559477,Machine Learning | Artificial Intelligence | Data Mining | The Web & Information Retrieval | Natural Language Processing,0.588233 | 0.579941 | 0.559477 | 0.558056 | 0.552883
tfidf,Hal Daumé III,Artificial Intelligence | Computer Vision | Machine Learning | Natural Language Processing | The Web & Information Retrieval,Natural Language Processing,0.655826,Natural Language Processing | Machine Learning | Artificial Intelligence,0.655826 | 0.643936 | 0.642843,Natural Language Processing | Machine Learning | Artificial Intelligence | Computer Vision | The Web & Information Retrieval,0.655826 | 0.643936 | 0.642843 | 0.629159 | 0.628202
tfidf,Hamid Karimi,Natural Language Processing,Data Mining,0.224098,Data Mining | The Web & Information Retrieval | Artificial Intelligence,0.224098 | 0.221832 | 0.214382,Data Mining | The Web & Information Retrieval | Artificial Intelligence | Natural Language Processing | Machine Learning,0.224098 | 0.221832 | 0.214382 | 0.213734 | 0.212078
tfidf,Han-Jia Ye,Artificial Intelligence | Computer Vision | Machine Learning | Natural Language Processing | The Web & Information Retrieval,Data Mining,0.686150,Data Mining | Artificial Intelligence | Computer Vision,0.686150 | 0.683731 | 0.681255,Data Mining | Artificial Intelligence | Computer Vision | Machine Learning | Natural Language Processing,0.686150 | 0.683731 | 0.681255 | 0.679553 | 0.679000
tfidf,Hanan Samet,Data Mining | Human-Computer Interaction | Machine Learning,Databases,0.259486,Databases | Software Engineering | The Web & Information Retrieval,0.259486 | 0.209571 | 0.209233,Databases | Software Engineering | The Web & Information Retrieval | Data Mining | Artificial Intelligence,0.259486 | 0.209571 | 0.209233 | 0.208690 | 0.207286
tfidf,Hande McGinty,The Web & Information Retrieval,The Web & Information Retrieval,0.216911,The Web & Information Retrieval | Data Mining | Databases,0.216911 | 0.216097 | 0.210294,The Web & Information Retrieval | Data Mining | Databases | Natural Language Processing | Artificial Intelligence,0.216911 | 0.216097 | 0.210294 | 0.207307 | 0.199968
tfidf,Hanghang Tong,Artificial Intelligence | Computer Vision | Data Mining | Databases | Machine Learning | Natural Language Processing | The Web & Information Retrieval | Visualization,Data Mining,0.732422,Data Mining | The Web & Information Retrieval | Databases,0.732422 | 0.714993 | 0.708316,Data Mining | The Web & Information Retrieval | Databases | Artificial Intelligence | Natural Language Processing,0.732422 | 0.714993 | 0.708316 | 0.705483 | 0.703503
tfidf,Hanspeter Pfister,Artificial Intelligence | Computer Graphics | Computer Vision | Human-Computer Interaction | Machine Learning | Visualization,Computer Vision,0.689241,Computer Vision | Computer Graphics | Machine Learning,0.689241 | 0.683759 | 0.679018,Computer Vision | Computer Graphics | Machine Learning | Artificial Intelligence | Robotics,0.689241 | 0.683759 | 0.679018 | 0.675716 | 0.669167
tfidf,Haoyu Wang 0004,Artificial Intelligence | Data Mining | Machine Learning | Natural Language Processing | The Web & Information Retrieval,The Web & Information Retrieval,0.314478,The Web & Information Retrieval | Data Mining | Databases,0.314478 | 0.313507 | 0.293950,The Web & Information Retrieval | Data Mining | Databases | Natural Language Processing | Artificial Intelligence,0.314478 | 0.313507 | 0.293950 | 0.291967 | 0.285218
tfidf,Hehe Fan,Artificial Intelligence | Computer Vision | Machine Learning | The Web & Information Retrieval,Computer Vision,0.457103,Computer Vision | Artificial Intelligence | Computer Graphics,0.457103 | 0.445102 | 0.443792,Computer Vision | Artificial Intelligence | Computer Graphics | Machine Learning | Natural Language Processing,0.457103 | 0.445102 | 0.443792 | 0.442665 | 0.437323
tfidf,Helge Rhodin,Computer Graphics | Computer Vision | Machine Learning,Computer Graphics,0.240546,Computer Graphics | Computer Vision | Robotics,0.240546 | 0.217136 | 0.208906,Computer Graphics | Computer Vision | Robotics | Machine Learning | Human-Computer Interaction,0.240546 | 0.217136 | 0.208906 | 0.203871 | 0.202892
tfidf,Henghui Ding,Artificial Intelligence | Computer Vision | Machine Learning,Computer Vision,0.486905,Computer Vision | Computer Graphics | Robotics,0.486905 | 0.470500 | 0.469912,Computer Vision | Computer Graphics | Robotics | Artificial Intelligence | Machine Learning,0.486905 | 0.470500 | 0.469912 | 0.464527 | 0.461401
tfidf,Hilde Kuehne,Computer Vision | Human-Computer Interaction | Machine Learning,Computer Vision,0.511866,Computer Vision | Machine Learning | Artificial Intelligence,0.511866 | 0.500050 | 0.499661,Computer Vision | Machine Learning | Artificial Intelligence | Robotics | Natural Language Processing,0.511866 | 0.500050 | 0.499661 | 0.495970 | 0.495953
tfidf,Hoda Eldardiry,Data Mining | Natural Language Processing | The Web & Information Retrieval,Computer Graphics,0.190020,Computer Graphics | Computer Vision | Natural Language Processing,0.190020 | 0.188028 | 0.182696,Computer Graphics | Computer Vision | Natural Language Processing | Robotics | Artificial Intelligence,0.190020 | 0.188028 | 0.182696 | 0.182401 | 0.179796
tfidf,Hongbo Fu 0001,Artificial Intelligence | Computer Graphics | Computer Vision | Human-Computer Interaction | Robotics,Computer Graphics,0.493618,Computer Graphics | Human-Computer Interaction | Computer Vision,0.493618 | 0.449502 | 0.445009,Computer Graphics | Human-Computer Interaction | Computer Vision | Robotics | Artificial Intelligence,0.493618 | 0.449502 | 0.445009 | 0.435303 | 0.418664
tfidf,Hongyang Li,Artificial Intelligence | Computer Vision | Machine Learning,Robotics,0.197183,Robotics | Artificial Intelligence | Data Mining,0.197183 | 0.184851 | 0.181324,Robotics | Artificial Intelligence | Data Mining | Computer Vision | Machine Learning,0.197183 | 0.184851 | 0.181324 | 0.181228 | 0.180878
tfidf,Hongyu Zhang 0002,Artificial Intelligence | Data Mining | Databases | Machine Learning | Natural Language Processing | Software Engineering | The Web & Information Retrieval,Software Engineering,0.264014,Software Engineering | Data Mining | Databases,0.264014 | 0.229030 | 0.227638,Software Engineering | Data Mining | Databases | The Web & Information Retrieval | Natural Language Processing,0.264014 | 0.229030 | 0.227638 | 0.224837 | 0.221108
tfidf,Hongzhi Yin,Artificial Intelligence | Computer Vision | Data Mining | Databases | Machine Learning | Natural Language Processing | The Web & Information Retrieval,Data Mining,0.690967,Data Mining | The Web & Information Retrieval | Databases,0.690967 | 0.682825 | 0.662064,Data Mining | The Web & Information Retrieval | Databases | Artificial Intelligence | Natural Language Processing,0.690967 | 0.682825 | 0.662064 | 0.656836 | 0.650983
tfidf,Hua Wei 0001,Artificial Intelligence | Computer Vision | Data Mining | Machine Learning | The Web & Information Retrieval,The Web & Information Retrieval,0.336562,The Web & Information Retrieval | Data Mining | Natural Language Processing,0.336562 | 0.323410 | 0.307995,The Web & Information Retrieval | Data Mining | Natural Language Processing | Visualization | Human-Computer Interaction,0.336562 | 0.323410 | 0.307995 | 0.306551 | 0.304010
tfidf,Huamin Qu,Artificial Intelligence | Computer Vision | Data Mining | Human-Computer Interaction | Machine Learning | Natural Language Processing | Visualization,Human-Computer Interaction,0.643466,Human-Computer Interaction | Visualization | Natural Language Processing,0.643466 | 0.624379 | 0.568149,Human-Computer Interaction | Visualization | Natural Language Processing | The Web & Information Retrieval | Artificial Intelligence,0.643466 | 0.624379 | 0.568149 | 0.560129 | 0.557980
tfidf,Huan Zhang 0001,Artificial Intelligence | Computer Vision | Machine Learning | Natural Language Processing,Machine Learning,0.356470,Machine Learning | Artificial Intelligence | Computer Vision,0.356470 | 0.353874 | 0.348237,Machine Learning | Artificial Intelligence | Computer Vision | Natural Language Processing | Data Mining,0.356470 | 0.353874 | 0.348237 | 0.346524 | 0.343752
tfidf,Huiyuan Fu,Artificial Intelligence | Computer Vision,Computer Vision,0.276319,Computer Vision | Human-Computer Interaction | Artificial Intelligence,0.276319 | 0.267377 | 0.261681,Computer Vision | Human-Computer Interaction | Artificial Intelligence | Machine Learning | Robotics,0.276319 | 0.267377 | 0.261681 | 0.256702 | 0.254984
tfidf,Hyunwoo J. Kim,Artificial Intelligence | Computer Vision | Machine Learning | Natural Language Processing,Computer Vision,0.340433,Computer Vision | Artificial Intelligence | Machine Learning,0.340433 | 0.336690 | 0.335558,Computer Vision | Artificial Intelligence | Machine Learning | Natural Language Processing | The Web & Information Retrieval,0.340433 | 0.336690 | 0.335558 | 0.334360 | 0.327204
tfidf,Imari Sato,Artificial Intelligence | Computer Graphics | Computer Vision,Computer Graphics,0.440787,Computer Graphics | Computer Vision | Robotics,0.440787 | 0.432915 | 0.425333,Computer Graphics | Computer Vision | Robotics | Machine Learning | Artificial Intelligence,0.440787 | 0.432915 | 0.425333 | 0.415868 | 0.415043
tfidf,Ioannis M. Rekleitis,Robotics,Robotics,0.391851,Robotics | Artificial Intelligence | Machine Learning,0.391851 | 0.370836 | 0.369510,Robotics | Artificial Intelligence | Machine Learning | Computer Vision | Databases,0.391851 | 0.370836 | 0.369510 | 0.363998 | 0.353088
tfidf,Ion Stoica,Artificial Intelligence | Computer Vision | Databases | Machine Learning | Natural Language Processing | Robotics,Natural Language Processing,0.530740,Natural Language Processing | Machine Learning | Artificial Intelligence,0.530740 | 0.523236 | 0.520604,Natural Language Processing | Machine Learning | Artificial Intelligence | Data Mining | Databases,0.530740 | 0.523236 | 0.520604 | 0.519101 | 0.517089
tfidf,Irwin King,Artificial Intelligence | Computer Vision | Data Mining | Machine Learning | Natural Language Processing | Software Engineering | The Web & Information Retrieval,Data Mining,0.565526,Data Mining | The Web & Information Retrieval | Natural Language Processing,0.565526 | 0.554881 | 0.545295,Data Mining | The Web & Information Retrieval | Natural Language Processing | Artificial Intelligence | Machine Learning,0.565526 | 0.554881 | 0.545295 | 0.538120 | 0.532790
tfidf,Iryna Gurevych,Artificial Intelligence | Machine Learning | Natural Language Processing | The Web & Information Retrieval,Natural Language Processing,0.617304,Natural Language Processing | The Web & Information Retrieval | Artificial Intelligence,0.617304 | 0.589314 | 0.586493,Natural Language Processing | The Web & Information Retrieval | Artificial Intelligence | Machine Learning | Data Mining,0.617304 | 0.589314 | 0.586493 | 0.585240 | 0.583362
tfidf,Ivan Laptev,Computer Vision | Machine Learning | Natural Language Processing | Robotics,Robotics,0.712050,Robotics | Computer Vision | Computer Graphics,0.712050 | 0.691494 | 0.678515,Robotics | Computer Vision | Computer Graphics | Machine Learning | Artificial Intelligence,0.712050 | 0.691494 | 0.678515 | 0.669156 | 0.669050
tfidf,Jaakko Lehtinen,Computer Graphics | Computer Vision | Machine Learning,Computer Graphics,0.261641,Computer Graphics | Computer Vision | Robotics,0.261641 | 0.255246 | 0.252940,Computer Graphics | Computer Vision | Robotics | Machine Learning | Artificial Intelligence,0.261641 | 0.255246 | 0.252940 | 0.244031 | 0.242598
tfidf,Jackie Chi Kit Cheung,Artificial Intelligence | Machine Learning | Natural Language Processing | The Web & Information Retrieval,Natural Language Processing,0.666287,Natural Language Processing | Machine Learning | Artificial Intelligence,0.666287 | 0.650280 | 0.649448,Natural Language Processing | Machine Learning | Artificial Intelligence | The Web & Information Retrieval | Data Mining,0.666287 | 0.650280 | 0.649448 | 0.641334 | 0.637731
tfidf,Jacob R. Gardner,Artificial Intelligence | Computer Vision | Databases | Machine Learning,Natural Language Processing,0.345729,Natural Language Processing | Machine Learning | Artificial Intelligence,0.345729 | 0.344457 | 0.340984,Natural Language Processing | Machine Learning | Artificial Intelligence | Data Mining | Computer Vision,0.345729 | 0.344457 | 0.340984 | 0.336254 | 0.335256
tfidf,Jae-sun Seo,Artificial Intelligence | Computer Vision | Machine Learning,Computer Vision,0.218827,Computer Vision | Artificial Intelligence | Machine Learning,0.218827 | 0.217852 | 0.216687,Computer Vision | Artificial Intelligence | Machine Learning | Natural Language Processing | Data Mining,0.218827 | 0.217852 | 0.216687 | 0.212151 | 0.210870
tfidf,Jaemin Cho 0001,Artificial Intelligence | Computer Vision | Machine Learning | Natural Language Processing,Natural Language Processing,0.469468,Natural Language Processing | Computer Vision | Artificial Intelligence,0.469468 | 0.466075 | 0.459690,Natural Language Processing | Computer Vision | Artificial Intelligence | Robotics | Machine Learning,0.469468 | 0.466075 | 0.459690 | 0.459176 | 0.457153
tfidf,Jaesik Park,Artificial Intelligence | Computer Graphics | Computer Vision | Machine Learning | Natural Language Processing | Robotics,Computer Graphics,0.716432,Computer Graphics | Computer Vision | Robotics,0.716432 | 0.683289 | 0.671601,Computer Graphics | Computer Vision | Robotics | Machine Learning | Artificial Intelligence,0.716432 | 0.683289 | 0.671601 | 0.655203 | 0.651236
tfidf,Jaeyeon Lee 0002,Human-Computer Interaction,Human-Computer Interaction,0.215993,Human-Computer Interaction | Robotics | Machine Learning,0.215993 | 0.192091 | 0.187025,Human-Computer Interaction | Robotics | Machine Learning | Computer Vision | Artificial Intelligence,0.215993 | 0.192091 | 0.187025 | 0.185765 | 0.185615
tfidf,James A. Landay,Human-Computer Interaction | Natural Language Processing,Visualization,0.277493,Visualization | Human-Computer Interaction | Natural Language Processing,0.277493 | 0.274752 | 0.267458,Visualization | Human-Computer Interaction | Natural Language Processing | The Web & Information Retrieval | Data Mining,0.277493 | 0.274752 | 0.267458 | 0.261826 | 0.258640
tfidf,James A. Preiss,Machine Learning | Robotics,Machine Learning,0.173693,Machine Learning | Artificial Intelligence | Data Mining,0.173693 | 0.167920 | 0.163264,Machine Learning | Artificial Intelligence | Data Mining | Robotics | Databases,0.173693 | 0.167920 | 0.163264 | 0.162601 | 0.160419
tfidf,James T. Kwok,Artificial Intelligence | Computer Vision | Machine Learning | Natural Language Processing | The Web & Information Retrieval,Natural Language Processing,0.597912,Natural Language Processing | Data Mining | Artificial Intelligence,0.597912 | 0.586488 | 0.582615,Natural Language Processing | Data Mining | Artificial Intelligence | The Web & Information Retrieval | Machine Learning,0.597912 | 0.586488 | 0.582615 | 0.579078 | 0.576611
tfidf,James Wang,Computer Vision | Natural Language Processing,Machine Learning,0.204480,Machine Learning | Artificial Intelligence | Computer Vision,0.204480 | 0.200521 | 0.199452,Machine Learning | Artificial Intelligence | Computer Vision | Natural Language Processing | Robotics,0.204480 | 0.200521 | 0.199452 | 0.195040 | 0.194751
tfidf,Jan O. Borchers,Human-Computer Interaction,Human-Computer Interaction,0.318788,Human-Computer Interaction | Robotics | Computer Graphics,0.318788 | 0.270604 | 0.270431,Human-Computer Interaction | Robotics | Computer Graphics | Visualization | Machine Learning,0.318788 | 0.270604 | 0.270431 | 0.270360 | 0.257208
tfidf,Jason J. Ford,Robotics,Robotics,0.265535,Robotics | Computer Vision | Artificial Intelligence,0.265535 | 0.259753 | 0.259317,Robotics | Computer Vision | Artificial Intelligence | Machine Learning | Human-Computer Interaction,0.265535 | 0.259753 | 0.259317 | 0.259103 | 0.254248
tfidf,Jasper C. H. Lee,Artificial Intelligence | Machine Learning,Machine Learning,0.311351,Machine Learning | Artificial Intelligence | Databases,0.311351 | 0.302621 | 0.291259,Machine Learning | Artificial Intelligence | Databases | Data Mining | The Web & Information Retrieval,0.311351 | 0.302621 | 0.291259 | 0.287009 | 0.284398
tfidf,Jay-Yoon Lee,Artificial Intelligence | Machine Learning | Natural Language Processing,Natural Language Processing,0.298472,Natural Language Processing | Artificial Intelligence | Machine Learning,0.298472 | 0.291018 | 0.289544,Natural Language Processing | Artificial Intelligence | Machine Learning | Data Mining | Computer Vision,0.298472 | 0.291018 | 0.289544 | 0.289416 | 0.285789
tfidf,Jean Ponce,Computer Graphics | Computer Vision | Machine Learning | Robotics,Computer Graphics,0.293293,Computer Graphics | Robotics | Computer Vision,0.293293 | 0.286230 | 0.280681,Computer Graphics | Robotics | Computer Vision | Machine Learning | Artificial Intelligence,0.293293 | 0.286230 | 0.280681 | 0.275977 | 0.272448
tfidf,Jian Kang 0008,Data Mining | Machine Learning | The Web & Information Retrieval | Visualization,Data Mining,0.384952,Data Mining | The Web & Information Retrieval | Databases,0.384952 | 0.384653 | 0.367839,Data Mining | The Web & Information Retrieval | Databases | Artificial Intelligence | Machine Learning,0.384952 | 0.384653 | 0.367839 | 0.356189 | 0.353837
tfidf,Jian Yang 0001,Artificial Intelligence | Computer Vision | Data Mining | Machine Learning | Natural Language Processing | The Web & Information Retrieval,Computer Vision,0.360268,Computer Vision | Artificial Intelligence | Data Mining,0.360268 | 0.357812 | 0.354718,Computer Vision | Artificial Intelligence | Data Mining | Natural Language Processing | The Web & Information Retrieval,0.360268 | 0.357812 | 0.354718 | 0.354175 | 0.353645
tfidf,Jiannan Wang 0001,Data Mining | Databases,Databases,0.270763,Databases | The Web & Information Retrieval | Data Mining,0.270763 | 0.259476 | 0.255974,Databases | The Web & Information Retrieval | Data Mining | Human-Computer Interaction | Artificial Intelligence,0.270763 | 0.259476 | 0.255974 | 0.255315 | 0.248115
tfidf,Jianwei Huang 0001,Artificial Intelligence,Databases,0.249387,Databases | Data Mining | The Web & Information Retrieval,0.249387 | 0.226310 | 0.222597,Databases | Data Mining | The Web & Information Retrieval | Artificial Intelligence | Machine Learning,0.249387 | 0.226310 | 0.222597 | 0.217487 | 0.216486
tfidf,Jiatao Gu,Artificial Intelligence | Computer Graphics | Computer Vision | Machine Learning | Natural Language Processing,Computer Graphics,0.444273,Computer Graphics | Computer Vision | Machine Learning,0.444273 | 0.412104 | 0.402776,Computer Graphics | Computer Vision | Machine Learning | Robotics | Artificial Intelligence,0.444273 | 0.412104 | 0.402776 | 0.400319 | 0.396449
tfidf,Jiaxin Mao,Artificial Intelligence | Data Mining | Natural Language Processing | The Web & Information Retrieval,The Web & Information Retrieval,0.392553,The Web & Information Retrieval | Natural Language Processing | Data Mining,0.392553 | 0.318511 | 0.317152,The Web & Information Retrieval | Natural Language Processing | Data Mining | Human-Computer Interaction | Artificial Intelligence,0.392553 | 0.318511 | 0.317152 | 0.311654 | 0.296375
tfidf,Jiayuan Mao,Artificial Intelligence | Computer Vision | Machine Learning | Natural Language Processing | Robotics,Robotics,0.485692,Robotics | Machine Learning | Artificial Intelligence,0.485692 | 0.452505 | 0.450566,Robotics | Machine Learning | Artificial Intelligence | Computer Vision | Natural Language Processing,0.485692 | 0.452505 | 0.450566 | 0.450434 | 0.442395
tfidf,Jie Li,Artificial Intelligence | Computer Graphics | Computer Vision | Machine Learning | Robotics | The Web & Information Retrieval,Machine Learning,0.359926,Machine Learning | Computer Vision | Robotics,0.359926 | 0.358854 | 0.358549,Machine Learning | Computer Vision | Robotics | Artificial Intelligence | Natural Language Processing,0.359926 | 0.358854 | 0.358549 | 0.356898 | 0.347387
tfidf,Jie Shao 0001,Artificial Intelligence | Computer Vision | Data Mining | Databases | Machine Learning | Natural Language Processing | The Web & Information Retrieval,Databases,0.226623,Databases | The Web & Information Retrieval | Artificial Intelligence,0.226623 | 0.224960 | 0.211923,Databases | The Web & Information Retrieval | Artificial Intelligence | Data Mining | Human-Computer Interaction,0.226623 | 0.224960 | 0.211923 | 0.211490 | 0.208208
tfidf,Jiliang Tang,Artificial Intelligence | Computer Vision | Data Mining | Machine Learning | Natural Language Processing | The Web & Information Retrieval,Data Mining,0.683054,Data Mining | The Web & Information Retrieval | Natural Language Processing,0.683054 | 0.675103 | 0.663339,Data Mining | The Web & Information Retrieval | Natural Language Processing | Databases | Artificial Intelligence,0.683054 | 0.675103 | 0.663339 | 0.646958 | 0.645096
tfidf,Jing Tang 0004,Artificial Intelligence | Computer Vision | Data Mining | Databases | Machine Learning | Natural Language Processing | The Web & Information Retrieval,Databases,0.377849,Databases | Machine Learning | Artificial Intelligence,0.377849 | 0.376438 | 0.375619,Databases | Machine Learning | Artificial Intelligence | Data Mining | The Web & Information Retrieval,0.377849 | 0.376438 | 0.375619 | 0.375587 | 0.375067
tfidf,Jing Zhang 0052,Artificial Intelligence | Computer Vision | Machine Learning,Computer Vision,0.454710,Computer Vision | Computer Graphics | Machine Learning,0.454710 | 0.446050 | 0.444925,Computer Vision | Computer Graphics | Machine Learning | Artificial Intelligence | Robotics,0.454710 | 0.446050 | 0.444925 | 0.443038 | 0.441452
tfidf,Jingjing Li 0001,Artificial Intelligence | Computer Vision | Machine Learning | The Web & Information Retrieval,Computer Vision,0.285618,Computer Vision | Artificial Intelligence | Machine Learning,0.285618 | 0.285168 | 0.283022,Computer Vision | Artificial Intelligence | Machine Learning | Natural Language Processing | Data Mining,0.285618 | 0.285168 | 0.283022 | 0.278497 | 0.277502
tfidf,Jingyong Su,Artificial Intelligence | Computer Vision | Data Mining | Machine Learning,Computer Vision,0.217683,Computer Vision | Artificial Intelligence | Robotics,0.217683 | 0.215278 | 0.212409,Computer Vision | Artificial Intelligence | Robotics | Machine Learning | Human-Computer Interaction,0.217683 | 0.215278 | 0.212409 | 0.212307 | 0.209396
tfidf,Jinhang Zuo,Artificial Intelligence | Machine Learning,Machine Learning,0.406397,Machine Learning | Artificial Intelligence | Data Mining,0.406397 | 0.405491 | 0.399292,Machine Learning | Artificial Intelligence | Data Mining | The Web & Information Retrieval | Databases,0.406397 | 0.405491 | 0.399292 | 0.396852 | 0.386836
tfidf,Jinjian Wu,Artificial Intelligence | Computer Vision | Machine Learning,Computer Vision,0.263071,Computer Vision | Robotics | Artificial Intelligence,0.263071 | 0.253599 | 0.252155,Computer Vision | Robotics | Artificial Intelligence | Machine Learning | Computer Graphics,0.263071 | 0.253599 | 0.252155 | 0.249586 | 0.244759
tfidf,Jisoo Mok,Artificial Intelligence | Computer Vision | Machine Learning | Natural Language Processing,Data Mining,0.243393,Data Mining | The Web & Information Retrieval | Artificial Intelligence,0.243393 | 0.242311 | 0.237940,Data Mining | The Web & Information Retrieval | Artificial Intelligence | Natural Language Processing | Machine Learning,0.243393 | 0.242311 | 0.237940 | 0.237291 | 0.235128
tfidf,Jitendra Malik,Computer Graphics | Computer Vision | Machine Learning | Natural Language Processing | Robotics,Robotics,0.762141,Robotics | Computer Vision | Machine Learning,0.762141 | 0.721508 | 0.712068,Robotics | Computer Vision | Machine Learning | Computer Graphics | Artificial Intelligence,0.762141 | 0.721508 | 0.712068 | 0.711181 | 0.703630
tfidf,Jiuyong Li,Artificial Intelligence | Data Mining | Databases | Machine Learning | Natural Language Processing | The Web & Information Retrieval,The Web & Information Retrieval,0.212983,The Web & Information Retrieval | Data Mining | Artificial Intelligence,0.212983 | 0.211872 | 0.202128,The Web & Information Retrieval | Data Mining | Artificial Intelligence | Natural Language Processing | Visualization,0.212983 | 0.211872 | 0.202128 | 0.200505 | 0.199128
tfidf,Jocelyn Dunstan,Machine Learning,Natural Language Processing,0.285571,Natural Language Processing | Machine Learning | Human-Computer Interaction,0.285571 | 0.261567 | 0.257329,Natural Language Processing | Machine Learning | Human-Computer Interaction | Artificial Intelligence | The Web & Information Retrieval,0.285571 | 0.261567 | 0.257329 | 0.255377 | 0.254338
tfidf,Joel H. Saltz,Computer Vision | Databases,Computer Vision,0.390651,Computer Vision | Machine Learning | Artificial Intelligence,0.390651 | 0.380507 | 0.379203,Computer Vision | Machine Learning | Artificial Intelligence | Computer Graphics | Natural Language Processing,0.390651 | 0.380507 | 0.379203 | 0.374333 | 0.370817
tfidf,John C. S. Lui,Artificial Intelligence | Data Mining | Databases | Machine Learning | The Web & Information Retrieval,Machine Learning,0.585918,Machine Learning | Artificial Intelligence | Data Mining,0.585918 | 0.584433 | 0.581348,Machine Learning | Artificial Intelligence | Data Mining | The Web & Information Retrieval | Databases,0.585918 | 0.584433 | 0.581348 | 0.574258 | 0.570543
tfidf,John V. Guttag,Artificial Intelligence | Computer Graphics | Computer Vision | Data Mining | Human-Computer Interaction | Machine Learning,Computer Graphics,0.426803,Computer Graphics | Computer Vision | Robotics,0.426803 | 0.405072 | 0.400529,Computer Graphics | Computer Vision | Robotics | Machine Learning | Artificial Intelligence,0.426803 | 0.405072 | 0.400529 | 0.388840 | 0.381840
tfidf,Jonathan Berant,Artificial Intelligence | Machine Learning | Natural Language Processing,Natural Language Processing,0.697631,Natural Language Processing | Machine Learning | Artificial Intelligence,0.697631 | 0.682621 | 0.676809,Natural Language Processing | Machine Learning | Artificial Intelligence | Computer Vision | Data Mining,0.697631 | 0.682621 | 0.676809 | 0.663075 | 0.659131
tfidf,Jonathan K. Kummerfeld,Human-Computer Interaction | Machine Learning | Natural Language Processing | The Web & Information Retrieval,Natural Language Processing,0.339055,Natural Language Processing | Human-Computer Interaction | Machine Learning,0.339055 | 0.336987 | 0.333070,Natural Language Processing | Human-Computer Interaction | Machine Learning | Visualization | Artificial Intelligence,0.339055 | 0.336987 | 0.333070 | 0.332284 | 0.331429
tfidf,Jongheon Jeong,Artificial Intelligence | Computer Vision | Machine Learning,Computer Vision,0.342415,Computer Vision | Natural Language Processing | Machine Learning,0.342415 | 0.339890 | 0.339824,Computer Vision | Natural Language Processing | Machine Learning | Artificial Intelligence | Computer Graphics,0.342415 | 0.339890 | 0.339824 | 0.337220 | 0.325427
tfidf,Joseph Jay Williams,Artificial Intelligence,Human-Computer Interaction,0.208092,Human-Computer Interaction | Visualization | Natural Language Processing,0.208092 | 0.193722 | 0.192203,Human-Computer Interaction | Visualization | Natural Language Processing | The Web & Information Retrieval | Artificial Intelligence,0.208092 | 0.193722 | 0.192203 | 0.178373 | 0.178222
tfidf,José Camacho-Collados,Artificial Intelligence | Machine Learning | Natural Language Processing,Natural Language Processing,0.393675,Natural Language Processing | Artificial Intelligence | Machine Learning,0.393675 | 0.374261 | 0.373811,Natural Language Processing | Artificial Intelligence | Machine Learning | The Web & Information Retrieval | Data Mining,0.393675 | 0.374261 | 0.373811 | 0.371165 | 0.366122
tfidf,Judy Hoffman,Computer Vision | Machine Learning | Robotics,Computer Vision,0.392836,Computer Vision | Natural Language Processing | Machine Learning,0.392836 | 0.388863 | 0.388347,Computer Vision | Natural Language Processing | Machine Learning | Artificial Intelligence | Robotics,0.392836 | 0.388863 | 0.388347 | 0.386155 | 0.380908
tfidf,Juho Kannala,Artificial Intelligence | Computer Vision | Machine Learning | Robotics,Computer Vision,0.302972,Computer Vision | Robotics | Artificial Intelligence,0.302972 | 0.301086 | 0.297262,Computer Vision | Robotics | Artificial Intelligence | Machine Learning | Natural Language Processing,0.302972 | 0.301086 | 0.297262 | 0.296110 | 0.290822
tfidf,Julie A. Shah,Artificial Intelligence | Human-Computer Interaction | Machine Learning | Natural Language Processing | Robotics | The Web & Information Retrieval,Robotics,0.485757,Robotics | Machine Learning | Artificial Intelligence,0.485757 | 0.480473 | 0.478830,Robotics | Machine Learning | Artificial Intelligence | Natural Language Processing | Computer Vision,0.485757 | 0.480473 | 0.478830 | 0.474094 | 0.471143
tfidf,Jun Zhu 0001,Artificial Intelligence | Computer Vision | Data Mining | Databases | Machine Learning | Natural Language Processing | The Web & Information Retrieval | Visualization,Machine Learning,0.504194,Machine Learning | Artificial Intelligence | Computer Vision,0.504194 | 0.502031 | 0.497393,Machine Learning | Artificial Intelligence | Computer Vision | Data Mining | Natural Language Processing,0.504194 | 0.502031 | 0.497393 | 0.494911 | 0.488791
tfidf,Juncheng Li 0006,Artificial Intelligence | Computer Vision | Machine Learning | Natural Language Processing | The Web & Information Retrieval,Natural Language Processing,0.571883,Natural Language Processing | Computer Vision | Artificial Intelligence,0.571883 | 0.562098 | 0.556596,Natural Language Processing | Computer Vision | Artificial Intelligence | Data Mining | Machine Learning,0.571883 | 0.562098 | 0.556596 | 0.551622 | 0.550463
tfidf,Jungdam Won,Computer Graphics | Computer Vision,Robotics,0.228874,Robotics | Computer Graphics | Human-Computer Interaction,0.228874 | 0.224454 | 0.219275,Robotics | Computer Graphics | Human-Computer Interaction | Computer Vision | Machine Learning,0.228874 | 0.224454 | 0.219275 | 0.215706 | 0.211496
tfidf,Kai Zhang 0008,Artificial Intelligence | Computer Vision | Machine Learning | Robotics,Computer Vision,0.221034,Computer Vision | Artificial Intelligence | Natural Language Processing,0.221034 | 0.211830 | 0.211741,Computer Vision | Artificial Intelligence | Natural Language Processing | Machine Learning | Robotics,0.221034 | 0.211830 | 0.211741 | 0.211012 | 0.209578
tfidf,Kaiqi Zhao 0001,Artificial Intelligence | Data Mining | Databases | The Web & Information Retrieval,Databases,0.225204,Databases | The Web & Information Retrieval | Data Mining,0.225204 | 0.196078 | 0.192660,Databases | The Web & Information Retrieval | Data Mining | Artificial Intelligence | Machine Learning,0.225204 | 0.196078 | 0.192660 | 0.183271 | 0.180234
tfidf,Kan Ren,Artificial Intelligence | Computer Vision | Data Mining | Machine Learning | Natural Language Processing | The Web & Information Retrieval | Visualization,Databases,0.224590,Databases | Data Mining | The Web & Information Retrieval,0.224590 | 0.212061 | 0.207516,Databases | Data Mining | The Web & Information Retrieval | Artificial Intelligence | Machine Learning,0.224590 | 0.212061 | 0.207516 | 0.203771 | 0.200772
tfidf,Kannan Ramchandran,Data Mining | Machine Learning,Machine Learning,0.152430,Machine Learning | Artificial Intelligence | Natural Language Processing,0.152430 | 0.148568 | 0.147389,Machine Learning | Artificial Intelligence | Natural Language Processing | Robotics | Computer Vision,0.152430 | 0.148568 | 0.147389 | 0.146633 | 0.145783
tfidf,Karl Tuyls,Artificial Intelligence | Machine Learning | Robotics,Machine Learning,0.245254,Machine Learning | Artificial Intelligence | Robotics,0.245254 | 0.244762 | 0.239141,Machine Learning | Artificial Intelligence | Robotics | Natural Language Processing | Data Mining,0.245254 | 0.244762 | 0.239141 | 0.238239 | 0.237687
tfidf,Katerina Fragkiadaki,Artificial Intelligence | Computer Vision | Machine Learning | Robotics,Computer Graphics,0.358141,Computer Graphics | Computer Vision | Robotics,0.358141 | 0.350563 | 0.344380,Computer Graphics | Computer Vision | Robotics | Machine Learning | Artificial Intelligence,0.358141 | 0.350563 | 0.344380 | 0.337325 | 0.331405
tfidf,Katrina Ligett,Machine Learning | The Web & Information Retrieval,Machine Learning,0.265000,Machine Learning | Artificial Intelligence | The Web & Information Retrieval,0.265000 | 0.264746 | 0.261777,Machine Learning | Artificial Intelligence | The Web & Information Retrieval | Natural Language Processing | Data Mining,0.265000 | 0.264746 | 0.261777 | 0.261009 | 0.253617
tfidf,Ke Yi 0001,Data Mining | Databases | Human-Computer Interaction | Machine Learning,Databases,0.275376,Databases | Data Mining | The Web & Information Retrieval,0.275376 | 0.236375 | 0.235321,Databases | Data Mining | The Web & Information Retrieval | Artificial Intelligence | Machine Learning,0.275376 | 0.236375 | 0.235321 | 0.230118 | 0.229193
tfidf,Kehai Chen,Artificial Intelligence | Natural Language Processing,Natural Language Processing,0.314655,Natural Language Processing | Artificial Intelligence | Machine Learning,0.314655 | 0.308518 | 0.304470,Natural Language Processing | Artificial Intelligence | Machine Learning | Computer Vision | Data Mining,0.314655 | 0.308518 | 0.304470 | 0.300174 | 0.298530
tfidf,Ken-ichi Kawarabayashi,Artificial Intelligence | Data Mining | Databases | Machine Learning | Natural Language Processing,Data Mining,0.238108,Data Mining | The Web & Information Retrieval | Artificial Intelligence,0.238108 | 0.235078 | 0.229130,Data Mining | The Web & Information Retrieval | Artificial Intelligence | Natural Language Processing | Databases,0.238108 | 0.235078 | 0.229130 | 0.228077 | 0.227289
tfidf,Kenji Kawaguchi,Artificial Intelligence | Computer Vision | Data Mining | Machine Learning | Natural Language Processing | The Web & Information Retrieval,Machine Learning,0.736407,Machine Learning | Natural Language Processing | Artificial Intelligence,0.736407 | 0.733648 | 0.733265,Machine Learning | Natural Language Processing | Artificial Intelligence | Computer Vision | Data Mining,0.736407 | 0.733648 | 0.733265 | 0.726394 | 0.719120
tfidf,Kenton Murray,Computer Vision | Machine Learning | Natural Language Processing | The Web & Information Retrieval,Natural Language Processing,0.270558,Natural Language Processing | Computer Vision | Artificial Intelligence,0.270558 | 0.269067 | 0.260378,Natural Language Processing | Computer Vision | Artificial Intelligence | The Web & Information Retrieval | Machine Learning,0.270558 | 0.269067 | 0.260378 | 0.260057 | 0.256763
tfidf,Keze Wang,Artificial Intelligence | Computer Vision | Data Mining | Machine Learning | Natural Language Processing | Robotics,Natural Language Processing,0.248010,Natural Language Processing | Computer Vision | Artificial Intelligence,0.248010 | 0.243879 | 0.242493,Natural Language Processing | Computer Vision | Artificial Intelligence | Data Mining | Machine Learning,0.248010 | 0.243879 | 0.242493 | 0.241346 | 0.241145
tfidf,Kfir Y. Levy,Artificial Intelligence | Machine Learning,Machine Learning,0.530588,Machine Learning | Artificial Intelligence | Data Mining,0.530588 | 0.521184 | 0.505421,Machine Learning | Artificial Intelligence | Data Mining | Computer Vision | Natural Language Processing,0.530588 | 0.521184 | 0.505421 | 0.497517 | 0.495612
tfidf,Kian-Lee Tan,Artificial Intelligence | Data Mining | Databases | The Web & Information Retrieval,Visualization,0.322100,Visualization | Human-Computer Interaction | Databases,0.322100 | 0.320964 | 0.311368,Visualization | Human-Computer Interaction | Databases | Data Mining | The Web & Information Retrieval,0.322100 | 0.320964 | 0.311368 | 0.293364 | 0.292322
tfidf,Klaus Hildebrandt,Computer Graphics | Computer Vision | Human-Computer Interaction | Visualization,Visualization,0.313636,Visualization | Computer Vision | Machine Learning,0.313636 | 0.298873 | 0.297755,Visualization | Computer Vision | Machine Learning | Computer Graphics | Robotics,0.313636 | 0.298873 | 0.297755 | 0.297180 | 0.297033
tfidf,Konstantinos Karydis,Computer Vision | Robotics,Robotics,0.258269,Robotics | Machine Learning | Artificial Intelligence,0.258269 | 0.244362 | 0.243345,Robotics | Machine Learning | Artificial Intelligence | Computer Vision | Databases,0.258269 | 0.244362 | 0.243345 | 0.240521 | 0.236171
tfidf,Kris Hauser,Computer Vision | Robotics,Robotics,0.656268,Robotics | Computer Graphics | Machine Learning,0.656268 | 0.612110 | 0.607183,Robotics | Computer Graphics | Machine Learning | Computer Vision | Artificial Intelligence,0.656268 | 0.612110 | 0.607183 | 0.606755 | 0.601847
tfidf,Krishna P. Gummadi,Artificial Intelligence | Data Mining | Databases | Machine Learning | The Web & Information Retrieval,Natural Language Processing,0.365732,Natural Language Processing | Machine Learning | Artificial Intelligence,0.365732 | 0.365413 | 0.359474,Natural Language Processing | Machine Learning | Artificial Intelligence | Computer Vision | Data Mining,0.365732 | 0.365413 | 0.359474 | 0.356866 | 0.352113
tfidf,Kui Jia,Artificial Intelligence | Computer Vision | Machine Learning | Robotics,Computer Graphics,0.681216,Computer Graphics | Computer Vision | Robotics,0.681216 | 0.672498 | 0.657944,Computer Graphics | Computer Vision | Robotics | Machine Learning | Artificial Intelligence,0.681216 | 0.672498 | 0.657944 | 0.648217 | 0.645636
tfidf,Kwang Moo Yi,Computer Vision | Machine Learning,Computer Vision,0.406621,Computer Vision | Computer Graphics | Machine Learning,0.406621 | 0.406146 | 0.399527,Computer Vision | Computer Graphics | Machine Learning | Artificial Intelligence | Natural Language Processing,0.406621 | 0.406146 | 0.399527 | 0.398391 | 0.389001
tfidf,Kyong Hwan Jin,Computer Vision | Robotics,Computer Graphics,0.280090,Computer Graphics | Computer Vision | Machine Learning,0.280090 | 0.272686 | 0.263635,Computer Graphics | Computer Vision | Machine Learning | Artificial Intelligence | Robotics,0.280090 | 0.272686 | 0.263635 | 0.262739 | 0.259518
tfidf,Kyoung Mu Lee,Artificial Intelligence | Computer Vision | Machine Learning,Computer Graphics,0.720995,Computer Graphics | Computer Vision | Robotics,0.720995 | 0.698528 | 0.681759,Computer Graphics | Computer Vision | Robotics | Machine Learning | Artificial Intelligence,0.720995 | 0.698528 | 0.681759 | 0.666015 | 0.663998
tfidf,Kyunghyun Cho,Artificial Intelligence | Computer Vision | Machine Learning | Natural Language Processing | Visualization,Natural Language Processing,0.680446,Natural Language Processing | Machine Learning | Artificial Intelligence,0.680446 | 0.679993 | 0.675515,Natural Language Processing | Machine Learning | Artificial Intelligence | Data Mining | The Web & Information Retrieval,0.680446 | 0.679993 | 0.675515 | 0.672110 | 0.660733
tfidf,Lalitha Sankar,Machine Learning | Visualization,Machine Learning,0.213947,Machine Learning | Artificial Intelligence | Data Mining,0.213947 | 0.206853 | 0.201158,Machine Learning | Artificial Intelligence | Data Mining | Computer Vision | Natural Language Processing,0.213947 | 0.206853 | 0.201158 | 0.196878 | 0.195462
tfidf,Lan Wang,Computer Vision | Natural Language Processing | The Web & Information Retrieval,Computer Graphics,0.180443,Computer Graphics | Computer Vision | Robotics,0.180443 | 0.179357 | 0.169811,Computer Graphics | Computer Vision | Robotics | Human-Computer Interaction | Artificial Intelligence,0.180443 | 0.179357 | 0.169811 | 0.167261 | 0.166489
tfidf,Lantao Liu,Robotics,Artificial Intelligence,0.261900,Artificial Intelligence | Computer Vision | Machine Learning,0.261900 | 0.261138 | 0.257535,Artificial Intelligence | Computer Vision | Machine Learning | Data Mining | Natural Language Processing,0.261900 | 0.261138 | 0.257535 | 0.255848 | 0.251721
tfidf,Lars Lindemann,Artificial Intelligence | Machine Learning | Robotics | Software Engineering,Robotics,0.242485,Robotics | Artificial Intelligence | Machine Learning,0.242485 | 0.235698 | 0.233896,Robotics | Artificial Intelligence | Machine Learning | Data Mining | Computer Vision,0.242485 | 0.235698 | 0.233896 | 0.230044 | 0.227225
tfidf,Laura Alonso Alemany,Machine Learning,Natural Language Processing,0.285571,Natural Language Processing | Machine Learning | Human-Computer Interaction,0.285571 | 0.261567 | 0.257329,Natural Language Processing | Machine Learning | Human-Computer Interaction | Artificial Intelligence | The Web & Information Retrieval,0.285571 | 0.261567 | 0.257329 | 0.255377 | 0.254338
tfidf,Lei Zhang 0006,Artificial Intelligence | Computer Graphics | Computer Vision | Databases | Machine Learning,Computer Graphics,0.448447,Computer Graphics | Computer Vision | Robotics,0.448447 | 0.447698 | 0.432669,Computer Graphics | Computer Vision | Robotics | Artificial Intelligence | Machine Learning,0.448447 | 0.447698 | 0.432669 | 0.430358 | 0.426326
tfidf,Lei Zou 0001,Artificial Intelligence | Data Mining | Databases | Natural Language Processing,Databases,0.206488,Databases | Data Mining | The Web & Information Retrieval,0.206488 | 0.175179 | 0.171492,Databases | Data Mining | The Web & Information Retrieval | Software Engineering | Artificial Intelligence,0.206488 | 0.175179 | 0.171492 | 0.161330 | 0.159229
tfidf,Leif Azzopardi,The Web & Information Retrieval,The Web & Information Retrieval,0.396289,The Web & Information Retrieval | Natural Language Processing | Human-Computer Interaction,0.396289 | 0.315154 | 0.313503,The Web & Information Retrieval | Natural Language Processing | Human-Computer Interaction | Data Mining | Databases,0.396289 | 0.315154 | 0.313503 | 0.310205 | 0.286688
tfidf,Leila Takayama,Robotics,Robotics,0.185839,Robotics | Machine Learning | Computer Vision,0.185839 | 0.166938 | 0.166687,Robotics | Machine Learning | Computer Vision | Artificial Intelligence | Human-Computer Interaction,0.185839 | 0.166938 | 0.166687 | 0.166677 | 0.161407
tfidf,Leonidas J. Guibas,Computer Graphics | Computer Vision | Data Mining | Machine Learning | Robotics,Computer Graphics,0.804289,Computer Graphics | Robotics | Computer Vision,0.804289 | 0.759056 | 0.754425,Computer Graphics | Robotics | Computer Vision | Machine Learning | Artificial Intelligence,0.804289 | 0.759056 | 0.754425 | 0.718457 | 0.711129
tfidf,Lequan Yu,Artificial Intelligence | Computer Graphics | Computer Vision | Machine Learning,Artificial Intelligence,0.250542,Artificial Intelligence | Computer Vision | Machine Learning,0.250542 | 0.250280 | 0.249483,Artificial Intelligence | Computer Vision | Machine Learning | Data Mining | The Web & Information Retrieval,0.250542 | 0.250280 | 0.249483 | 0.249113 | 0.242898
tfidf,Liang Feng 0001,Artificial Intelligence | Databases | Machine Learning,Natural Language Processing,0.260902,Natural Language Processing | The Web & Information Retrieval | Data Mining,0.260902 | 0.248000 | 0.246951,Natural Language Processing | The Web & Information Retrieval | Data Mining | Artificial Intelligence | Machine Learning,0.260902 | 0.248000 | 0.246951 | 0.242891 | 0.242215
tfidf,Liang Lin,Artificial Intelligence | Computer Graphics | Computer Vision | Data Mining | Databases | Machine Learning | Natural Language Processing | Robotics | The Web & Information Retrieval,Computer Vision,0.683714,Computer Vision | Computer Graphics | Artificial Intelligence,0.683714 | 0.670115 | 0.667087,Computer Vision | Computer Graphics | Artificial Intelligence | Robotics | Machine Learning,0.683714 | 0.670115 | 0.667087 | 0.666924 | 0.661439
tfidf,Lianhui Qin,Human-Computer Interaction | Machine Learning | Natural Language Processing,Human-Computer Interaction,0.170511,Human-Computer Interaction | Natural Language Processing | Artificial Intelligence,0.170511 | 0.168607 | 0.165757,Human-Computer Interaction | Natural Language Processing | Artificial Intelligence | Machine Learning | Visualization,0.170511 | 0.168607 | 0.165757 | 0.165289 | 0.164899
tfidf,Lidan Shou,Artificial Intelligence | Data Mining | Databases | Machine Learning | Natural Language Processing | The Web & Information Retrieval,Databases,0.267372,Databases | Software Engineering | Data Mining,0.267372 | 0.246990 | 0.229764,Databases | Software Engineering | Data Mining | The Web & Information Retrieval | Natural Language Processing,0.267372 | 0.246990 | 0.229764 | 0.226932 | 0.217508
tfidf,Lie He,Machine Learning,Databases,0.291792,Databases | Data Mining | Machine Learning,0.291792 | 0.290545 | 0.286433,Databases | Data Mining | Machine Learning | Artificial Intelligence | The Web & Information Retrieval,0.291792 | 0.290545 | 0.286433 | 0.284970 | 0.277140
tfidf,Lihui Liu,Artificial Intelligence | Data Mining | Databases | Machine Learning | Natural Language Processing | The Web & Information Retrieval,Databases,0.454892,Databases | Data Mining | The Web & Information Retrieval,0.454892 | 0.446982 | 0.444699,Databases | Data Mining | The Web & Information Retrieval | Artificial Intelligence | Natural Language Processing,0.454892 | 0.446982 | 0.444699 | 0.432087 | 0.430292
tfidf,Lin Gao 0004,Artificial Intelligence | Computer Graphics | Computer Vision | Machine Learning,Computer Graphics,0.383470,Computer Graphics | Computer Vision | Robotics,0.383470 | 0.329064 | 0.318776,Computer Graphics | Computer Vision | Robotics | Human-Computer Interaction | Machine Learning,0.383470 | 0.329064 | 0.318776 | 0.302176 | 0.298815
tfidf,Lin Gu 0003,Artificial Intelligence | Computer Vision | Data Mining | Human-Computer Interaction | Machine Learning,Computer Vision,0.350022,Computer Vision | Machine Learning | Artificial Intelligence,0.350022 | 0.345107 | 0.345002,Computer Vision | Machine Learning | Artificial Intelligence | Computer Graphics | Natural Language Processing,0.350022 | 0.345107 | 0.345002 | 0.344919 | 0.340522
tfidf,Lin Shao 0002,Computer Vision | Machine Learning | Robotics,Computer Graphics,0.299079,Computer Graphics | Robotics | Computer Vision,0.299079 | 0.291422 | 0.289508,Computer Graphics | Robotics | Computer Vision | Artificial Intelligence | Machine Learning,0.299079 | 0.291422 | 0.289508 | 0.283880 | 0.282852
tfidf,Lina Yao 0001,Artificial Intelligence | Computer Vision | Data Mining | Human-Computer Interaction | Machine Learning | Natural Language Processing | Robotics | The Web & Information Retrieval,Natural Language Processing,0.557017,Natural Language Processing | Artificial Intelligence | Data Mining,0.557017 | 0.547447 | 0.543707,Natural Language Processing | Artificial Intelligence | Data Mining | Machine Learning | The Web & Information Retrieval,0.557017 | 0.547447 | 0.543707 | 0.543613 | 0.541490
tfidf,Linfeng Zhang 0001,Artificial Intelligence | Computer Vision | Machine Learning | Natural Language Processing,Computer Vision,0.404238,Computer Vision | Artificial Intelligence | Machine Learning,0.404238 | 0.395278 | 0.394484,Computer Vision | Artificial Intelligence | Machine Learning | Computer Graphics | Natural Language Processing,0.404238 | 0.395278 | 0.394484 | 0.391883 | 0.387619
tfidf,Ling Chen 0006,Artificial Intelligence | Computer Vision | Data Mining | Machine Learning | Natural Language Processing | The Web & Information Retrieval,Natural Language Processing,0.412530,Natural Language Processing | The Web & Information Retrieval | Data Mining,0.412530 | 0.410722 | 0.408618,Natural Language Processing | The Web & Information Retrieval | Data Mining | Artificial Intelligence | Machine Learning,0.412530 | 0.410722 | 0.408618 | 0.407950 | 0.404532
tfidf,Ling Pan,Artificial Intelligence | Computer Vision | Machine Learning,Machine Learning,0.501210,Machine Learning | Artificial Intelligence | Robotics,0.501210 | 0.500735 | 0.494671,Machine Learning | Artificial Intelligence | Robotics | Data Mining | Natural Language Processing,0.501210 | 0.500735 | 0.494671 | 0.488332 | 0.485270
tfidf,Lingpeng Kong,Artificial Intelligence | Computer Vision | Machine Learning | Natural Language Processing,Natural Language Processing,0.730873,Natural Language Processing | Artificial Intelligence | Machine Learning,0.730873 | 0.698253 | 0.694553,Natural Language Processing | Artificial Intelligence | Machine Learning | The Web & Information Retrieval | Data Mining,0.730873 | 0.698253 | 0.694553 | 0.692214 | 0.690653
tfidf,Lisi Chen 0001,Artificial Intelligence | Data Mining | Databases | Natural Language Processing | The Web & Information Retrieval,Artificial Intelligence,0.392887,Artificial Intelligence | Data Mining | Computer Vision,0.392887 | 0.391852 | 0.391205,Artificial Intelligence | Data Mining | Computer Vision | Machine Learning | Databases,0.392887 | 0.391852 | 0.391205 | 0.389998 | 0.388490
tfidf,Lizhuang Ma,Artificial Intelligence | Computer Graphics | Computer Vision | Machine Learning | Natural Language Processing,Computer Vision,0.399586,Computer Vision | Computer Graphics | Artificial Intelligence,0.399586 | 0.399353 | 0.389702,Computer Vision | Computer Graphics | Artificial Intelligence | Machine Learning | Natural Language Processing,0.399586 | 0.399353 | 0.389702 | 0.386958 | 0.384224
tfidf,Lu Qin 0001,Artificial Intelligence | Data Mining | Databases | The Web & Information Retrieval,Databases,0.600450,Databases | Data Mining | The Web & Information Retrieval,0.600450 | 0.535645 | 0.532331,Databases | Data Mining | The Web & Information Retrieval | Artificial Intelligence | Machine Learning,0.600450 | 0.535645 | 0.532331 | 0.508044 | 0.500605
tfidf,Lu Wang 0008,Artificial Intelligence | Computer Vision | Machine Learning | Natural Language Processing,Computer Vision,0.226105,Computer Vision | Machine Learning | Artificial Intelligence,0.226105 | 0.224762 | 0.223414,Computer Vision | Machine Learning | Artificial Intelligence | Natural Language Processing | Robotics,0.226105 | 0.224762 | 0.223414 | 0.220278 | 0.220046
tfidf,Ludwig Schmidt,Computer Vision | Machine Learning,Natural Language Processing,0.554264,Natural Language Processing | Machine Learning | Computer Vision,0.554264 | 0.550212 | 0.547110,Natural Language Processing | Machine Learning | Computer Vision | Artificial Intelligence | Data Mining,0.554264 | 0.550212 | 0.547110 | 0.542631 | 0.526361
tfidf,Luis Espinosa Anke,Artificial Intelligence | Natural Language Processing | The Web & Information Retrieval,Natural Language Processing,0.497260,Natural Language Processing | Artificial Intelligence | Machine Learning,0.497260 | 0.479175 | 0.478337,Natural Language Processing | Artificial Intelligence | Machine Learning | The Web & Information Retrieval | Data Mining,0.497260 | 0.479175 | 0.478337 | 0.473980 | 0.467138
tfidf,Luke Zettlemoyer,Artificial Intelligence | Computer Vision | Machine Learning | Natural Language Processing | Robotics,Natural Language Processing,0.696807,Natural Language Processing | Machine Learning | Artificial Intelligence,0.696807 | 0.669083 | 0.664254,Natural Language Processing | Machine Learning | Artificial Intelligence | Computer Vision | The Web & Information Retrieval,0.696807 | 0.669083 | 0.664254 | 0.657686 | 0.655075
tfidf,Madalina Fiterau,Computer Vision | Machine Learning,Machine Learning,0.245220,Machine Learning | Artificial Intelligence | The Web & Information Retrieval,0.245220 | 0.244728 | 0.243205,Machine Learning | Artificial Intelligence | The Web & Information Retrieval | Data Mining | Natural Language Processing,0.245220 | 0.244728 | 0.243205 | 0.242195 | 0.241163
tfidf,Mahdi S. Hosseini,Computer Vision,Computer Graphics,0.272995,Computer Graphics | Computer Vision | Machine Learning,0.272995 | 0.264640 | 0.257304,Computer Graphics | Computer Vision | Machine Learning | Artificial Intelligence | Robotics,0.272995 | 0.264640 | 0.257304 | 0.257254 | 0.254339
tfidf,Maneesh Agrawala,Computer Graphics | Computer Vision | Data Mining | Human-Computer Interaction | Visualization,Human-Computer Interaction,0.714918,Human-Computer Interaction | Computer Graphics | Computer Vision,0.714918 | 0.702522 | 0.696292,Human-Computer Interaction | Computer Graphics | Computer Vision | Machine Learning | Robotics,0.714918 | 0.702522 | 0.696292 | 0.687428 | 0.685297
tfidf,Manolis Zampetakis,Artificial Intelligence | Machine Learning,Machine Learning,0.360763,Machine Learning | Artificial Intelligence | Natural Language Processing,0.360763 | 0.358159 | 0.356658,Machine Learning | Artificial Intelligence | Natural Language Processing | The Web & Information Retrieval | Data Mining,0.360763 | 0.358159 | 0.356658 | 0.352501 | 0.348770
tfidf,Marcel Worring,Computer Vision | Human-Computer Interaction | Machine Learning | The Web & Information Retrieval | Visualization,Computer Vision,0.226428,Computer Vision | Natural Language Processing | Machine Learning,0.226428 | 0.224614 | 0.220777,Computer Vision | Natural Language Processing | Machine Learning | Artificial Intelligence | Computer Graphics,0.226428 | 0.224614 | 0.220777 | 0.219530 | 0.213500
tfidf,Marcello Restelli,Artificial Intelligence | Data Mining | Machine Learning | Robotics | The Web & Information Retrieval,Machine Learning,0.613894,Machine Learning | Artificial Intelligence | Robotics,0.613894 | 0.606900 | 0.586725,Machine Learning | Artificial Intelligence | Robotics | Data Mining | The Web & Information Retrieval,0.613894 | 0.606900 | 0.586725 | 0.583661 | 0.579089
tfidf,Mario Fritz,Artificial Intelligence | Computer Vision | Machine Learning | Natural Language Processing | Robotics,Natural Language Processing,0.661553,Natural Language Processing | Machine Learning | Artificial Intelligence,0.661553 | 0.657073 | 0.654797,Natural Language Processing | Machine Learning | Artificial Intelligence | Data Mining | The Web & Information Retrieval,0.661553 | 0.657073 | 0.654797 | 0.647616 | 0.641720
tfidf,Marius Lindauer,Artificial Intelligence | Machine Learning,Human-Computer Interaction,0.150031,Human-Computer Interaction | Visualization | Machine Learning,0.150031 | 0.144656 | 0.143077,Human-Computer Interaction | Visualization | Machine Learning | Artificial Intelligence | Natural Language Processing,0.150031 | 0.144656 | 0.143077 | 0.142530 | 0.141433
tfidf,Mark Braverman,Machine Learning,Machine Learning,0.244782,Machine Learning | Artificial Intelligence | Databases,0.244782 | 0.241068 | 0.237922,Machine Learning | Artificial Intelligence | Databases | Data Mining | Natural Language Processing,0.244782 | 0.241068 | 0.237922 | 0.237173 | 0.236574
tfidf,Mark Sanderson,Human-Computer Interaction | Natural Language Processing | The Web & Information Retrieval,The Web & Information Retrieval,0.306880,The Web & Information Retrieval | Human-Computer Interaction | Natural Language Processing,0.306880 | 0.214139 | 0.208072,The Web & Information Retrieval | Human-Computer Interaction | Natural Language Processing | Data Mining | Databases,0.306880 | 0.214139 | 0.208072 | 0.202866 | 0.179981
tfidf,Marlos C. Machado,Artificial Intelligence | Machine Learning | Robotics,Machine Learning,0.289260,Machine Learning | Artificial Intelligence | Data Mining,0.289260 | 0.282600 | 0.280521,Machine Learning | Artificial Intelligence | Data Mining | Computer Vision | Natural Language Processing,0.289260 | 0.282600 | 0.280521 | 0.274793 | 0.270255
tfidf,Marti A. Hearst,Databases | Human-Computer Interaction | Natural Language Processing | Visualization,Visualization,0.228269,Visualization | Human-Computer Interaction | Natural Language Processing,0.228269 | 0.191078 | 0.159165,Visualization | Human-Computer Interaction | Natural Language Processing | The Web & Information Retrieval | Data Mining,0.228269 | 0.191078 | 0.159165 | 0.153945 | 0.149416
tfidf,Martin J. Wainwright,Machine Learning,Machine Learning,0.253038,Machine Learning | Artificial Intelligence | Data Mining,0.253038 | 0.248697 | 0.237514,Machine Learning | Artificial Intelligence | Data Mining | Robotics | The Web & Information Retrieval,0.253038 | 0.248697 | 0.237514 | 0.237360 | 0.235686
tfidf,Mathieu Salzmann,Artificial Intelligence | Computer Vision | Machine Learning | Robotics,Computer Vision,0.672803,Computer Vision | Robotics | Computer Graphics,0.672803 | 0.671463 | 0.670768,Computer Vision | Robotics | Computer Graphics | Machine Learning | Artificial Intelligence,0.672803 | 0.671463 | 0.670768 | 0.651589 | 0.646178
tfidf,Matthew Johnson-Roberson,Artificial Intelligence | Computer Vision | Robotics,Computer Graphics,0.282266,Computer Graphics | Robotics | Computer Vision,0.282266 | 0.267866 | 0.266372,Computer Graphics | Robotics | Computer Vision | Machine Learning | Artificial Intelligence,0.282266 | 0.267866 | 0.266372 | 0.249542 | 0.248684
tfidf,Matthias Lanzinger,Artificial Intelligence | Databases | Machine Learning,Data Mining,0.305189,Data Mining | Databases | The Web & Information Retrieval,0.305189 | 0.298565 | 0.296412,Data Mining | Databases | The Web & Information Retrieval | Artificial Intelligence | Machine Learning,0.305189 | 0.298565 | 0.296412 | 0.284147 | 0.283369
tfidf,Matus Telgarsky,Machine Learning,Machine Learning,0.181349,Machine Learning | Artificial Intelligence | Computer Vision,0.181349 | 0.176553 | 0.171399,Machine Learning | Artificial Intelligence | Computer Vision | Data Mining | Robotics,0.181349 | 0.176553 | 0.171399 | 0.170794 | 0.166738
tfidf,Maxim Panov,Artificial Intelligence | Machine Learning | Natural Language Processing | The Web & Information Retrieval,Natural Language Processing,0.360510,Natural Language Processing | Data Mining | Artificial Intelligence,0.360510 | 0.345104 | 0.340614,Natural Language Processing | Data Mining | Artificial Intelligence | Machine Learning | The Web & Information Retrieval,0.360510 | 0.345104 | 0.340614 | 0.340176 | 0.337803
tfidf,Mayur Naik,Artificial Intelligence | Databases | Human-Computer Interaction | Machine Learning | Software Engineering,Computer Vision,0.222726,Computer Vision | Robotics | Artificial Intelligence,0.222726 | 0.217907 | 0.217314,Computer Vision | Robotics | Artificial Intelligence | Machine Learning | Natural Language Processing,0.222726 | 0.217907 | 0.217314 | 0.216688 | 0.216022
tfidf,Meina Song,Artificial Intelligence | Machine Learning | Natural Language Processing | The Web & Information Retrieval,Natural Language Processing,0.238333,Natural Language Processing | The Web & Information Retrieval | Data Mining,0.238333 | 0.228492 | 0.223248,Natural Language Processing | The Web & Information Retrieval | Data Mining | Artificial Intelligence | Databases,0.238333 | 0.228492 | 0.223248 | 0.216141 | 0.213288
tfidf,Mengyu Chu,Computer Graphics | Computer Vision,Computer Graphics,0.377555,Computer Graphics | Robotics | Computer Vision,0.377555 | 0.360161 | 0.358697,Computer Graphics | Robotics | Computer Vision | Machine Learning | Artificial Intelligence,0.377555 | 0.360161 | 0.358697 | 0.352978 | 0.349031
tfidf,Michael C. Yip,Computer Vision | Machine Learning | Robotics,Robotics,0.252653,Robotics | Machine Learning | Computer Vision,0.252653 | 0.195997 | 0.194770,Robotics | Machine Learning | Computer Vision | Artificial Intelligence | Natural Language Processing,0.252653 | 0.195997 | 0.194770 | 0.192419 | 0.181400
tfidf,Michael Elad,Computer Graphics | Computer Vision | Machine Learning,Machine Learning,0.371708,Machine Learning | Artificial Intelligence | Computer Vision,0.371708 | 0.367331 | 0.365585,Machine Learning | Artificial Intelligence | Computer Vision | Computer Graphics | Robotics,0.371708 | 0.367331 | 0.365585 | 0.355764 | 0.352837
tfidf,Michael Granitzer,The Web & Information Retrieval,The Web & Information Retrieval,0.298704,The Web & Information Retrieval | Natural Language Processing | Data Mining,0.298704 | 0.270775 | 0.258784,The Web & Information Retrieval | Natural Language Processing | Data Mining | Human-Computer Interaction | Databases,0.298704 | 0.270775 | 0.258784 | 0.255308 | 0.249010
tfidf,Michael Nebeling,Human-Computer Interaction,Human-Computer Interaction,0.236957,Human-Computer Interaction | Visualization | Natural Language Processing,0.236957 | 0.219069 | 0.202093,Human-Computer Interaction | Visualization | Natural Language Processing | Machine Learning | Artificial Intelligence,0.236957 | 0.219069 | 0.202093 | 0.201994 | 0.201768
tfidf,Michael Pradel,Software Engineering | The Web & Information Retrieval,Software Engineering,0.684971,Software Engineering | Natural Language Processing | Machine Learning,0.684971 | 0.619269 | 0.619030,Software Engineering | Natural Language Processing | Machine Learning | Artificial Intelligence | The Web & Information Retrieval,0.684971 | 0.619269 | 0.619030 | 0.617311 | 0.611866
tfidf,Michael S. Brown,Artificial Intelligence | Computer Vision,Computer Graphics,0.559483,Computer Graphics | Computer Vision | Robotics,0.559483 | 0.554878 | 0.540896,Computer Graphics | Computer Vision | Robotics | Machine Learning | Artificial Intelligence,0.559483 | 0.554878 | 0.540896 | 0.533431 | 0.529675
tfidf,Michael Wessely,Human-Computer Interaction,Human-Computer Interaction,0.258060,Human-Computer Interaction | Visualization | Computer Graphics,0.258060 | 0.223708 | 0.222968,Human-Computer Interaction | Visualization | Computer Graphics | Robotics | Computer Vision,0.258060 | 0.223708 | 0.222968 | 0.218404 | 0.212216
tfidf,Michael Wray,Computer Vision | Machine Learning,Robotics,0.384958,Robotics | Computer Vision | Computer Graphics,0.384958 | 0.382337 | 0.378215,Robotics | Computer Vision | Computer Graphics | Machine Learning | Artificial Intelligence,0.384958 | 0.382337 | 0.378215 | 0.364578 | 0.361389
tfidf,Michele Parrinello,Machine Learning,Machine Learning,0.333725,Machine Learning | Data Mining | Artificial Intelligence,0.333725 | 0.332521 | 0.330209,Machine Learning | Data Mining | Artificial Intelligence | Computer Vision | Robotics,0.333725 | 0.332521 | 0.330209 | 0.325038 | 0.322821
tfidf,Mijung Kim,Computer Vision | Software Engineering,Software Engineering,0.245742,Software Engineering | Machine Learning | Artificial Intelligence,0.245742 | 0.207757 | 0.206924,Software Engineering | Machine Learning | Artificial Intelligence | Natural Language Processing | Data Mining,0.245742 | 0.207757 | 0.206924 | 0.203152 | 0.201653
tfidf,Min Gao 0001,Artificial Intelligence | Data Mining | Databases | The Web & Information Retrieval,Data Mining,0.172793,Data Mining | The Web & Information Retrieval | Artificial Intelligence,0.172793 | 0.172626 | 0.169637,Data Mining | The Web & Information Retrieval | Artificial Intelligence | Natural Language Processing | Machine Learning,0.172793 | 0.172626 | 0.169637 | 0.168398 | 0.166343
tfidf,Min Zhang 0006,Artificial Intelligence | Data Mining | Human-Computer Interaction | Natural Language Processing | The Web & Information Retrieval,The Web & Information Retrieval,0.306880,The Web & Information Retrieval | Human-Computer Interaction | Natural Language Processing,0.306880 | 0.214139 | 0.208072,The Web & Information Retrieval | Human-Computer Interaction | Natural Language Processing | Data Mining | Databases,0.306880 | 0.214139 | 0.208072 | 0.202866 | 0.179981
tfidf,Ming C. Lin,Artificial Intelligence | Computer Graphics | Computer Vision | Machine Learning | Robotics,Robotics,0.679131,Robotics | Computer Graphics | Computer Vision,0.679131 | 0.666465 | 0.656237,Robotics | Computer Graphics | Computer Vision | Machine Learning | Artificial Intelligence,0.679131 | 0.666465 | 0.656237 | 0.647565 | 0.643319
tfidf,Ming Yin 0001,Artificial Intelligence | Machine Learning | Natural Language Processing | The Web & Information Retrieval,Visualization,0.233817,Visualization | Human-Computer Interaction | Natural Language Processing,0.233817 | 0.223844 | 0.188060,Visualization | Human-Computer Interaction | Natural Language Processing | The Web & Information Retrieval | Data Mining,0.233817 | 0.223844 | 0.188060 | 0.178009 | 0.173805
tfidf,Ming-Hsuan Yang 0001,Artificial Intelligence | Computer Graphics | Computer Vision | Human-Computer Interaction | Machine Learning | Natural Language Processing,Computer Vision,0.714195,Computer Vision | Artificial Intelligence | Robotics,0.714195 | 0.688357 | 0.688281,Computer Vision | Artificial Intelligence | Robotics | Machine Learning | Computer Graphics,0.714195 | 0.688357 | 0.688281 | 0.685597 | 0.681363
tfidf,Minglun Gong,Artificial Intelligence | Computer Graphics | Computer Vision | Machine Learning,Computer Graphics,0.245343,Computer Graphics | Computer Vision | Robotics,0.245343 | 0.218135 | 0.215933,Computer Graphics | Computer Vision | Robotics | Machine Learning | Artificial Intelligence,0.245343 | 0.218135 | 0.215933 | 0.205949 | 0.203780
tfidf,Mingming Fan 0001,Computer Vision | Human-Computer Interaction | Visualization,Human-Computer Interaction,0.448064,Human-Computer Interaction | Visualization | Robotics,0.448064 | 0.406999 | 0.400607,Human-Computer Interaction | Visualization | Robotics | Artificial Intelligence | Machine Learning,0.448064 | 0.406999 | 0.400607 | 0.392193 | 0.390017
tfidf,Mingyi He,Artificial Intelligence | Computer Vision,Computer Vision,0.246291,Computer Vision | Artificial Intelligence | Machine Learning,0.246291 | 0.243243 | 0.242959,Computer Vision | Artificial Intelligence | Machine Learning | Data Mining | Natural Language Processing,0.246291 | 0.243243 | 0.242959 | 0.236066 | 0.235631
tfidf,Minhao Cheng,Artificial Intelligence | Computer Vision | Data Mining | Machine Learning | Natural Language Processing,Artificial Intelligence,0.331843,Artificial Intelligence | Machine Learning | Computer Vision,0.331843 | 0.331635 | 0.330173,Artificial Intelligence | Machine Learning | Computer Vision | Natural Language Processing | Robotics,0.331843 | 0.331635 | 0.330173 | 0.329574 | 0.320217
tfidf,Minjing Dong,Artificial Intelligence | Computer Vision | Machine Learning,Computer Vision,0.328958,Computer Vision | Artificial Intelligence | Machine Learning,0.328958 | 0.319859 | 0.318441,Computer Vision | Artificial Intelligence | Machine Learning | Natural Language Processing | Robotics,0.328958 | 0.319859 | 0.318441 | 0.313769 | 0.312501
tfidf,Mirella Lapata,Artificial Intelligence | Machine Learning | Natural Language Processing,Natural Language Processing,0.568177,Natural Language Processing | Artificial Intelligence | Machine Learning,0.568177 | 0.543666 | 0.543329,Natural Language Processing | Artificial Intelligence | Machine Learning | The Web & Information Retrieval | Data Mining,0.568177 | 0.543666 | 0.543329 | 0.537202 | 0.533615
tfidf,Mohamed Elhoseiny,Artificial Intelligence | Computer Vision | Machine Learning | Natural Language Processing | Robotics,Computer Vision,0.768515,Computer Vision | Natural Language Processing | Artificial Intelligence,0.768515 | 0.764877 | 0.756422,Computer Vision | Natural Language Processing | Artificial Intelligence | Machine Learning | Robotics,0.768515 | 0.764877 | 0.756422 | 0.752613 | 0.741864
tfidf,Mohit Iyyer,Artificial Intelligence | Computer Vision | Machine Learning | Natural Language Processing | The Web & Information Retrieval,Natural Language Processing,0.617821,Natural Language Processing | Machine Learning | Artificial Intelligence,0.617821 | 0.591831 | 0.591253,Natural Language Processing | Machine Learning | Artificial Intelligence | The Web & Information Retrieval | Data Mining,0.617821 | 0.591831 | 0.591253 | 0.588025 | 0.582314
tfidf,Monica Agrawal,Human-Computer Interaction | Machine Learning | Natural Language Processing,Natural Language Processing,0.241004,Natural Language Processing | The Web & Information Retrieval | Visualization,0.241004 | 0.238485 | 0.237251,Natural Language Processing | The Web & Information Retrieval | Visualization | Data Mining | Databases,0.241004 | 0.238485 | 0.237251 | 0.233837 | 0.233341
tfidf,Mubbasir Kapadia,Artificial Intelligence | Computer Vision | Machine Learning | Natural Language Processing,Data Mining,0.299796,Data Mining | Machine Learning | Computer Vision,0.299796 | 0.299176 | 0.298459,Data Mining | Machine Learning | Computer Vision | Artificial Intelligence | Computer Graphics,0.299796 | 0.299176 | 0.298459 | 0.297424 | 0.293033
tfidf,Muhao Chen 0001,Artificial Intelligence | Computer Vision | Data Mining | Databases | Machine Learning | Natural Language Processing | Software Engineering | The Web & Information Retrieval,Natural Language Processing,0.359696,Natural Language Processing | Artificial Intelligence | The Web & Information Retrieval,0.359696 | 0.336709 | 0.335759,Natural Language Processing | Artificial Intelligence | The Web & Information Retrieval | Data Mining | Machine Learning,0.359696 | 0.336709 | 0.335759 | 0.335202 | 0.334586
tfidf,Muyun Yang,Artificial Intelligence | Natural Language Processing,Natural Language Processing,0.203040,Natural Language Processing | Computer Vision | Artificial Intelligence,0.203040 | 0.198564 | 0.197656,Natural Language Processing | Computer Vision | Artificial Intelligence | Machine Learning | Data Mining,0.203040 | 0.198564 | 0.197656 | 0.192958 | 0.186314
tfidf,Najoung Kim,Artificial Intelligence | Machine Learning | Natural Language Processing,Natural Language Processing,0.237697,Natural Language Processing | Machine Learning | Artificial Intelligence,0.237697 | 0.231573 | 0.230445,Natural Language Processing | Machine Learning | Artificial Intelligence | The Web & Information Retrieval | Human-Computer Interaction,0.237697 | 0.231573 | 0.230445 | 0.230031 | 0.227992
tfidf,Nathan Srebro,Machine Learning,Machine Learning,0.524345,Machine Learning | Artificial Intelligence | Data Mining,0.524345 | 0.508625 | 0.490675,Machine Learning | Artificial Intelligence | Data Mining | Natural Language Processing | Computer Vision,0.524345 | 0.508625 | 0.490675 | 0.486970 | 0.486025
tfidf,Nezihe Merve Gürel,Data Mining | Databases | Machine Learning,Databases,0.295577,Databases | Data Mining | Machine Learning,0.295577 | 0.292172 | 0.291906,Databases | Data Mining | Machine Learning | Artificial Intelligence | Natural Language Processing,0.295577 | 0.292172 | 0.291906 | 0.288461 | 0.285239
tfidf,Nguyen Hoang Tran,Computer Vision | Machine Learning,Computer Vision,0.273282,Computer Vision | Artificial Intelligence | Machine Learning,0.273282 | 0.266611 | 0.265545,Computer Vision | Artificial Intelligence | Machine Learning | Natural Language Processing | Data Mining,0.273282 | 0.266611 | 0.265545 | 0.261236 | 0.259685
tfidf,Ni Trieu,Databases,Databases,0.220474,Databases | The Web & Information Retrieval | Data Mining,0.220474 | 0.177420 | 0.177321,Databases | The Web & Information Retrieval | Data Mining | Human-Computer Interaction | Machine Learning,0.220474 | 0.177420 | 0.177321 | 0.174630 | 0.173817
tfidf,Nicholas Diakopoulos,Visualization,Human-Computer Interaction,0.252578,Human-Computer Interaction | Visualization | The Web & Information Retrieval,0.252578 | 0.239582 | 0.236374,Human-Computer Interaction | Visualization | The Web & Information Retrieval | Natural Language Processing | Data Mining,0.252578 | 0.239582 | 0.236374 | 0.223446 | 0.223382
tfidf,Nicola Gatti 0001,Artificial Intelligence | Data Mining | Machine Learning | The Web & Information Retrieval,Machine Learning,0.383234,Machine Learning | Artificial Intelligence | The Web & Information Retrieval,0.383234 | 0.377439 | 0.361627,Machine Learning | Artificial Intelligence | The Web & Information Retrieval | Data Mining | Natural Language Processing,0.383234 | 0.377439 | 0.361627 | 0.356845 | 0.354189
tfidf,Nicolas Loizou,Machine Learning,Machine Learning,0.286151,Machine Learning | Data Mining | Databases,0.286151 | 0.284202 | 0.282642,Machine Learning | Data Mining | Databases | Artificial Intelligence | The Web & Information Retrieval,0.286151 | 0.284202 | 0.282642 | 0.282573 | 0.273509
tfidf,Niko Sünderhauf,Computer Vision | Robotics,Robotics,0.252653,Robotics | Machine Learning | Computer Vision,0.252653 | 0.195997 | 0.194770,Robotics | Machine Learning | Computer Vision | Artificial Intelligence | Natural Language Processing,0.252653 | 0.195997 | 0.194770 | 0.192419 | 0.181400
tfidf,Nima Anari,Machine Learning,Machine Learning,0.218267,Machine Learning | Artificial Intelligence | Data Mining,0.218267 | 0.214700 | 0.212018,Machine Learning | Artificial Intelligence | Data Mining | Natural Language Processing | Computer Vision,0.218267 | 0.214700 | 0.212018 | 0.211096 | 0.207361
tfidf,Ningyi Xu,Computer Vision | Machine Learning | Natural Language Processing | Robotics,Natural Language Processing,0.278057,Natural Language Processing | Artificial Intelligence | Machine Learning,0.278057 | 0.273166 | 0.272907,Natural Language Processing | Artificial Intelligence | Machine Learning | Computer Vision | Data Mining,0.278057 | 0.273166 | 0.272907 | 0.272483 | 0.271687
tfidf,Nir Yosef,Machine Learning,Databases,0.177788,Databases | Machine Learning | Natural Language Processing,0.177788 | 0.175857 | 0.173884,Databases | Machine Learning | Natural Language Processing | Artificial Intelligence | Data Mining,0.177788 | 0.175857 | 0.173884 | 0.172002 | 0.170381
tfidf,Nitesh V. Chawla,Artificial Intelligence | Data Mining | Human-Computer Interaction | Machine Learning | Natural Language Processing | The Web & Information Retrieval | Visualization,Data Mining,0.350008,Data Mining | The Web & Information Retrieval | Databases,0.350008 | 0.342193 | 0.335697,Data Mining | The Web & Information Retrieval | Databases | Artificial Intelligence | Natural Language Processing,0.350008 | 0.342193 | 0.335697 | 0.331617 | 0.330764
tfidf,Nuno Vasconcelos,Computer Vision | Machine Learning,Computer Vision,0.759726,Computer Vision | Machine Learning | Artificial Intelligence,0.759726 | 0.752410 | 0.750279,Computer Vision | Machine Learning | Artificial Intelligence | Robotics | Natural Language Processing,0.759726 | 0.752410 | 0.750279 | 0.731837 | 0.731001
tfidf,Oliver Brock,Robotics,Robotics,0.602647,Robotics | Computer Graphics | Computer Vision,0.602647 | 0.556515 | 0.555736,Robotics | Computer Graphics | Computer Vision | Machine Learning | Human-Computer Interaction,0.602647 | 0.556515 | 0.555736 | 0.555497 | 0.555356
tfidf,Otmar Hilliges,Computer Graphics | Computer Vision | Human-Computer Interaction | Machine Learning | Robotics,Computer Graphics,0.776055,Computer Graphics | Robotics | Computer Vision,0.776055 | 0.735884 | 0.725180,Computer Graphics | Robotics | Computer Vision | Machine Learning | Human-Computer Interaction,0.776055 | 0.735884 | 0.725180 | 0.696977 | 0.695593
tfidf,Pablo Barceló,Artificial Intelligence | Machine Learning,The Web & Information Retrieval,0.243905,The Web & Information Retrieval | Databases | Data Mining,0.243905 | 0.243753 | 0.243438,The Web & Information Retrieval | Databases | Data Mining | Machine Learning | Artificial Intelligence,0.243905 | 0.243753 | 0.243438 | 0.238572 | 0.238097
tfidf,Pan Zhou 0002,Artificial Intelligence | Computer Vision | Machine Learning,Computer Vision,0.404117,Computer Vision | Computer Graphics | Artificial Intelligence,0.404117 | 0.402796 | 0.395802,Computer Vision | Computer Graphics | Artificial Intelligence | Machine Learning | Robotics,0.404117 | 0.402796 | 0.395802 | 0.393601 | 0.390086
tfidf,Paolo Papotti,Artificial Intelligence | Data Mining | Databases | Machine Learning | Natural Language Processing | The Web & Information Retrieval,Databases,0.301378,Databases | Human-Computer Interaction | Visualization,0.301378 | 0.297122 | 0.290224,Databases | Human-Computer Interaction | Visualization | The Web & Information Retrieval | Natural Language Processing,0.301378 | 0.297122 | 0.290224 | 0.289744 | 0.288033
tfidf,Pari Delir Haghighi,Computer Vision,Natural Language Processing,0.246160,Natural Language Processing | Data Mining | The Web & Information Retrieval,0.246160 | 0.237236 | 0.234419,Natural Language Processing | Data Mining | The Web & Information Retrieval | Visualization | Human-Computer Interaction,0.246160 | 0.237236 | 0.234419 | 0.232843 | 0.232347
tfidf,Pascal Friederich,Machine Learning,Machine Learning,0.238287,Machine Learning | Robotics | Artificial Intelligence,0.238287 | 0.234559 | 0.233278,Machine Learning | Robotics | Artificial Intelligence | Data Mining | Visualization,0.238287 | 0.234559 | 0.233278 | 0.232273 | 0.229688
tfidf,Paul H. J. Kelly,Computer Vision | Robotics,Robotics,0.349780,Robotics | Computer Graphics | Computer Vision,0.349780 | 0.342178 | 0.327948,Robotics | Computer Graphics | Computer Vision | Machine Learning | Artificial Intelligence,0.349780 | 0.342178 | 0.327948 | 0.317154 | 0.313800
tfidf,Peng Cheng 0003,Data Mining | Databases,Databases,0.380271,Databases | Data Mining | The Web & Information Retrieval,0.380271 | 0.337648 | 0.335872,Databases | Data Mining | The Web & Information Retrieval | Artificial Intelligence | Machine Learning,0.380271 | 0.337648 | 0.335872 | 0.321400 | 0.317235
tfidf,Peng Cui 0001,Artificial Intelligence | Computer Vision | Data Mining | Machine Learning | The Web & Information Retrieval,Machine Learning,0.203040,Machine Learning | Artificial Intelligence | Data Mining,0.203040 | 0.200171 | 0.198604,Machine Learning | Artificial Intelligence | Data Mining | Computer Vision | Natural Language Processing,0.203040 | 0.200171 | 0.198604 | 0.195824 | 0.194300
tfidf,Pengpeng Zhao 0001,Artificial Intelligence | The Web & Information Retrieval,Data Mining,0.246225,Data Mining | The Web & Information Retrieval | Natural Language Processing,0.246225 | 0.245058 | 0.232962,Data Mining | The Web & Information Retrieval | Natural Language Processing | Artificial Intelligence | Databases,0.246225 | 0.245058 | 0.232962 | 0.232911 | 0.227570
tfidf,Perttu Hämäläinen,Computer Graphics | Human-Computer Interaction | Robotics,Human-Computer Interaction,0.345442,Human-Computer Interaction | Visualization | Robotics,0.345442 | 0.293722 | 0.285344,Human-Computer Interaction | Visualization | Robotics | Machine Learning | Artificial Intelligence,0.345442 | 0.293722 | 0.285344 | 0.281088 | 0.278718
tfidf,Peter A. Jansen,Artificial Intelligence | Machine Learning | Natural Language Processing,Natural Language Processing,0.292285,Natural Language Processing | The Web & Information Retrieval | Artificial Intelligence,0.292285 | 0.276090 | 0.276010,Natural Language Processing | The Web & Information Retrieval | Artificial Intelligence | Machine Learning | Data Mining,0.292285 | 0.276090 | 0.276010 | 0.275727 | 0.270878
tfidf,Peter J. Stuckey,Artificial Intelligence | Machine Learning,Visualization,0.248202,Visualization | Natural Language Processing | Computer Vision,0.248202 | 0.231281 | 0.223570,Visualization | Natural Language Processing | Computer Vision | Artificial Intelligence | Machine Learning,0.248202 | 0.231281 | 0.223570 | 0.220783 | 0.215508
tfidf,Philip S. Thomas,Artificial Intelligence | Machine Learning,Machine Learning,0.241289,Machine Learning | Robotics | Artificial Intelligence,0.241289 | 0.240790 | 0.236203,Machine Learning | Robotics | Artificial Intelligence | Data Mining | Natural Language Processing,0.241289 | 0.240790 | 0.236203 | 0.225105 | 0.224673
tfidf,Philippe Bonnet,Data Mining | Databases,Databases,0.239885,Databases | Machine Learning | Natural Language Processing,0.239885 | 0.229458 | 0.229234,Databases | Machine Learning | Natural Language Processing | Artificial Intelligence | Data Mining,0.239885 | 0.229458 | 0.229234 | 0.227767 | 0.227496
tfidf,Philippe Giguère,Computer Vision | Robotics,Robotics,0.298916,Robotics | Computer Vision | Computer Graphics,0.298916 | 0.283773 | 0.281853,Robotics | Computer Vision | Computer Graphics | Machine Learning | Artificial Intelligence,0.298916 | 0.283773 | 0.281853 | 0.273297 | 0.268908
tfidf,Pietro Liò,Artificial Intelligence | Computer Vision | Machine Learning | Natural Language Processing | The Web & Information Retrieval,Databases,0.256202,Databases | Data Mining | The Web & Information Retrieval,0.256202 | 0.248829 | 0.242876,Databases | Data Mining | The Web & Information Retrieval | Artificial Intelligence | Machine Learning,0.256202 | 0.248829 | 0.242876 | 0.227627 | 0.225300
tfidf,Ping Zhang 0016,Artificial Intelligence | Computer Vision | Data Mining | Machine Learning,Natural Language Processing,0.297374,Natural Language Processing | Machine Learning | Artificial Intelligence,0.297374 | 0.295324 | 0.292446,Natural Language Processing | Machine Learning | Artificial Intelligence | Computer Vision | Data Mining,0.297374 | 0.295324 | 0.292446 | 0.290037 | 0.288170
tfidf,Preslav Nakov,Artificial Intelligence | Machine Learning | Natural Language Processing | Robotics | The Web & Information Retrieval,Natural Language Processing,0.574209,Natural Language Processing | Artificial Intelligence | Data Mining,0.574209 | 0.543916 | 0.543860,Natural Language Processing | Artificial Intelligence | Data Mining | The Web & Information Retrieval | Machine Learning,0.574209 | 0.543916 | 0.543860 | 0.543572 | 0.537772
tfidf,Pushpak Jagtap,Robotics,Robotics,0.192788,Robotics | Machine Learning | Human-Computer Interaction,0.192788 | 0.186114 | 0.186031,Robotics | Machine Learning | Human-Computer Interaction | Artificial Intelligence | Data Mining,0.192788 | 0.186114 | 0.186031 | 0.185022 | 0.181967
tfidf,Qi Lei,Artificial Intelligence | Computer Vision | Machine Learning | Natural Language Processing,Machine Learning,0.490961,Machine Learning | Artificial Intelligence | Computer Vision,0.490961 | 0.485644 | 0.480170,Machine Learning | Artificial Intelligence | Computer Vision | Natural Language Processing | Robotics,0.490961 | 0.485644 | 0.480170 | 0.470282 | 0.468447
tfidf,Qi Sun 0003,Computer Graphics | Computer Vision | Visualization,Human-Computer Interaction,0.322186,Human-Computer Interaction | Computer Graphics | Robotics,0.322186 | 0.320311 | 0.313228,Human-Computer Interaction | Computer Graphics | Robotics | Machine Learning | Computer Vision,0.322186 | 0.320311 | 0.313228 | 0.308578 | 0.308475
tfidf,Qi Wu 0001,Artificial Intelligence | Computer Vision | Machine Learning | Natural Language Processing | Robotics,Robotics,0.419589,Robotics | Artificial Intelligence | Machine Learning,0.419589 | 0.419274 | 0.417654,Robotics | Artificial Intelligence | Machine Learning | Natural Language Processing | Computer Vision,0.419589 | 0.419274 | 0.417654 | 0.416429 | 0.413500
tfidf,Qian Wang 0002,Artificial Intelligence | Computer Vision | Machine Learning | Natural Language Processing | Software Engineering | The Web & Information Retrieval,Robotics,0.198227,Robotics | The Web & Information Retrieval | Artificial Intelligence,0.198227 | 0.197484 | 0.196787,Robotics | The Web & Information Retrieval | Artificial Intelligence | Natural Language Processing | Data Mining,0.198227 | 0.197484 | 0.196787 | 0.195674 | 0.195045
tfidf,Qian Yang,Artificial Intelligence | Computer Vision | Human-Computer Interaction,Natural Language Processing,0.226037,Natural Language Processing | The Web & Information Retrieval | Artificial Intelligence,0.226037 | 0.221487 | 0.216797,Natural Language Processing | The Web & Information Retrieval | Artificial Intelligence | Data Mining | Human-Computer Interaction,0.226037 | 0.221487 | 0.216797 | 0.214774 | 0.214709
tfidf,Qiang Xu 0001,Artificial Intelligence | Computer Graphics | Computer Vision | Machine Learning | Natural Language Processing,Computer Graphics,0.305320,Computer Graphics | Computer Vision | Robotics,0.305320 | 0.282052 | 0.275982,Computer Graphics | Computer Vision | Robotics | Artificial Intelligence | Machine Learning,0.305320 | 0.282052 | 0.275982 | 0.256953 | 0.256921
tfidf,Qiaozhu Mei,Data Mining | Human-Computer Interaction | Machine Learning | Natural Language Processing | Software Engineering | The Web & Information Retrieval,The Web & Information Retrieval,0.227044,The Web & Information Retrieval | Natural Language Processing | Data Mining,0.227044 | 0.215809 | 0.210342,The Web & Information Retrieval | Natural Language Processing | Data Mining | Databases | Artificial Intelligence,0.227044 | 0.215809 | 0.210342 | 0.201161 | 0.198396
tfidf,Qibin Hou,Artificial Intelligence | Computer Vision | Machine Learning,Computer Graphics,0.537582,Computer Graphics | Computer Vision | Robotics,0.537582 | 0.531985 | 0.514738,Computer Graphics | Computer Vision | Robotics | Artificial Intelligence | Machine Learning,0.537582 | 0.531985 | 0.514738 | 0.505277 | 0.504271
tfidf,Qihua Zhou,Artificial Intelligence | Machine Learning,Machine Learning,0.253005,Machine Learning | Artificial Intelligence | Computer Vision,0.253005 | 0.251030 | 0.249883,Machine Learning | Artificial Intelligence | Computer Vision | Data Mining | Robotics,0.253005 | 0.251030 | 0.249883 | 0.242587 | 0.239299
tfidf,Qiong Luo 0001,Artificial Intelligence | Computer Vision | Databases | Natural Language Processing | Visualization,Computer Graphics,0.254666,Computer Graphics | Computer Vision | Robotics,0.254666 | 0.218543 | 0.209753,Computer Graphics | Computer Vision | Robotics | Machine Learning | Artificial Intelligence,0.254666 | 0.218543 | 0.209753 | 0.199546 | 0.199063
tfidf,Radu Grosu,Artificial Intelligence | Machine Learning | Robotics | Software Engineering,Natural Language Processing,0.397660,Natural Language Processing | Machine Learning | Artificial Intelligence,0.397660 | 0.395154 | 0.394172,Natural Language Processing | Machine Learning | Artificial Intelligence | Computer Vision | Data Mining,0.397660 | 0.395154 | 0.394172 | 0.393125 | 0.388518
tfidf,Raimund Dachselt,Software Engineering | Visualization,Human-Computer Interaction,0.203162,Human-Computer Interaction | Visualization | Computer Graphics,0.203162 | 0.175768 | 0.172567,Human-Computer Interaction | Visualization | Computer Graphics | Software Engineering | Robotics,0.203162 | 0.175768 | 0.172567 | 0.171637 | 0.169400
tfidf,Rainer Stiefelhagen,Artificial Intelligence | Computer Vision | Machine Learning | Natural Language Processing | Robotics,Computer Vision,0.220033,Computer Vision | Robotics | Software Engineering,0.220033 | 0.213610 | 0.213443,Computer Vision | Robotics | Software Engineering | Computer Graphics | Artificial Intelligence,0.220033 | 0.213610 | 0.213443 | 0.210562 | 0.209972
tfidf,Rajeev Alur,Artificial Intelligence | Databases | Machine Learning,Machine Learning,0.253123,Machine Learning | Robotics | Artificial Intelligence,0.253123 | 0.250923 | 0.250115,Machine Learning | Robotics | Artificial Intelligence | Natural Language Processing | Computer Vision,0.253123 | 0.250923 | 0.250115 | 0.241027 | 0.238474
tfidf,Raman Arora,Artificial Intelligence | Machine Learning | Natural Language Processing | Robotics,Machine Learning,0.640792,Machine Learning | Artificial Intelligence | Data Mining,0.640792 | 0.626119 | 0.608530,Machine Learning | Artificial Intelligence | Data Mining | Natural Language Processing | Computer Vision,0.640792 | 0.626119 | 0.608530 | 0.597861 | 0.594247
tfidf,René Just,Human-Computer Interaction | Software Engineering,Visualization,0.257594,Visualization | Human-Computer Interaction | Natural Language Processing,0.257594 | 0.235913 | 0.233010,Visualization | Human-Computer Interaction | Natural Language Processing | The Web & Information Retrieval | Data Mining,0.257594 | 0.235913 | 0.233010 | 0.225033 | 0.222175
tfidf,René Vidal,Computer Vision | Data Mining | Machine Learning | Robotics,Machine Learning,0.732224,Machine Learning | Artificial Intelligence | Computer Vision,0.732224 | 0.724929 | 0.720998,Machine Learning | Artificial Intelligence | Computer Vision | Natural Language Processing | Data Mining,0.732224 | 0.724929 | 0.720998 | 0.709449 | 0.706403
tfidf,Richard S. Zemel,Computer Vision | Machine Learning | Natural Language Processing,Machine Learning,0.711810,Machine Learning | Artificial Intelligence | Natural Language Processing,0.711810 | 0.703994 | 0.699386,Machine Learning | Artificial Intelligence | Natural Language Processing | Data Mining | Computer Vision,0.711810 | 0.703994 | 0.699386 | 0.688925 | 0.688126
tfidf,Robert Bredereck,Artificial Intelligence | Machine Learning,Machine Learning,0.175504,Machine Learning | Artificial Intelligence | Robotics,0.175504 | 0.173976 | 0.165456,Machine Learning | Artificial Intelligence | Robotics | Computer Vision | Data Mining,0.175504 | 0.173976 | 0.165456 | 0.165262 | 0.164452
tfidf,Robert E. Mahony,Computer Vision | Robotics,Robotics,0.256929,Robotics | Human-Computer Interaction | Computer Vision,0.256929 | 0.253269 | 0.239075,Robotics | Human-Computer Interaction | Computer Vision | Artificial Intelligence | Machine Learning,0.256929 | 0.253269 | 0.239075 | 0.235173 | 0.233480
tfidf,Roberto Martin Martin,Computer Vision | Machine Learning | Robotics,Robotics,0.233953,Robotics | Computer Vision | Machine Learning,0.233953 | 0.232209 | 0.227620,Robotics | Computer Vision | Machine Learning | Artificial Intelligence | Computer Graphics,0.233953 | 0.232209 | 0.227620 | 0.227345 | 0.221920
tfidf,Roger B. Grosse,Artificial Intelligence | Machine Learning,Machine Learning,0.642131,Machine Learning | Artificial Intelligence | Computer Vision,0.642131 | 0.629682 | 0.610982,Machine Learning | Artificial Intelligence | Computer Vision | Natural Language Processing | Data Mining,0.642131 | 0.629682 | 0.610982 | 0.610836 | 0.610464
tfidf,Ross Maciejewski,Data Mining | Machine Learning | The Web & Information Retrieval | Visualization,Data Mining,0.246067,Data Mining | The Web & Information Retrieval | Databases,0.246067 | 0.239687 | 0.237890,Data Mining | The Web & Information Retrieval | Databases | Artificial Intelligence | Machine Learning,0.246067 | 0.239687 | 0.237890 | 0.237121 | 0.234858
tfidf,Rui Yu 0002,Computer Vision | Robotics,Computer Graphics,0.269032,Computer Graphics | Computer Vision | Robotics,0.269032 | 0.254763 | 0.241976,Computer Graphics | Computer Vision | Robotics | Artificial Intelligence | Machine Learning,0.269032 | 0.254763 | 0.241976 | 0.236616 | 0.236531
tfidf,Ruihong Huang,Artificial Intelligence | Databases | Machine Learning | Natural Language Processing | The Web & Information Retrieval,Databases,0.448796,Databases | The Web & Information Retrieval | Data Mining,0.448796 | 0.429535 | 0.428641,Databases | The Web & Information Retrieval | Data Mining | Artificial Intelligence | Machine Learning,0.448796 | 0.429535 | 0.428641 | 0.422256 | 0.420062
tfidf,Ruiquan Huang,Artificial Intelligence | Machine Learning,Machine Learning,0.472120,Machine Learning | Artificial Intelligence | Data Mining,0.472120 | 0.465609 | 0.448790,Machine Learning | Artificial Intelligence | Data Mining | Natural Language Processing | Robotics,0.472120 | 0.465609 | 0.448790 | 0.446682 | 0.442330
tfidf,Runmin Cong,Artificial Intelligence | Computer Vision | Machine Learning,Computer Vision,0.279792,Computer Vision | Human-Computer Interaction | Robotics,0.279792 | 0.270574 | 0.267979,Computer Vision | Human-Computer Interaction | Robotics | Artificial Intelligence | Machine Learning,0.279792 | 0.270574 | 0.267979 | 0.267775 | 0.265055
tfidf,Ruohan Gao,Computer Vision | Machine Learning | Robotics,Robotics,0.472108,Robotics | Computer Vision | Artificial Intelligence,0.472108 | 0.468953 | 0.455161,Robotics | Computer Vision | Artificial Intelligence | Machine Learning | Natural Language Processing,0.472108 | 0.468953 | 0.455161 | 0.454481 | 0.451659
tfidf,S. Matthew Weinberg,Artificial Intelligence | Machine Learning | The Web & Information Retrieval,Machine Learning,0.233014,Machine Learning | Artificial Intelligence | Robotics,0.233014 | 0.228802 | 0.220851,Machine Learning | Artificial Intelligence | Robotics | Computer Vision | Natural Language Processing,0.233014 | 0.228802 | 0.220851 | 0.218946 | 0.218939
tfidf,Sai Wu,Artificial Intelligence | Computer Vision | Data Mining | Databases | Machine Learning | Natural Language Processing | The Web & Information Retrieval,Databases,0.308988,Databases | Data Mining | Software Engineering,0.308988 | 0.268436 | 0.260087,Databases | Data Mining | Software Engineering | The Web & Information Retrieval | Artificial Intelligence,0.308988 | 0.268436 | 0.260087 | 0.257712 | 0.245855
tfidf,Sameer Singh 0001,Artificial Intelligence | Data Mining | Machine Learning | Natural Language Processing,Natural Language Processing,0.412684,Natural Language Processing | Machine Learning | Artificial Intelligence,0.412684 | 0.403461 | 0.403453,Natural Language Processing | Machine Learning | Artificial Intelligence | The Web & Information Retrieval | Data Mining,0.412684 | 0.403461 | 0.403453 | 0.397228 | 0.396191
tfidf,Sangmin Lee 0001,Artificial Intelligence | Computer Vision,Computer Vision,0.374490,Computer Vision | Robotics | Natural Language Processing,0.374490 | 0.364419 | 0.363299,Computer Vision | Robotics | Natural Language Processing | Artificial Intelligence | Machine Learning,0.374490 | 0.364419 | 0.363299 | 0.362601 | 0.360696
tfidf,Santiago Segarra,Data Mining | Machine Learning,Databases,0.274127,Databases | Data Mining | The Web & Information Retrieval,0.274127 | 0.245728 | 0.241510,Databases | Data Mining | The Web & Information Retrieval | Artificial Intelligence | Software Engineering,0.274127 | 0.245728 | 0.241510 | 0.222457 | 0.219603
tfidf,Santosh Kumar 0001,Human-Computer Interaction | Machine Learning,Databases,0.236657,Databases | Machine Learning | Artificial Intelligence,0.236657 | 0.231997 | 0.231436,Databases | Machine Learning | Artificial Intelligence | Natural Language Processing | The Web & Information Retrieval,0.236657 | 0.231997 | 0.231436 | 0.231307 | 0.230951
tfidf,Saurabh Gupta 0001,Computer Vision | Machine Learning | Natural Language Processing | Robotics,Robotics,0.485047,Robotics | Machine Learning | Artificial Intelligence,0.485047 | 0.461971 | 0.456536,Robotics | Machine Learning | Artificial Intelligence | Computer Vision | Natural Language Processing,0.485047 | 0.461971 | 0.456536 | 0.449592 | 0.445910
tfidf,Scott Niekum,Artificial Intelligence | Machine Learning | Robotics,Machine Learning,0.342756,Machine Learning | Artificial Intelligence | Natural Language Processing,0.342756 | 0.337501 | 0.331145,Machine Learning | Artificial Intelligence | Natural Language Processing | Robotics | Data Mining,0.342756 | 0.337501 | 0.331145 | 0.329484 | 0.324730
tfidf,Se-Young Yun,Artificial Intelligence | Computer Vision | Machine Learning | Natural Language Processing,Machine Learning,0.671741,Machine Learning | Artificial Intelligence | Natural Language Processing,0.671741 | 0.671300 | 0.669612,Machine Learning | Artificial Intelligence | Natural Language Processing | Computer Vision | Data Mining,0.671741 | 0.671300 | 0.669612 | 0.667571 | 0.657613
tfidf,Sebastian U. Stich,Computer Vision | Machine Learning,Machine Learning,0.587049,Machine Learning | Artificial Intelligence | Data Mining,0.587049 | 0.576795 | 0.570366,Machine Learning | Artificial Intelligence | Data Mining | Databases | Natural Language Processing,0.587049 | 0.576795 | 0.570366 | 0.564570 | 0.554182
tfidf,Seung-Hwan Baek,Computer Graphics | Computer Vision,Computer Graphics,0.404968,Computer Graphics | Computer Vision | Robotics,0.404968 | 0.377001 | 0.376654,Computer Graphics | Computer Vision | Robotics | Machine Learning | Artificial Intelligence,0.404968 | 0.377001 | 0.376654 | 0.354899 | 0.352376
tfidf,Seungryul Baek,Artificial Intelligence | Computer Vision,Computer Graphics,0.410310,Computer Graphics | Robotics | Computer Vision,0.410310 | 0.399366 | 0.390352,Computer Graphics | Robotics | Computer Vision | Human-Computer Interaction | Machine Learning,0.410310 | 0.399366 | 0.390352 | 0.376401 | 0.372597
tfidf,Sewoong Oh,Computer Vision | Machine Learning,Machine Learning,0.702910,Machine Learning | Artificial Intelligence | Natural Language Processing,0.702910 | 0.692152 | 0.688730,Machine Learning | Artificial Intelligence | Natural Language Processing | Data Mining | Computer Vision,0.702910 | 0.692152 | 0.688730 | 0.678925 | 0.677480
tfidf,Seyeon Kim,Artificial Intelligence | Computer Vision,Computer Vision,0.292236,Computer Vision | Machine Learning | Artificial Intelligence,0.292236 | 0.286675 | 0.286347,Computer Vision | Machine Learning | Artificial Intelligence | Computer Graphics | Robotics,0.292236 | 0.286675 | 0.286347 | 0.285064 | 0.283501
tfidf,Shai Avidan,Artificial Intelligence | Computer Vision,Computer Graphics,0.252313,Computer Graphics | Computer Vision | Machine Learning,0.252313 | 0.240768 | 0.235152,Computer Graphics | Computer Vision | Machine Learning | Artificial Intelligence | Robotics,0.252313 | 0.240768 | 0.235152 | 0.231878 | 0.228280
tfidf,Shai Shalev-Shwartz,Machine Learning | Natural Language Processing,Machine Learning,0.156174,Machine Learning | Artificial Intelligence | Computer Vision,0.156174 | 0.152873 | 0.148082,Machine Learning | Artificial Intelligence | Computer Vision | Databases | Robotics,0.156174 | 0.152873 | 0.148082 | 0.146633 | 0.145788
tfidf,Shangke Lyu,Robotics,Natural Language Processing,0.240420,Natural Language Processing | Artificial Intelligence | Computer Vision,0.240420 | 0.235374 | 0.234145,Natural Language Processing | Artificial Intelligence | Computer Vision | Machine Learning | Data Mining,0.240420 | 0.235374 | 0.234145 | 0.233031 | 0.231920
tfidf,Shaoping Ma,Artificial Intelligence | Data Mining | Human-Computer Interaction | Natural Language Processing | The Web & Information Retrieval,Natural Language Processing,0.323175,Natural Language Processing | The Web & Information Retrieval | Data Mining,0.323175 | 0.319404 | 0.312291,Natural Language Processing | The Web & Information Retrieval | Data Mining | Artificial Intelligence | Databases,0.323175 | 0.319404 | 0.312291 | 0.306909 | 0.304435
tfidf,Shay B. Cohen,Artificial Intelligence | Machine Learning | Natural Language Processing | The Web & Information Retrieval,Natural Language Processing,0.618471,Natural Language Processing | Machine Learning | Artificial Intelligence,0.618471 | 0.601047 | 0.601019,Natural Language Processing | Machine Learning | Artificial Intelligence | The Web & Information Retrieval | Data Mining,0.618471 | 0.601047 | 0.601019 | 0.597940 | 0.594483
tfidf,Shengchuan Zhang,Artificial Intelligence | Computer Graphics | Computer Vision | Machine Learning,Computer Vision,0.207766,Computer Vision | Computer Graphics | Artificial Intelligence,0.207766 | 0.207308 | 0.202592,Computer Vision | Computer Graphics | Artificial Intelligence | Databases | Robotics,0.207766 | 0.207308 | 0.202592 | 0.201731 | 0.201236
tfidf,Shengdong Zhao 0001,Human-Computer Interaction | Robotics,Visualization,0.250427,Visualization | Human-Computer Interaction | Natural Language Processing,0.250427 | 0.243769 | 0.209559,Visualization | Human-Computer Interaction | Natural Language Processing | The Web & Information Retrieval | Artificial Intelligence,0.250427 | 0.243769 | 0.209559 | 0.209273 | 0.203940
tfidf,Shengjie Wang 0001,Machine Learning,Data Mining,0.303918,Data Mining | Machine Learning | Artificial Intelligence,0.303918 | 0.303431 | 0.302068,Data Mining | Machine Learning | Artificial Intelligence | Databases | The Web & Information Retrieval,0.303918 | 0.303431 | 0.302068 | 0.300709 | 0.298350
tfidf,Shengping Zhang,Artificial Intelligence | Computer Vision | Machine Learning,Human-Computer Interaction,0.183221,Human-Computer Interaction | Computer Vision | Robotics,0.183221 | 0.172745 | 0.165383,Human-Computer Interaction | Computer Vision | Robotics | Artificial Intelligence | Machine Learning,0.183221 | 0.172745 | 0.165383 | 0.163508 | 0.162423
tfidf,Sherry Yang 0001,Machine Learning | Natural Language Processing,Robotics,0.545669,Robotics | Machine Learning | Natural Language Processing,0.545669 | 0.540464 | 0.538077,Robotics | Machine Learning | Natural Language Processing | Artificial Intelligence | Computer Vision,0.545669 | 0.540464 | 0.538077 | 0.537768 | 0.534630
tfidf,Shibiao Xu,Artificial Intelligence | Computer Vision | Robotics,Computer Graphics,0.373681,Computer Graphics | Computer Vision | Robotics,0.373681 | 0.357027 | 0.352913,Computer Graphics | Computer Vision | Robotics | Artificial Intelligence | Machine Learning,0.373681 | 0.357027 | 0.352913 | 0.336627 | 0.333823
tfidf,Shinjiro Sueda,Computer Graphics | Machine Learning | Robotics,Robotics,0.210291,Robotics | Machine Learning | Artificial Intelligence,0.210291 | 0.199219 | 0.198295,Robotics | Machine Learning | Artificial Intelligence | Databases | Data Mining,0.210291 | 0.199219 | 0.198295 | 0.196453 | 0.196345
tfidf,Shohei Nobuhara,Computer Vision,Computer Graphics,0.307906,Computer Graphics | Computer Vision | Robotics,0.307906 | 0.281931 | 0.278669,Computer Graphics | Computer Vision | Robotics | Machine Learning | Artificial Intelligence,0.307906 | 0.281931 | 0.278669 | 0.270176 | 0.267213
tfidf,Shubham Tulsiani,Computer Vision | Machine Learning | Robotics,Computer Graphics,0.748669,Computer Graphics | Robotics | Computer Vision,0.748669 | 0.718053 | 0.694778,Computer Graphics | Robotics | Computer Vision | Machine Learning | Artificial Intelligence,0.748669 | 0.718053 | 0.694778 | 0.668521 | 0.658557
tfidf,Shuo Chen 0003,Artificial Intelligence | Computer Vision | Databases | Machine Learning,Data Mining,0.210593,Data Mining | Machine Learning | Artificial Intelligence,0.210593 | 0.204101 | 0.203514,Data Mining | Machine Learning | Artificial Intelligence | Computer Vision | The Web & Information Retrieval,0.210593 | 0.204101 | 0.203514 | 0.198581 | 0.196164
tfidf,Shuo Shang,Artificial Intelligence | Data Mining | Databases | Machine Learning | Natural Language Processing | The Web & Information Retrieval,Data Mining,0.456175,Data Mining | Databases | Artificial Intelligence,0.456175 | 0.455137 | 0.453613,Data Mining | Databases | Artificial Intelligence | Machine Learning | Computer Vision,0.456175 | 0.455137 | 0.453613 | 0.449680 | 0.447438
tfidf,Sicun Gao,Artificial Intelligence | Machine Learning | Robotics,Natural Language Processing,0.249118,Natural Language Processing | Machine Learning | Artificial Intelligence,0.249118 | 0.237066 | 0.235825,Natural Language Processing | Machine Learning | Artificial Intelligence | The Web & Information Retrieval | Data Mining,0.249118 | 0.237066 | 0.235825 | 0.230838 | 0.229990
tfidf,Siddhartha Banerjee,Artificial Intelligence | Data Mining | Machine Learning | Natural Language Processing | The Web & Information Retrieval,Machine Learning,0.216289,Machine Learning | Artificial Intelligence | Data Mining,0.216289 | 0.212417 | 0.207982,Machine Learning | Artificial Intelligence | Data Mining | The Web & Information Retrieval | Databases,0.216289 | 0.212417 | 0.207982 | 0.207745 | 0.206507
tfidf,Sijia Liu 0001,Artificial Intelligence | Computer Vision | Machine Learning | Natural Language Processing,Machine Learning,0.585187,Machine Learning | Artificial Intelligence | Natural Language Processing,0.585187 | 0.582508 | 0.577098,Machine Learning | Artificial Intelligence | Natural Language Processing | Data Mining | Computer Vision,0.585187 | 0.582508 | 0.577098 | 0.576271 | 0.569648
tfidf,Simon Razniewski,Artificial Intelligence | Databases | Natural Language Processing | Robotics | The Web & Information Retrieval,Natural Language Processing,0.492209,Natural Language Processing | The Web & Information Retrieval | Artificial Intelligence,0.492209 | 0.481128 | 0.478117,Natural Language Processing | The Web & Information Retrieval | Artificial Intelligence | Data Mining | Machine Learning,0.492209 | 0.481128 | 0.478117 | 0.476168 | 0.474308
tfidf,Simone Teufel,Natural Language Processing,Natural Language Processing,0.210149,Natural Language Processing | Machine Learning | Artificial Intelligence,0.210149 | 0.209018 | 0.207996,Natural Language Processing | Machine Learning | Artificial Intelligence | The Web & Information Retrieval | Data Mining,0.210149 | 0.209018 | 0.207996 | 0.205049 | 0.201769
tfidf,Sinno Jialin Pan,Artificial Intelligence | Computer Vision | Data Mining | Human-Computer Interaction | Machine Learning | Natural Language Processing | Robotics | The Web & Information Retrieval,Data Mining,0.726125,Data Mining | Artificial Intelligence | Machine Learning,0.726125 | 0.723452 | 0.720738,Data Mining | Artificial Intelligence | Machine Learning | The Web & Information Retrieval | Computer Vision,0.726125 | 0.723452 | 0.720738 | 0.707741 | 0.707393
tfidf,Siqi Shen,Artificial Intelligence | Computer Vision | Databases | Machine Learning | Natural Language Processing,Natural Language Processing,0.240229,Natural Language Processing | The Web & Information Retrieval | Data Mining,0.240229 | 0.229967 | 0.228896,Natural Language Processing | The Web & Information Retrieval | Data Mining | Visualization | Artificial Intelligence,0.240229 | 0.229967 | 0.228896 | 0.228222 | 0.224957
tfidf,Siva Reddy,Machine Learning | Natural Language Processing,Natural Language Processing,0.335687,Natural Language Processing | Machine Learning | Artificial Intelligence,0.335687 | 0.321810 | 0.321345,Natural Language Processing | Machine Learning | Artificial Intelligence | Data Mining | The Web & Information Retrieval,0.335687 | 0.321810 | 0.321345 | 0.320119 | 0.320091
tfidf,Soheil Feizi,Artificial Intelligence | Computer Vision | Machine Learning | Natural Language Processing,Machine Learning,0.729896,Machine Learning | Natural Language Processing | Computer Vision,0.729896 | 0.725926 | 0.723807,Machine Learning | Natural Language Processing | Computer Vision | Artificial Intelligence | Data Mining,0.729896 | 0.725926 | 0.723807 | 0.723196 | 0.700830
tfidf,Song Han 0003,Computer Vision | Machine Learning | Natural Language Processing | Robotics,Natural Language Processing,0.457986,Natural Language Processing | Computer Vision | Machine Learning,0.457986 | 0.456153 | 0.448704,Natural Language Processing | Computer Vision | Machine Learning | Artificial Intelligence | Robotics,0.457986 | 0.456153 | 0.448704 | 0.447400 | 0.434152
tfidf,Songze Li,Computer Vision | Machine Learning | Natural Language Processing,Data Mining,0.385799,Data Mining | The Web & Information Retrieval | Natural Language Processing,0.385799 | 0.380881 | 0.380505,Data Mining | The Web & Information Retrieval | Natural Language Processing | Databases | Artificial Intelligence,0.385799 | 0.380881 | 0.380505 | 0.380255 | 0.371400
tfidf,SouYoung Jin,Computer Vision | Machine Learning | Natural Language Processing,Computer Vision,0.325698,Computer Vision | Machine Learning | Artificial Intelligence,0.325698 | 0.320825 | 0.318433,Computer Vision | Machine Learning | Artificial Intelligence | Natural Language Processing | Robotics,0.325698 | 0.320825 | 0.318433 | 0.315842 | 0.313934
tfidf,Soujanya Poria,Artificial Intelligence | Computer Vision | Natural Language Processing | The Web & Information Retrieval,Natural Language Processing,0.336185,Natural Language Processing | The Web & Information Retrieval | Artificial Intelligence,0.336185 | 0.317466 | 0.317331,Natural Language Processing | The Web & Information Retrieval | Artificial Intelligence | Visualization | Data Mining,0.336185 | 0.317466 | 0.317331 | 0.316599 | 0.315028
tfidf,Srinivasa G. Narasimhan,Computer Graphics | Computer Vision | Robotics,Computer Graphics,0.417792,Computer Graphics | Computer Vision | Robotics,0.417792 | 0.405105 | 0.399281,Computer Graphics | Computer Vision | Robotics | Machine Learning | Artificial Intelligence,0.417792 | 0.405105 | 0.399281 | 0.386780 | 0.384461
tfidf,Stephan Günnemann,Artificial Intelligence | Computer Vision | Data Mining | Databases | Machine Learning | Robotics | The Web & Information Retrieval,Machine Learning,0.726050,Machine Learning | Data Mining | Artificial Intelligence,0.726050 | 0.720115 | 0.719872,Machine Learning | Data Mining | Artificial Intelligence | Computer Vision | Natural Language Processing,0.726050 | 0.720115 | 0.719872 | 0.709882 | 0.705012
tfidf,Stephan Mandt,Artificial Intelligence | Computer Vision | Machine Learning | Natural Language Processing | Robotics,Machine Learning,0.648794,Machine Learning | Computer Vision | Artificial Intelligence,0.648794 | 0.646318 | 0.641090,Machine Learning | Computer Vision | Artificial Intelligence | Robotics | Computer Graphics,0.648794 | 0.646318 | 0.641090 | 0.630339 | 0.627702
tfidf,Stephen Bates,Machine Learning | Natural Language Processing,Computer Vision,0.224334,Computer Vision | Machine Learning | Computer Graphics,0.224334 | 0.221949 | 0.217794,Computer Vision | Machine Learning | Computer Graphics | Robotics | Artificial Intelligence,0.224334 | 0.221949 | 0.217794 | 0.217729 | 0.217278
tfidf,Stratos Idreos,Databases,Databases,0.327258,Databases | Machine Learning | Data Mining,0.327258 | 0.311108 | 0.308325,Databases | Machine Learning | Data Mining | Artificial Intelligence | Natural Language Processing,0.327258 | 0.311108 | 0.308325 | 0.307330 | 0.302912
tfidf,Sumit Chopra,Artificial Intelligence | Machine Learning | Natural Language Processing,Machine Learning,0.329232,Machine Learning | Artificial Intelligence | Computer Vision,0.329232 | 0.329219 | 0.328347,Machine Learning | Artificial Intelligence | Computer Vision | Data Mining | Natural Language Processing,0.329232 | 0.329219 | 0.328347 | 0.323567 | 0.321061
tfidf,Sung-Eui Yoon,Computer Graphics | Computer Vision | Machine Learning | Robotics,Computer Vision,0.232849,Computer Vision | Robotics | Computer Graphics,0.232849 | 0.232433 | 0.226137,Computer Vision | Robotics | Computer Graphics | Artificial Intelligence | Machine Learning,0.232849 | 0.232433 | 0.226137 | 0.218589 | 0.214329
tfidf,Sunita Sarawagi,Artificial Intelligence | Data Mining | Databases | Machine Learning | Natural Language Processing | The Web & Information Retrieval,Machine Learning,0.687367,Machine Learning | Artificial Intelligence | Natural Language Processing,0.687367 | 0.681927 | 0.677668,Machine Learning | Artificial Intelligence | Natural Language Processing | Data Mining | Computer Vision,0.687367 | 0.681927 | 0.677668 | 0.672897 | 0.669741
tfidf,Supasorn Suwajanakorn,Computer Graphics | Computer Vision | Machine Learning,Computer Graphics,0.293499,Computer Graphics | Computer Vision | Robotics,0.293499 | 0.271896 | 0.268467,Computer Graphics | Computer Vision | Robotics | Machine Learning | Artificial Intelligence,0.293499 | 0.271896 | 0.268467 | 0.250573 | 0.247664
tfidf,Sutanu Gayen,Artificial Intelligence | Machine Learning,Software Engineering,0.169189,Software Engineering | Databases | Machine Learning,0.169189 | 0.161059 | 0.152558,Software Engineering | Databases | Machine Learning | Artificial Intelligence | Data Mining,0.169189 | 0.161059 | 0.152558 | 0.150543 | 0.138295
tfidf,Suzan Verberne,Natural Language Processing | The Web & Information Retrieval,The Web & Information Retrieval,0.459247,The Web & Information Retrieval | Natural Language Processing | Data Mining,0.459247 | 0.444050 | 0.430818,The Web & Information Retrieval | Natural Language Processing | Data Mining | Artificial Intelligence | Databases,0.459247 | 0.444050 | 0.430818 | 0.415580 | 0.411522
tfidf,Søren Hauberg,Computer Vision | Machine Learning | Robotics,Robotics,0.326863,Robotics | Machine Learning | Computer Vision,0.326863 | 0.318939 | 0.317608,Robotics | Machine Learning | Computer Vision | Artificial Intelligence | Computer Graphics,0.326863 | 0.318939 | 0.317608 | 0.315800 | 0.310281
tfidf,Taisong Jin,Artificial Intelligence | Computer Vision,Computer Graphics,0.327791,Computer Graphics | Computer Vision | Robotics,0.327791 | 0.327506 | 0.324278,Computer Graphics | Computer Vision | Robotics | Artificial Intelligence | Machine Learning,0.327791 | 0.327506 | 0.324278 | 0.322280 | 0.321045
tfidf,Tamara Broderick,Machine Learning,Machine Learning,0.216500,Machine Learning | Artificial Intelligence | Computer Graphics,0.216500 | 0.213044 | 0.211064,Machine Learning | Artificial Intelligence | Computer Graphics | Computer Vision | Data Mining,0.216500 | 0.213044 | 0.211064 | 0.209775 | 0.209168
tfidf,Tamir Hazan,Artificial Intelligence | Computer Vision | Machine Learning,Machine Learning,0.208217,Machine Learning | Artificial Intelligence | Data Mining,0.208217 | 0.203309 | 0.195945,Machine Learning | Artificial Intelligence | Data Mining | Natural Language Processing | Computer Vision,0.208217 | 0.203309 | 0.195945 | 0.193859 | 0.193087
tfidf,Tanmoy Chakraborty 0002,Artificial Intelligence | Data Mining | Machine Learning | Natural Language Processing | The Web & Information Retrieval,Natural Language Processing,0.393434,Natural Language Processing | The Web & Information Retrieval | Data Mining,0.393434 | 0.388121 | 0.381176,Natural Language Processing | The Web & Information Retrieval | Data Mining | Artificial Intelligence | Machine Learning,0.393434 | 0.388121 | 0.381176 | 0.379264 | 0.378788
tfidf,Tao Lin 0004,Artificial Intelligence | Computer Vision | Databases | Human-Computer Interaction | Machine Learning | Natural Language Processing,Machine Learning,0.485849,Machine Learning | Artificial Intelligence | Data Mining,0.485849 | 0.478505 | 0.475035,Machine Learning | Artificial Intelligence | Data Mining | Databases | Natural Language Processing,0.485849 | 0.478505 | 0.475035 | 0.474489 | 0.466002
tfidf,Tatjana Chavdarova,Computer Vision | Machine Learning,Machine Learning,0.468845,Machine Learning | Artificial Intelligence | Computer Vision,0.468845 | 0.462869 | 0.453592,Machine Learning | Artificial Intelligence | Computer Vision | Data Mining | Natural Language Processing,0.468845 | 0.462869 | 0.453592 | 0.446141 | 0.445088
tfidf,Terra Blevins,Natural Language Processing,Natural Language Processing,0.346603,Natural Language Processing | Machine Learning | Artificial Intelligence,0.346603 | 0.332820 | 0.330042,Natural Language Processing | Machine Learning | Artificial Intelligence | The Web & Information Retrieval | Data Mining,0.346603 | 0.332820 | 0.330042 | 0.328839 | 0.325186
tfidf,Thanh Trung Huynh,Natural Language Processing,Visualization,0.219804,Visualization | Databases | The Web & Information Retrieval,0.219804 | 0.219771 | 0.214191,Visualization | Databases | The Web & Information Retrieval | Human-Computer Interaction | Data Mining,0.219804 | 0.219771 | 0.214191 | 0.210632 | 0.207113
tfidf,Thien Huu Nguyen,Artificial Intelligence | Computer Vision | Natural Language Processing | The Web & Information Retrieval,Computer Graphics,0.190020,Computer Graphics | Computer Vision | Natural Language Processing,0.190020 | 0.188028 | 0.182696,Computer Graphics | Computer Vision | Natural Language Processing | Robotics | Artificial Intelligence,0.190020 | 0.188028 | 0.182696 | 0.182401 | 0.179796
tfidf,Thomas B. Schön,Computer Vision | Machine Learning,Machine Learning,0.239263,Machine Learning | Artificial Intelligence | Natural Language Processing,0.239263 | 0.233429 | 0.225312,Machine Learning | Artificial Intelligence | Natural Language Processing | Data Mining | Computer Vision,0.239263 | 0.233429 | 0.225312 | 0.223125 | 0.222179
tfidf,Thomas Lukasiewicz,Artificial Intelligence | Computer Vision | Machine Learning | Natural Language Processing,Machine Learning,0.601129,Machine Learning | Artificial Intelligence | Natural Language Processing,0.601129 | 0.596988 | 0.585862,Machine Learning | Artificial Intelligence | Natural Language Processing | Data Mining | Computer Vision,0.601129 | 0.596988 | 0.585862 | 0.584072 | 0.578962
tfidf,Thorsten Joachims,Data Mining | Machine Learning | Natural Language Processing | The Web & Information Retrieval,Machine Learning,0.277572,Machine Learning | Artificial Intelligence | Natural Language Processing,0.277572 | 0.272262 | 0.269232,Machine Learning | Artificial Intelligence | Natural Language Processing | Data Mining | Robotics,0.277572 | 0.272262 | 0.269232 | 0.264821 | 0.261860
tfidf,Tiejun Huang 0001,Artificial Intelligence | Computer Vision | Machine Learning | Robotics | The Web & Information Retrieval,Natural Language Processing,0.373932,Natural Language Processing | Computer Vision | Artificial Intelligence,0.373932 | 0.373008 | 0.370274,Natural Language Processing | Computer Vision | Artificial Intelligence | Machine Learning | Data Mining,0.373932 | 0.373008 | 0.370274 | 0.369004 | 0.366171
tfidf,Timothy M. Hospedales,Artificial Intelligence | Computer Graphics | Computer Vision | Machine Learning | Natural Language Processing | Robotics,Machine Learning,0.728240,Machine Learning | Artificial Intelligence | Computer Vision,0.728240 | 0.725236 | 0.723426,Machine Learning | Artificial Intelligence | Computer Vision | Natural Language Processing | Data Mining,0.728240 | 0.725236 | 0.723426 | 0.719892 | 0.711742
tfidf,Ting Chen 0002,Software Engineering | The Web & Information Retrieval,Software Engineering,0.318052,Software Engineering | The Web & Information Retrieval | Human-Computer Interaction,0.318052 | 0.259456 | 0.257582,Software Engineering | The Web & Information Retrieval | Human-Computer Interaction | Data Mining | Natural Language Processing,0.318052 | 0.259456 | 0.257582 | 0.257114 | 0.252002
tfidf,Todd J. Treangen,Databases | Machine Learning,Databases,0.274371,Databases | Data Mining | The Web & Information Retrieval,0.274371 | 0.242119 | 0.241165,Databases | Data Mining | The Web & Information Retrieval | Machine Learning | Artificial Intelligence,0.274371 | 0.242119 | 0.241165 | 0.238200 | 0.237960
tfidf,Tom Silver,Artificial Intelligence | Machine Learning | Robotics,Robotics,0.384923,Robotics | Machine Learning | Artificial Intelligence,0.384923 | 0.360646 | 0.359616,Robotics | Machine Learning | Artificial Intelligence | Computer Vision | Natural Language Processing,0.384923 | 0.360646 | 0.359616 | 0.349274 | 0.345488
tfidf,Tong Zhang 0001,Artificial Intelligence | Computer Vision | Data Mining | Machine Learning | Natural Language Processing | Robotics | The Web & Information Retrieval,Machine Learning,0.437951,Machine Learning | Artificial Intelligence | Data Mining,0.437951 | 0.434333 | 0.423912,Machine Learning | Artificial Intelligence | Data Mining | Natural Language Processing | Robotics,0.437951 | 0.434333 | 0.423912 | 0.421549 | 0.418284
tfidf,Tucker Hermans,Robotics,Robotics,0.271877,Robotics | Computer Vision | Computer Graphics,0.271877 | 0.249949 | 0.245842,Robotics | Computer Vision | Computer Graphics | Machine Learning | Artificial Intelligence,0.271877 | 0.249949 | 0.245842 | 0.245608 | 0.244017
tfidf,Tudor Dumitras,Machine Learning,Machine Learning,0.316489,Machine Learning | Artificial Intelligence | Natural Language Processing,0.316489 | 0.316309 | 0.310994,Machine Learning | Artificial Intelligence | Natural Language Processing | Data Mining | Computer Vision,0.316489 | 0.316309 | 0.310994 | 0.309126 | 0.306706
tfidf,Uichin Lee,Human-Computer Interaction,Visualization,0.210800,Visualization | Human-Computer Interaction | The Web & Information Retrieval,0.210800 | 0.192221 | 0.166230,Visualization | Human-Computer Interaction | The Web & Information Retrieval | Natural Language Processing | Data Mining,0.210800 | 0.192221 | 0.166230 | 0.161335 | 0.155411
tfidf,Usman Naseem,Artificial Intelligence | Natural Language Processing | The Web & Information Retrieval,Natural Language Processing,0.227172,Natural Language Processing | The Web & Information Retrieval | Human-Computer Interaction,0.227172 | 0.222251 | 0.219701,Natural Language Processing | The Web & Information Retrieval | Human-Computer Interaction | Artificial Intelligence | Data Mining,0.227172 | 0.222251 | 0.219701 | 0.218469 | 0.217163
tfidf,Utkarsh Ojha,Computer Vision | Machine Learning,Computer Vision,0.447024,Computer Vision | Machine Learning | Artificial Intelligence,0.447024 | 0.443269 | 0.440684,Computer Vision | Machine Learning | Artificial Intelligence | Natural Language Processing | Computer Graphics,0.447024 | 0.443269 | 0.440684 | 0.434964 | 0.434475
tfidf,Victor B. Zordan,Computer Graphics,Computer Graphics,0.148365,Computer Graphics | Machine Learning | Robotics,0.148365 | 0.138638 | 0.138034,Computer Graphics | Machine Learning | Robotics | Artificial Intelligence | Computer Vision,0.148365 | 0.138638 | 0.138034 | 0.135781 | 0.135717
tfidf,Vijaya B. Kolachalama,Machine Learning,Computer Vision,0.281347,Computer Vision | Computer Graphics | Machine Learning,0.281347 | 0.280123 | 0.277403,Computer Vision | Computer Graphics | Machine Learning | Artificial Intelligence | Robotics,0.281347 | 0.280123 | 0.277403 | 0.276236 | 0.275618
tfidf,Vikas Garg 0001,Computer Vision | Machine Learning,Data Mining,0.318452,Data Mining | Machine Learning | Artificial Intelligence,0.318452 | 0.317539 | 0.316745,Data Mining | Machine Learning | Artificial Intelligence | Computer Vision | Human-Computer Interaction,0.318452 | 0.317539 | 0.316745 | 0.315861 | 0.315520
tfidf,Virginia Smith,Data Mining | Databases | Machine Learning | Natural Language Processing,Machine Learning,0.230414,Machine Learning | Databases | Data Mining,0.230414 | 0.230229 | 0.226888,Machine Learning | Databases | Data Mining | Artificial Intelligence | Natural Language Processing,0.230414 | 0.230229 | 0.226888 | 0.223309 | 0.222363
tfidf,Vitaly Shmatikov,Data Mining | Databases | Machine Learning | Natural Language Processing | The Web & Information Retrieval,Natural Language Processing,0.251092,Natural Language Processing | Machine Learning | Computer Vision,0.251092 | 0.248792 | 0.245653,Natural Language Processing | Machine Learning | Computer Vision | Artificial Intelligence | Robotics,0.251092 | 0.248792 | 0.245653 | 0.244395 | 0.236563
tfidf,Volker Tresp,Artificial Intelligence | Computer Vision | Data Mining | Machine Learning | Natural Language Processing | The Web & Information Retrieval,Computer Vision,0.223368,Computer Vision | Natural Language Processing | Artificial Intelligence,0.223368 | 0.222806 | 0.216388,Computer Vision | Natural Language Processing | Artificial Intelligence | Human-Computer Interaction | Machine Learning,0.223368 | 0.222806 | 0.216388 | 0.216066 | 0.214572
tfidf,Wanhua Li 0001,Computer Vision | Machine Learning,Computer Vision,0.511578,Computer Vision | Natural Language Processing | Artificial Intelligence,0.511578 | 0.500281 | 0.498572,Computer Vision | Natural Language Processing | Artificial Intelligence | Machine Learning | Computer Graphics,0.511578 | 0.500281 | 0.498572 | 0.497080 | 0.490813
tfidf,Wei Ai 0002,Data Mining | Human-Computer Interaction | Natural Language Processing | The Web & Information Retrieval,Human-Computer Interaction,0.245875,Human-Computer Interaction | The Web & Information Retrieval | Data Mining,0.245875 | 0.240982 | 0.237688,Human-Computer Interaction | The Web & Information Retrieval | Data Mining | Visualization | Natural Language Processing,0.245875 | 0.240982 | 0.237688 | 0.231906 | 0.229912
tfidf,Wei Hu 0014,Machine Learning,Machine Learning,0.184122,Machine Learning | Artificial Intelligence | Natural Language Processing,0.184122 | 0.179306 | 0.176751,Machine Learning | Artificial Intelligence | Natural Language Processing | Computer Vision | Data Mining,0.184122 | 0.179306 | 0.176751 | 0.175729 | 0.172432
tfidf,Wei Ji 0008,Artificial Intelligence | Computer Vision | Machine Learning | Natural Language Processing | Robotics | The Web & Information Retrieval,Computer Vision,0.336988,Computer Vision | Artificial Intelligence | Natural Language Processing,0.336988 | 0.336362 | 0.335847,Computer Vision | Artificial Intelligence | Natural Language Processing | The Web & Information Retrieval | Data Mining,0.336988 | 0.336362 | 0.335847 | 0.333776 | 0.332596
tfidf,Wei Zeng 0004,Machine Learning | Visualization,Visualization,0.227121,Visualization | Human-Computer Interaction | The Web & Information Retrieval,0.227121 | 0.206962 | 0.166188,Visualization | Human-Computer Interaction | The Web & Information Retrieval | Robotics | Artificial Intelligence,0.227121 | 0.206962 | 0.166188 | 0.165760 | 0.163871
tfidf,Weijia Jia 0001,Artificial Intelligence | Computer Vision | Data Mining | Machine Learning | Natural Language Processing,Natural Language Processing,0.230394,Natural Language Processing | The Web & Information Retrieval | Data Mining,0.230394 | 0.225644 | 0.220429,Natural Language Processing | The Web & Information Retrieval | Data Mining | Databases | Artificial Intelligence,0.230394 | 0.225644 | 0.220429 | 0.214352 | 0.213057
tfidf,Weiming Zhang 0001,Artificial Intelligence | Computer Vision | Machine Learning | Natural Language Processing,Natural Language Processing,0.444235,Natural Language Processing | Software Engineering | Artificial Intelligence,0.444235 | 0.438532 | 0.437529,Natural Language Processing | Software Engineering | Artificial Intelligence | Data Mining | The Web & Information Retrieval,0.444235 | 0.438532 | 0.437529 | 0.435364 | 0.435196
tfidf,Weizhan Zhang,Artificial Intelligence | Machine Learning,Software Engineering,0.251139,Software Engineering | Visualization | Computer Vision,0.251139 | 0.247201 | 0.244688,Software Engineering | Visualization | Computer Vision | Robotics | Artificial Intelligence,0.251139 | 0.247201 | 0.244688 | 0.234443 | 0.234417
tfidf,Weizi Li,Computer Graphics | Computer Vision | Human-Computer Interaction | Machine Learning | Robotics,Robotics,0.312558,Robotics | Machine Learning | Artificial Intelligence,0.312558 | 0.296493 | 0.295748,Robotics | Machine Learning | Artificial Intelligence | Computer Vision | Data Mining,0.312558 | 0.296493 | 0.295748 | 0.291353 | 0.287771
tfidf,Wenbing Huang 0001,Artificial Intelligence | Computer Vision | Machine Learning | Natural Language Processing | Robotics | The Web & Information Retrieval,Data Mining,0.253652,Data Mining | Computer Vision | Artificial Intelligence,0.253652 | 0.250424 | 0.249243,Data Mining | Computer Vision | Artificial Intelligence | Machine Learning | The Web & Information Retrieval,0.253652 | 0.250424 | 0.249243 | 0.249195 | 0.247547
tfidf,Wenbo Guo 0002,Artificial Intelligence | Data Mining | Machine Learning | Natural Language Processing,Natural Language Processing,0.226297,Natural Language Processing | Artificial Intelligence | Machine Learning,0.226297 | 0.225180 | 0.222965,Natural Language Processing | Artificial Intelligence | Machine Learning | The Web & Information Retrieval | Human-Computer Interaction,0.226297 | 0.225180 | 0.222965 | 0.220673 | 0.218651
tfidf,Wenchao Li 0001,Artificial Intelligence | Machine Learning | Robotics,Robotics,0.270285,Robotics | Machine Learning | Artificial Intelligence,0.270285 | 0.253881 | 0.253692,Robotics | Machine Learning | Artificial Intelligence | Computer Vision | Natural Language Processing,0.270285 | 0.253881 | 0.253692 | 0.245600 | 0.241409
tfidf,Weng-Fai Wong,Artificial Intelligence | Databases | Machine Learning,Databases,0.392895,Databases | Data Mining | The Web & Information Retrieval,0.392895 | 0.358807 | 0.352300,Databases | Data Mining | The Web & Information Retrieval | Artificial Intelligence | Machine Learning,0.392895 | 0.358807 | 0.352300 | 0.340559 | 0.337482
tfidf,Wengong Jin,Computer Vision | Machine Learning,Computer Graphics,0.384719,Computer Graphics | Computer Vision | Machine Learning,0.384719 | 0.382649 | 0.380877,Computer Graphics | Computer Vision | Machine Learning | Data Mining | Artificial Intelligence,0.384719 | 0.382649 | 0.380877 | 0.380402 | 0.378631
tfidf,Wenhu Chen,Artificial Intelligence | Computer Vision | Data Mining | Machine Learning | Natural Language Processing,Natural Language Processing,0.472372,Natural Language Processing | Computer Vision | Artificial Intelligence,0.472372 | 0.452548 | 0.446473,Natural Language Processing | Computer Vision | Artificial Intelligence | Machine Learning | The Web & Information Retrieval,0.472372 | 0.452548 | 0.446473 | 0.443527 | 0.436479
tfidf,Wenqi Jiang 0001,Data Mining | Databases | Machine Learning,Natural Language Processing,0.245796,Natural Language Processing | The Web & Information Retrieval | Databases,0.245796 | 0.245356 | 0.242063,Natural Language Processing | The Web & Information Retrieval | Databases | Data Mining | Artificial Intelligence,0.245796 | 0.245356 | 0.242063 | 0.241945 | 0.236526
tfidf,Wenzheng Xu,Artificial Intelligence,Databases,0.253919,Databases | The Web & Information Retrieval | Machine Learning,0.253919 | 0.251120 | 0.251096,Databases | The Web & Information Retrieval | Machine Learning | Artificial Intelligence | Data Mining,0.253919 | 0.251120 | 0.251096 | 0.250723 | 0.246812
tfidf,Wook-Shin Han,Artificial Intelligence | Computer Vision | Data Mining | Databases | Machine Learning | Natural Language Processing,Computer Graphics,0.191009,Computer Graphics | Computer Vision | Robotics,0.191009 | 0.186223 | 0.183441,Computer Graphics | Computer Vision | Robotics | Machine Learning | Artificial Intelligence,0.191009 | 0.186223 | 0.183441 | 0.182153 | 0.180418
tfidf,Xialei Liu,Artificial Intelligence | Computer Vision | Machine Learning,Computer Vision,0.308005,Computer Vision | Artificial Intelligence | Machine Learning,0.308005 | 0.306459 | 0.303940,Computer Vision | Artificial Intelligence | Machine Learning | Data Mining | Natural Language Processing,0.308005 | 0.306459 | 0.303940 | 0.301940 | 0.300445
tfidf,Xiang Ren 0001,Artificial Intelligence | Data Mining | Databases | Machine Learning | Natural Language Processing | The Web & Information Retrieval,Natural Language Processing,0.352689,Natural Language Processing | Human-Computer Interaction | Visualization,0.352689 | 0.350889 | 0.340653,Natural Language Processing | Human-Computer Interaction | Visualization | Machine Learning | Artificial Intelligence,0.352689 | 0.350889 | 0.340653 | 0.338703 | 0.337897
tfidf,Xiang Wang 0010,Artificial Intelligence | Computer Vision | Data Mining | Machine Learning | Natural Language Processing | Software Engineering | The Web & Information Retrieval,Computer Graphics,0.268979,Computer Graphics | Computer Vision | Natural Language Processing,0.268979 | 0.252638 | 0.243540,Computer Graphics | Computer Vision | Natural Language Processing | Robotics | Machine Learning,0.268979 | 0.252638 | 0.243540 | 0.241145 | 0.240147
tfidf,Xiangyu Yue 0001,Artificial Intelligence | Computer Vision | Machine Learning | Natural Language Processing | Robotics | The Web & Information Retrieval,Computer Vision,0.417729,Computer Vision | Natural Language Processing | Artificial Intelligence,0.417729 | 0.409964 | 0.408657,Computer Vision | Natural Language Processing | Artificial Intelligence | Machine Learning | Data Mining,0.417729 | 0.409964 | 0.408657 | 0.405430 | 0.400889
tfidf,Xiaodan Zhu 0001,Artificial Intelligence | Machine Learning | Natural Language Processing | The Web & Information Retrieval,Natural Language Processing,0.389959,Natural Language Processing | Artificial Intelligence | The Web & Information Retrieval,0.389959 | 0.378381 | 0.377846,Natural Language Processing | Artificial Intelligence | The Web & Information Retrieval | Machine Learning | Data Mining,0.389959 | 0.378381 | 0.377846 | 0.373932 | 0.371587
tfidf,Xiaofang Zhou 0001,Artificial Intelligence | Data Mining | Databases | Machine Learning | Natural Language Processing | The Web & Information Retrieval,Databases,0.302391,Databases | Data Mining | The Web & Information Retrieval,0.302391 | 0.267772 | 0.263198,Databases | Data Mining | The Web & Information Retrieval | Artificial Intelligence | Machine Learning,0.302391 | 0.267772 | 0.263198 | 0.248253 | 0.243390
tfidf,Xiaofeng Zhu 0001,Artificial Intelligence | Computer Vision | Machine Learning | Natural Language Processing,Computer Vision,0.341955,Computer Vision | Computer Graphics | Artificial Intelligence,0.341955 | 0.335615 | 0.332822,Computer Vision | Computer Graphics | Artificial Intelligence | Machine Learning | Robotics,0.341955 | 0.335615 | 0.332822 | 0.327997 | 0.325149
tfidf,Xiaokui Xiao,Artificial Intelligence | Computer Vision | Data Mining | Databases | Human-Computer Interaction | Machine Learning | Natural Language Processing | The Web & Information Retrieval,Databases,0.758195,Databases | Data Mining | The Web & Information Retrieval,0.758195 | 0.742658 | 0.734365,Databases | Data Mining | The Web & Information Retrieval | Artificial Intelligence | Machine Learning,0.758195 | 0.742658 | 0.734365 | 0.723358 | 0.720236
tfidf,Xiaoming Deng 0001,Artificial Intelligence | Computer Vision | Human-Computer Interaction | Visualization,Human-Computer Interaction,0.441646,Human-Computer Interaction | Computer Graphics | Computer Vision,0.441646 | 0.434682 | 0.429221,Human-Computer Interaction | Computer Graphics | Computer Vision | Robotics | Artificial Intelligence,0.441646 | 0.434682 | 0.429221 | 0.418184 | 0.417539
tfidf,Xin Huang 0001,Artificial Intelligence | Databases | The Web & Information Retrieval,Databases,0.538238,Databases | Data Mining | The Web & Information Retrieval,0.538238 | 0.507121 | 0.504115,Databases | Data Mining | The Web & Information Retrieval | Artificial Intelligence | Machine Learning,0.538238 | 0.507121 | 0.504115 | 0.483668 | 0.476651
tfidf,Xin Jin 0008,Databases | Human-Computer Interaction | Machine Learning | Software Engineering,Natural Language Processing,0.278057,Natural Language Processing | Artificial Intelligence | Machine Learning,0.278057 | 0.273166 | 0.272907,Natural Language Processing | Artificial Intelligence | Machine Learning | Computer Vision | Data Mining,0.278057 | 0.273166 | 0.272907 | 0.272483 | 0.271687
tfidf,Xin Wang 0035,Artificial Intelligence | Computer Vision | Data Mining | Machine Learning | Natural Language Processing | Robotics | The Web & Information Retrieval,Data Mining,0.235974,Data Mining | The Web & Information Retrieval | Natural Language Processing,0.235974 | 0.228648 | 0.219874,Data Mining | The Web & Information Retrieval | Natural Language Processing | Artificial Intelligence | Databases,0.235974 | 0.228648 | 0.219874 | 0.218142 | 0.214588
tfidf,Xingping Dong,Artificial Intelligence | Computer Vision,Computer Graphics,0.220397,Computer Graphics | Computer Vision | Robotics,0.220397 | 0.212831 | 0.206123,Computer Graphics | Computer Vision | Robotics | Artificial Intelligence | Machine Learning,0.220397 | 0.212831 | 0.206123 | 0.204314 | 0.201819
tfidf,Xingxing Zuo 0001,Artificial Intelligence | Computer Vision | Robotics,Robotics,0.389810,Robotics | Computer Graphics | Computer Vision,0.389810 | 0.377829 | 0.367562,Robotics | Computer Graphics | Computer Vision | Machine Learning | Artificial Intelligence,0.389810 | 0.377829 | 0.367562 | 0.351071 | 0.348825
tfidf,Xipeng Qiu,Artificial Intelligence | Computer Vision | Machine Learning | Natural Language Processing,Natural Language Processing,0.693417,Natural Language Processing | Artificial Intelligence | Machine Learning,0.693417 | 0.671728 | 0.668462,Natural Language Processing | Artificial Intelligence | Machine Learning | The Web & Information Retrieval | Computer Vision,0.693417 | 0.671728 | 0.668462 | 0.665043 | 0.663305
tfidf,Xiu Li 0001,Artificial Intelligence | Computer Vision | Data Mining | Machine Learning | Natural Language Processing | Robotics | The Web & Information Retrieval,Robotics,0.275249,Robotics | Computer Graphics | Machine Learning,0.275249 | 0.267835 | 0.267002,Robotics | Computer Graphics | Machine Learning | Artificial Intelligence | Computer Vision,0.275249 | 0.267835 | 0.267002 | 0.263777 | 0.263206
tfidf,Xiucheng Li,Artificial Intelligence | Data Mining | Databases | Machine Learning | The Web & Information Retrieval,Databases,0.248861,Databases | Data Mining | The Web & Information Retrieval,0.248861 | 0.245193 | 0.235680,Databases | Data Mining | The Web & Information Retrieval | Artificial Intelligence | Software Engineering,0.248861 | 0.245193 | 0.235680 | 0.227401 | 0.224247
tfidf,Xu Chen 0017,Artificial Intelligence | Data Mining | Databases | Machine Learning | Natural Language Processing | The Web & Information Retrieval,Data Mining,0.456025,Data Mining | The Web & Information Retrieval | Natural Language Processing,0.456025 | 0.453524 | 0.443075,Data Mining | The Web & Information Retrieval | Natural Language Processing | Databases | Artificial Intelligence,0.456025 | 0.453524 | 0.443075 | 0.442595 | 0.442536
tfidf,Xu Han 0007,Artificial Intelligence | Computer Vision | Machine Learning | Natural Language Processing,Natural Language Processing,0.406498,Natural Language Processing | Artificial Intelligence | Machine Learning,0.406498 | 0.396514 | 0.395662,Natural Language Processing | Artificial Intelligence | Machine Learning | Data Mining | The Web & Information Retrieval,0.406498 | 0.396514 | 0.395662 | 0.395645 | 0.394195
tfidf,Xu Sun 0001,Artificial Intelligence | Computer Vision | Machine Learning | Natural Language Processing,Natural Language Processing,0.318381,Natural Language Processing | Artificial Intelligence | Computer Vision,0.318381 | 0.301776 | 0.300375,Natural Language Processing | Artificial Intelligence | Computer Vision | The Web & Information Retrieval | Data Mining,0.318381 | 0.301776 | 0.300375 | 0.299350 | 0.298764
tfidf,Xuan Yang,Artificial Intelligence | Computer Vision | Machine Learning,Machine Learning,0.338451,Machine Learning | Computer Vision | Artificial Intelligence,0.338451 | 0.335590 | 0.334409,Machine Learning | Computer Vision | Artificial Intelligence | Natural Language Processing | Data Mining,0.338451 | 0.335590 | 0.334409 | 0.333285 | 0.330943
tfidf,Xue (Steve) Liu,Artificial Intelligence | Data Mining | Human-Computer Interaction | Machine Learning | Natural Language Processing | Robotics | The Web & Information Retrieval,Databases,0.269726,Databases | The Web & Information Retrieval | Artificial Intelligence,0.269726 | 0.268676 | 0.263954,Databases | The Web & Information Retrieval | Artificial Intelligence | Machine Learning | Natural Language Processing,0.269726 | 0.268676 | 0.263954 | 0.261673 | 0.258325
tfidf,Xue Bin Peng,Computer Graphics | Computer Vision | Machine Learning | Robotics,Robotics,0.371785,Robotics | Computer Graphics | Human-Computer Interaction,0.371785 | 0.368603 | 0.365594,Robotics | Computer Graphics | Human-Computer Interaction | Computer Vision | Machine Learning,0.371785 | 0.368603 | 0.365594 | 0.354887 | 0.346790
tfidf,Xuejin Chen,Artificial Intelligence | Computer Graphics | Computer Vision | Machine Learning,Computer Graphics,0.245304,Computer Graphics | Computer Vision | Robotics,0.245304 | 0.230542 | 0.221629,Computer Graphics | Computer Vision | Robotics | Artificial Intelligence | Machine Learning,0.245304 | 0.230542 | 0.221629 | 0.216165 | 0.215567
tfidf,Xuemeng Song,Artificial Intelligence | Computer Vision | Machine Learning | Natural Language Processing | The Web & Information Retrieval,Data Mining,0.225685,Data Mining | Natural Language Processing | The Web & Information Retrieval,0.225685 | 0.224430 | 0.217860,Data Mining | Natural Language Processing | The Web & Information Retrieval | Artificial Intelligence | Computer Vision,0.225685 | 0.224430 | 0.217860 | 0.216385 | 0.215406
tfidf,Xuesong Lu,Robotics | The Web & Information Retrieval,Databases,0.188136,Databases | Data Mining | The Web & Information Retrieval,0.188136 | 0.180593 | 0.176912,Databases | Data Mining | The Web & Information Retrieval | Software Engineering | Artificial Intelligence,0.188136 | 0.180593 | 0.176912 | 0.169681 | 0.169014
tfidf,Xujie Si,Artificial Intelligence | Computer Vision | Machine Learning | Natural Language Processing | Software Engineering,Natural Language Processing,0.366684,Natural Language Processing | Artificial Intelligence | The Web & Information Retrieval,0.366684 | 0.358829 | 0.357875,Natural Language Processing | Artificial Intelligence | The Web & Information Retrieval | Machine Learning | Data Mining,0.366684 | 0.358829 | 0.357875 | 0.356167 | 0.354986
tfidf,Yan Zheng 0002,Artificial Intelligence | Computer Vision | Machine Learning | Natural Language Processing | Software Engineering | The Web & Information Retrieval,Natural Language Processing,0.255910,Natural Language Processing | Robotics | The Web & Information Retrieval,0.255910 | 0.245324 | 0.244886,Natural Language Processing | Robotics | The Web & Information Retrieval | Artificial Intelligence | Data Mining,0.255910 | 0.245324 | 0.244886 | 0.244038 | 0.241587
tfidf,Yandong Wen,Computer Graphics | Computer Vision | Machine Learning,Natural Language Processing,0.201283,Natural Language Processing | Machine Learning | Artificial Intelligence,0.201283 | 0.197685 | 0.196804,Natural Language Processing | Machine Learning | Artificial Intelligence | Computer Vision | Data Mining,0.201283 | 0.197685 | 0.196804 | 0.195887 | 0.192767
tfidf,Yang Deng 0002,Artificial Intelligence | Natural Language Processing | The Web & Information Retrieval,Natural Language Processing,0.326575,Natural Language Processing | The Web & Information Retrieval | Data Mining,0.326575 | 0.323511 | 0.316977,Natural Language Processing | The Web & Information Retrieval | Data Mining | Databases | Artificial Intelligence,0.326575 | 0.323511 | 0.316977 | 0.306316 | 0.297846
tfidf,Yang Gao 0029,Artificial Intelligence | Computer Vision | Machine Learning | Robotics,Robotics,0.503056,Robotics | Artificial Intelligence | Machine Learning,0.503056 | 0.496531 | 0.495951,Robotics | Artificial Intelligence | Machine Learning | Computer Vision | Natural Language Processing,0.503056 | 0.496531 | 0.495951 | 0.489572 | 0.488351
tfidf,Yang Hua 0001,Artificial Intelligence | Computer Vision | Data Mining | Machine Learning,Computer Vision,0.268292,Computer Vision | Robotics | Artificial Intelligence,0.268292 | 0.259138 | 0.255436,Computer Vision | Robotics | Artificial Intelligence | Computer Graphics | Machine Learning,0.268292 | 0.259138 | 0.255436 | 0.255093 | 0.251807
tfidf,Yang Liu 0005,Artificial Intelligence | Computer Vision | Data Mining | Machine Learning | Natural Language Processing,Data Mining,0.367891,Data Mining | Artificial Intelligence | Machine Learning,0.367891 | 0.360557 | 0.360500,Data Mining | Artificial Intelligence | Machine Learning | Natural Language Processing | Computer Vision,0.367891 | 0.360557 | 0.360500 | 0.359907 | 0.358402
tfidf,Yang Liu 0084,Computer Vision,Natural Language Processing,0.292229,Natural Language Processing | Computer Vision | Artificial Intelligence,0.292229 | 0.291491 | 0.286525,Natural Language Processing | Computer Vision | Artificial Intelligence | Robotics | The Web & Information Retrieval,0.292229 | 0.291491 | 0.286525 | 0.285130 | 0.280697
tfidf,Yang Yang 0002,Artificial Intelligence | Computer Vision | Human-Computer Interaction | Machine Learning | Natural Language Processing | Robotics | The Web & Information Retrieval,Computer Vision,0.465188,Computer Vision | Natural Language Processing | Artificial Intelligence,0.465188 | 0.461712 | 0.461222,Computer Vision | Natural Language Processing | Artificial Intelligence | Human-Computer Interaction | The Web & Information Retrieval,0.465188 | 0.461712 | 0.461222 | 0.458952 | 0.456664
tfidf,Yang Yang 0009,Artificial Intelligence | Computer Vision | Data Mining | Machine Learning | Natural Language Processing | The Web & Information Retrieval,Computer Vision,0.316066,Computer Vision | Artificial Intelligence | Machine Learning,0.316066 | 0.304750 | 0.301916,Computer Vision | Artificial Intelligence | Machine Learning | Robotics | Human-Computer Interaction,0.316066 | 0.304750 | 0.301916 | 0.300264 | 0.294757
tfidf,Yanning Zhang 0001,Artificial Intelligence | Computer Vision | Machine Learning,Computer Vision,0.201049,Computer Vision | Artificial Intelligence | Machine Learning,0.201049 | 0.192519 | 0.189667,Computer Vision | Artificial Intelligence | Machine Learning | Robotics | Human-Computer Interaction,0.201049 | 0.192519 | 0.189667 | 0.187568 | 0.178374
tfidf,Yanyan Zhao,Artificial Intelligence | Machine Learning | Natural Language Processing,Natural Language Processing,0.163881,Natural Language Processing | The Web & Information Retrieval | Software Engineering,0.163881 | 0.154986 | 0.153989,Natural Language Processing | The Web & Information Retrieval | Software Engineering | Data Mining | Artificial Intelligence,0.163881 | 0.154986 | 0.153989 | 0.153404 | 0.148049
tfidf,Yao-Xiang Ding 0001,Artificial Intelligence | Computer Graphics | Data Mining | Machine Learning,Machine Learning,0.393085,Machine Learning | Artificial Intelligence | Data Mining,0.393085 | 0.391179 | 0.386831,Machine Learning | Artificial Intelligence | Data Mining | The Web & Information Retrieval | Databases,0.393085 | 0.391179 | 0.386831 | 0.380547 | 0.377762
tfidf,Yaodong Yu,Artificial Intelligence | Computer Vision | Machine Learning | Natural Language Processing,Computer Vision,0.398182,Computer Vision | Machine Learning | Artificial Intelligence,0.398182 | 0.397184 | 0.392778,Computer Vision | Machine Learning | Artificial Intelligence | Natural Language Processing | Data Mining,0.398182 | 0.397184 | 0.392778 | 0.389781 | 0.380844
tfidf,Yaoliang Yu,Artificial Intelligence | Computer Vision | Data Mining | Machine Learning | Natural Language Processing,Machine Learning,0.704613,Machine Learning | Artificial Intelligence | Data Mining,0.704613 | 0.697235 | 0.682958,Machine Learning | Artificial Intelligence | Data Mining | Natural Language Processing | Computer Vision,0.704613 | 0.697235 | 0.682958 | 0.681649 | 0.675859
tfidf,Yapeng Tian,Artificial Intelligence | Computer Vision | Human-Computer Interaction | Machine Learning | Natural Language Processing,Computer Vision,0.228827,Computer Vision | Robotics | Computer Graphics,0.228827 | 0.228143 | 0.217453,Computer Vision | Robotics | Computer Graphics | Natural Language Processing | Artificial Intelligence,0.228827 | 0.228143 | 0.217453 | 0.216622 | 0.216561
tfidf,Yaqian Zhou 0001,Artificial Intelligence | Machine Learning | Natural Language Processing,Natural Language Processing,0.282462,Natural Language Processing | The Web & Information Retrieval | Data Mining,0.282462 | 0.273753 | 0.273037,Natural Language Processing | The Web & Information Retrieval | Data Mining | Databases | Artificial Intelligence,0.282462 | 0.273753 | 0.273037 | 0.272199 | 0.266631
tfidf,Yaron Lipman,Computer Graphics | Computer Vision | Machine Learning,Machine Learning,0.644626,Machine Learning | Artificial Intelligence | Computer Vision,0.644626 | 0.634616 | 0.634517,Machine Learning | Artificial Intelligence | Computer Vision | Computer Graphics | Robotics,0.644626 | 0.634616 | 0.634517 | 0.631813 | 0.621428
tfidf,Yi Fang 0006,Artificial Intelligence | Computer Graphics | Computer Vision | Machine Learning | Robotics,Computer Graphics,0.552718,Computer Graphics | Computer Vision | Robotics,0.552718 | 0.535844 | 0.534963,Computer Graphics | Computer Vision | Robotics | Machine Learning | Artificial Intelligence,0.552718 | 0.535844 | 0.534963 | 0.517204 | 0.515087
tfidf,Yi Liu 0059,Data Mining | Machine Learning,Data Mining,0.356569,Data Mining | Machine Learning | Artificial Intelligence,0.356569 | 0.348005 | 0.346146,Data Mining | Machine Learning | Artificial Intelligence | Computer Vision | The Web & Information Retrieval,0.356569 | 0.348005 | 0.346146 | 0.345884 | 0.343730
tfidf,Yi Wang 0003,Computer Vision,Databases,0.203022,Databases | Visualization | The Web & Information Retrieval,0.203022 | 0.195067 | 0.172313,Databases | Visualization | The Web & Information Retrieval | Data Mining | Artificial Intelligence,0.203022 | 0.195067 | 0.172313 | 0.164948 | 0.163360
tfidf,Yi Yu 0001,Artificial Intelligence,Computer Vision,0.204793,Computer Vision | Artificial Intelligence | Computer Graphics,0.204793 | 0.197425 | 0.196974,Computer Vision | Artificial Intelligence | Computer Graphics | Machine Learning | Robotics,0.204793 | 0.197425 | 0.196974 | 0.194895 | 0.194539
tfidf,Yichao Yan,Artificial Intelligence | Computer Vision | Machine Learning,Computer Graphics,0.344925,Computer Graphics | Computer Vision | Artificial Intelligence,0.344925 | 0.338912 | 0.327094,Computer Graphics | Computer Vision | Artificial Intelligence | Machine Learning | Robotics,0.344925 | 0.338912 | 0.327094 | 0.326686 | 0.324944
tfidf,Yifan Chen 0004,Artificial Intelligence | Machine Learning | Natural Language Processing,Artificial Intelligence,0.376277,Artificial Intelligence | Machine Learning | Natural Language Processing,0.376277 | 0.375758 | 0.373953,Artificial Intelligence | Machine Learning | Natural Language Processing | Computer Vision | Data Mining,0.376277 | 0.375758 | 0.373953 | 0.373257 | 0.372869
tfidf,Yifan Zhu 0020,Robotics,Robotics,0.248400,Robotics | Computer Graphics | Machine Learning,0.248400 | 0.231512 | 0.229427,Robotics | Computer Graphics | Machine Learning | Computer Vision | Artificial Intelligence,0.248400 | 0.231512 | 0.229427 | 0.227756 | 0.225814
tfidf,Ying Wei 0001,Artificial Intelligence | Computer Vision | Data Mining | Machine Learning | Natural Language Processing | The Web & Information Retrieval,Natural Language Processing,0.294809,Natural Language Processing | Machine Learning | Data Mining,0.294809 | 0.294082 | 0.293752,Natural Language Processing | Machine Learning | Data Mining | Artificial Intelligence | Computer Vision,0.294809 | 0.294082 | 0.293752 | 0.293346 | 0.288044
tfidf,Yingcai Wu,Artificial Intelligence | Data Mining | Human-Computer Interaction | Visualization,Human-Computer Interaction,0.235425,Human-Computer Interaction | Visualization | Databases,0.235425 | 0.234359 | 0.225315,Human-Computer Interaction | Visualization | Databases | Software Engineering | The Web & Information Retrieval,0.235425 | 0.234359 | 0.225315 | 0.222599 | 0.217924
tfidf,Yingying Zhu 0004,Artificial Intelligence | Computer Vision | Natural Language Processing,Human-Computer Interaction,0.267257,Human-Computer Interaction | Computer Graphics | Computer Vision,0.267257 | 0.265615 | 0.265154,Human-Computer Interaction | Computer Graphics | Computer Vision | Machine Learning | Artificial Intelligence,0.267257 | 0.265615 | 0.265154 | 0.263998 | 0.263373
tfidf,Yipeng Qin,Artificial Intelligence | Computer Graphics | Computer Vision | Human-Computer Interaction | Machine Learning,Computer Graphics,0.422634,Computer Graphics | Computer Vision | Robotics,0.422634 | 0.399574 | 0.384132,Computer Graphics | Computer Vision | Robotics | Artificial Intelligence | Machine Learning,0.422634 | 0.399574 | 0.384132 | 0.378721 | 0.378227
tfidf,Yiqun Liu 0001,Artificial Intelligence | Computer Vision | Data Mining | Human-Computer Interaction | Machine Learning | Natural Language Processing | The Web & Information Retrieval,The Web & Information Retrieval,0.450536,The Web & Information Retrieval | Natural Language Processing | Data Mining,0.450536 | 0.406858 | 0.392706,The Web & Information Retrieval | Natural Language Processing | Data Mining | Databases | Artificial Intelligence,0.450536 | 0.406858 | 0.392706 | 0.374485 | 0.372530
tfidf,Yiwei Wang 0001,Artificial Intelligence | Computer Vision | Data Mining | Machine Learning | Natural Language Processing | The Web & Information Retrieval,Natural Language Processing,0.450647,Natural Language Processing | Data Mining | The Web & Information Retrieval,0.450647 | 0.444477 | 0.443836,Natural Language Processing | Data Mining | The Web & Information Retrieval | Databases | Artificial Intelligence,0.450647 | 0.444477 | 0.443836 | 0.424437 | 0.424422
tfidf,Yoav Artzi,Computer Vision | Machine Learning | Natural Language Processing | Robotics | The Web & Information Retrieval,Machine Learning,0.350021,Machine Learning | Computer Vision | Artificial Intelligence,0.350021 | 0.349994 | 0.348954,Machine Learning | Computer Vision | Artificial Intelligence | Natural Language Processing | Robotics,0.350021 | 0.349994 | 0.348954 | 0.348766 | 0.341853
tfidf,Yoav Goldberg,Machine Learning | Natural Language Processing,Natural Language Processing,0.642412,Natural Language Processing | Machine Learning | Artificial Intelligence,0.642412 | 0.632256 | 0.629109,Natural Language Processing | Machine Learning | Artificial Intelligence | Computer Vision | The Web & Information Retrieval,0.642412 | 0.632256 | 0.629109 | 0.619324 | 0.613543
tfidf,Yoav Y. Schechner,Computer Vision,Computer Graphics,0.256993,Computer Graphics | Robotics | Computer Vision,0.256993 | 0.256199 | 0.253835,Computer Graphics | Robotics | Computer Vision | Machine Learning | Artificial Intelligence,0.256993 | 0.256199 | 0.253835 | 0.253833 | 0.249288
tfidf,Yohan Jo,Machine Learning | Natural Language Processing,The Web & Information Retrieval,0.183489,The Web & Information Retrieval | Natural Language Processing | Human-Computer Interaction,0.183489 | 0.182039 | 0.178846,The Web & Information Retrieval | Natural Language Processing | Human-Computer Interaction | Artificial Intelligence | Data Mining,0.183489 | 0.182039 | 0.178846 | 0.177053 | 0.176639
tfidf,Yong Li 0008,Artificial Intelligence | Computer Vision | Data Mining | Human-Computer Interaction | Machine Learning | Natural Language Processing | The Web & Information Retrieval,The Web & Information Retrieval,0.325352,The Web & Information Retrieval | Data Mining | Natural Language Processing,0.325352 | 0.323432 | 0.315643,The Web & Information Retrieval | Data Mining | Natural Language Processing | Artificial Intelligence | Machine Learning,0.325352 | 0.323432 | 0.315643 | 0.312541 | 0.305751
tfidf,Yongchao Xu,Artificial Intelligence | Computer Vision | Robotics | The Web & Information Retrieval,Computer Vision,0.395704,Computer Vision | Artificial Intelligence | Robotics,0.395704 | 0.382770 | 0.381778,Computer Vision | Artificial Intelligence | Robotics | Machine Learning | Computer Graphics,0.395704 | 0.382770 | 0.381778 | 0.377663 | 0.377412
tfidf,Yongliang Shen 0001,Artificial Intelligence | Computer Vision | Machine Learning | Natural Language Processing | The Web & Information Retrieval,Natural Language Processing,0.245174,Natural Language Processing | Computer Vision | Artificial Intelligence,0.245174 | 0.239527 | 0.231546,Natural Language Processing | Computer Vision | Artificial Intelligence | Machine Learning | Robotics,0.245174 | 0.239527 | 0.231546 | 0.228743 | 0.226755
tfidf,Yoshua Bengio,Artificial Intelligence | Computer Vision | Machine Learning | Natural Language Processing | Robotics,Machine Learning,0.724697,Machine Learning | Artificial Intelligence | Natural Language Processing,0.724697 | 0.720125 | 0.714255,Machine Learning | Artificial Intelligence | Natural Language Processing | Computer Vision | Data Mining,0.724697 | 0.720125 | 0.714255 | 0.706877 | 0.703080
tfidf,Youngwoon Lee,Machine Learning | Robotics,Robotics,0.307973,Robotics | Machine Learning | Artificial Intelligence,0.307973 | 0.268003 | 0.264084,Robotics | Machine Learning | Artificial Intelligence | Computer Vision | Natural Language Processing,0.307973 | 0.268003 | 0.264084 | 0.261482 | 0.253657
tfidf,Yu Cheng 0001,Artificial Intelligence | Computer Vision | Machine Learning | Natural Language Processing,Natural Language Processing,0.370048,Natural Language Processing | Data Mining | Artificial Intelligence,0.370048 | 0.367494 | 0.362840,Natural Language Processing | Data Mining | Artificial Intelligence | Machine Learning | Computer Vision,0.370048 | 0.367494 | 0.362840 | 0.362062 | 0.358829
tfidf,Yu Cheng 0002,Artificial Intelligence | Machine Learning,Machine Learning,0.383044,Machine Learning | Artificial Intelligence | The Web & Information Retrieval,0.383044 | 0.378264 | 0.365091,Machine Learning | Artificial Intelligence | The Web & Information Retrieval | Data Mining | Robotics,0.383044 | 0.378264 | 0.365091 | 0.363437 | 0.360045
tfidf,Yu Hong,Artificial Intelligence | Computer Graphics | Computer Vision | Natural Language Processing,Computer Graphics,0.319557,Computer Graphics | Robotics | Computer Vision,0.319557 | 0.309568 | 0.306316,Computer Graphics | Robotics | Computer Vision | Artificial Intelligence | Machine Learning,0.319557 | 0.309568 | 0.306316 | 0.300305 | 0.299507
tfidf,Yu Meng 0001,Artificial Intelligence | Data Mining | Machine Learning | Natural Language Processing | The Web & Information Retrieval,Natural Language Processing,0.226776,Natural Language Processing | Machine Learning | Artificial Intelligence,0.226776 | 0.224444 | 0.222304,Natural Language Processing | Machine Learning | Artificial Intelligence | Computer Vision | The Web & Information Retrieval,0.226776 | 0.224444 | 0.222304 | 0.219806 | 0.217709
tfidf,Yu Qiao 0001,Artificial Intelligence | Computer Graphics | Computer Vision | Human-Computer Interaction | Machine Learning | Natural Language Processing | Robotics,Computer Vision,0.685509,Computer Vision | Artificial Intelligence | Machine Learning,0.685509 | 0.668563 | 0.666438,Computer Vision | Artificial Intelligence | Machine Learning | Robotics | Computer Graphics,0.685509 | 0.668563 | 0.666438 | 0.665516 | 0.661664
tfidf,Yu Su 0001,Artificial Intelligence | Computer Vision | Data Mining | Machine Learning | Natural Language Processing | The Web & Information Retrieval,Computer Vision,0.536321,Computer Vision | Natural Language Processing | Machine Learning,0.536321 | 0.536015 | 0.534248,Computer Vision | Natural Language Processing | Machine Learning | Artificial Intelligence | Data Mining,0.536321 | 0.536015 | 0.534248 | 0.534029 | 0.521334
tfidf,Yu-Ping Wang 0001,Computer Vision | Robotics | The Web & Information Retrieval,Databases,0.228838,Databases | Data Mining | The Web & Information Retrieval,0.228838 | 0.224074 | 0.220821,Databases | Data Mining | The Web & Information Retrieval | Artificial Intelligence | Machine Learning,0.228838 | 0.224074 | 0.220821 | 0.217001 | 0.215113
tfidf,Yuan Cao 0006,Artificial Intelligence | Machine Learning,Machine Learning,0.365972,Machine Learning | Artificial Intelligence | Data Mining,0.365972 | 0.361332 | 0.359644,Machine Learning | Artificial Intelligence | Data Mining | Computer Vision | Natural Language Processing,0.365972 | 0.361332 | 0.359644 | 0.352222 | 0.346458
tfidf,Yuan Jiang 0001,Artificial Intelligence | Data Mining | Machine Learning,Data Mining,0.407413,Data Mining | Artificial Intelligence | Machine Learning,0.407413 | 0.405714 | 0.404526,Data Mining | Artificial Intelligence | Machine Learning | The Web & Information Retrieval | Natural Language Processing,0.407413 | 0.405714 | 0.404526 | 0.395327 | 0.393519
tfidf,Yuan-Fang Li,Artificial Intelligence | Computer Vision | Machine Learning | Natural Language Processing | Robotics | The Web & Information Retrieval | Visualization,Natural Language Processing,0.250173,Natural Language Processing | The Web & Information Retrieval | Data Mining,0.250173 | 0.244958 | 0.241758,Natural Language Processing | The Web & Information Retrieval | Data Mining | Databases | Software Engineering,0.250173 | 0.244958 | 0.241758 | 0.233474 | 0.226498
tfidf,Yuankai Qi,Artificial Intelligence | Computer Vision | Machine Learning | Natural Language Processing,Computer Vision,0.552051,Computer Vision | Artificial Intelligence | Machine Learning,0.552051 | 0.545737 | 0.540023,Computer Vision | Artificial Intelligence | Machine Learning | Natural Language Processing | Data Mining,0.552051 | 0.545737 | 0.540023 | 0.537906 | 0.531328
tfidf,Yuanzhi Li,Artificial Intelligence | Machine Learning | Software Engineering,Machine Learning,0.731969,Machine Learning | Artificial Intelligence | Natural Language Processing,0.731969 | 0.721202 | 0.717858,Machine Learning | Artificial Intelligence | Natural Language Processing | Data Mining | Computer Vision,0.731969 | 0.721202 | 0.717858 | 0.704232 | 0.698158
tfidf,Yue Dong 0002,Artificial Intelligence | Machine Learning | Natural Language Processing,Natural Language Processing,0.343107,Natural Language Processing | Machine Learning | Artificial Intelligence,0.343107 | 0.330012 | 0.329810,Natural Language Processing | Machine Learning | Artificial Intelligence | The Web & Information Retrieval | Data Mining,0.343107 | 0.330012 | 0.329810 | 0.326629 | 0.324933
tfidf,Yue Jiang 0002,Computer Vision | Human-Computer Interaction,Human-Computer Interaction,0.370057,Human-Computer Interaction | Visualization | Machine Learning,0.370057 | 0.341904 | 0.332355,Human-Computer Interaction | Visualization | Machine Learning | Artificial Intelligence | Computer Vision,0.370057 | 0.341904 | 0.332355 | 0.331113 | 0.330230
tfidf,Yue Zhang 0025,Artificial Intelligence | Natural Language Processing | Software Engineering,Natural Language Processing,0.222879,Natural Language Processing | Computer Vision | Artificial Intelligence,0.222879 | 0.215923 | 0.215297,Natural Language Processing | Computer Vision | Artificial Intelligence | Data Mining | Machine Learning,0.222879 | 0.215923 | 0.215297 | 0.214543 | 0.211891
tfidf,Yueting Zhuang,Artificial Intelligence | Computer Vision | Machine Learning | Natural Language Processing | Robotics | The Web & Information Retrieval,Natural Language Processing,0.668817,Natural Language Processing | Artificial Intelligence | Computer Vision,0.668817 | 0.647700 | 0.647664,Natural Language Processing | Artificial Intelligence | Computer Vision | The Web & Information Retrieval | Data Mining,0.668817 | 0.647700 | 0.647664 | 0.641309 | 0.639340
tfidf,Yuexin Ma,Artificial Intelligence | Computer Graphics | Computer Vision | Machine Learning | Robotics,Computer Graphics,0.292657,Computer Graphics | Robotics | Computer Vision,0.292657 | 0.261092 | 0.252501,Computer Graphics | Robotics | Computer Vision | Human-Computer Interaction | Machine Learning,0.292657 | 0.261092 | 0.252501 | 0.244033 | 0.233757
tfidf,Yulia Tsvetkov,Machine Learning | Natural Language Processing | The Web & Information Retrieval,Natural Language Processing,0.704664,Natural Language Processing | The Web & Information Retrieval | Artificial Intelligence,0.704664 | 0.672621 | 0.668546,Natural Language Processing | The Web & Information Retrieval | Artificial Intelligence | Data Mining | Machine Learning,0.704664 | 0.672621 | 0.668546 | 0.667494 | 0.665906
tfidf,Yuntao Wang 0001,Human-Computer Interaction | Machine Learning,Human-Computer Interaction,0.599360,Human-Computer Interaction | Visualization | Robotics,0.599360 | 0.544933 | 0.529633,Human-Computer Interaction | Visualization | Robotics | Artificial Intelligence | Machine Learning,0.599360 | 0.544933 | 0.529633 | 0.520506 | 0.519681
tfidf,Yunzhu Li,Computer Vision | Machine Learning | Natural Language Processing | Robotics,Robotics,0.421658,Robotics | Computer Vision | Machine Learning,0.421658 | 0.386786 | 0.386460,Robotics | Computer Vision | Machine Learning | Artificial Intelligence | Computer Graphics,0.421658 | 0.386786 | 0.386460 | 0.380584 | 0.370747
tfidf,Yuval Dagan,Machine Learning,Machine Learning,0.388242,Machine Learning | Artificial Intelligence | Computer Vision,0.388242 | 0.380372 | 0.373904,Machine Learning | Artificial Intelligence | Computer Vision | Natural Language Processing | Data Mining,0.388242 | 0.380372 | 0.373904 | 0.366781 | 0.361756
tfidf,Yuyin Zhou,Artificial Intelligence | Computer Vision | Machine Learning,Computer Vision,0.349484,Computer Vision | Machine Learning | Artificial Intelligence,0.349484 | 0.346460 | 0.343650,Computer Vision | Machine Learning | Artificial Intelligence | Natural Language Processing | Robotics,0.349484 | 0.346460 | 0.343650 | 0.340869 | 0.333009
tfidf,Zahir Tari,The Web & Information Retrieval,Databases,0.226623,Databases | The Web & Information Retrieval | Artificial Intelligence,0.226623 | 0.224960 | 0.211923,Databases | The Web & Information Retrieval | Artificial Intelligence | Data Mining | Human-Computer Interaction,0.226623 | 0.224960 | 0.211923 | 0.211490 | 0.208208
tfidf,Zengfeng Huang,Artificial Intelligence | Data Mining | Databases | Machine Learning | Natural Language Processing | The Web & Information Retrieval,Databases,0.282893,Databases | Data Mining | Machine Learning,0.282893 | 0.275212 | 0.270986,Databases | Data Mining | Machine Learning | Artificial Intelligence | The Web & Information Retrieval,0.282893 | 0.275212 | 0.270986 | 0.270581 | 0.270173
tfidf,Zhedong Zheng,Artificial Intelligence | Computer Vision | Natural Language Processing | Robotics | The Web & Information Retrieval,Computer Vision,0.313874,Computer Vision | Robotics | Artificial Intelligence,0.313874 | 0.306542 | 0.303236,Computer Vision | Robotics | Artificial Intelligence | Machine Learning | Computer Graphics,0.313874 | 0.306542 | 0.303236 | 0.301287 | 0.300802
tfidf,Zhen Xiang,Computer Vision | Machine Learning | Natural Language Processing | Robotics,Natural Language Processing,0.238297,Natural Language Processing | The Web & Information Retrieval | Artificial Intelligence,0.238297 | 0.235097 | 0.235009,Natural Language Processing | The Web & Information Retrieval | Artificial Intelligence | Machine Learning | Software Engineering,0.238297 | 0.235097 | 0.235009 | 0.229680 | 0.229373
tfidf,Zheng Yuan 0003,Natural Language Processing,Natural Language Processing,0.299660,Natural Language Processing | Artificial Intelligence | Machine Learning,0.299660 | 0.291990 | 0.291741,Natural Language Processing | Artificial Intelligence | Machine Learning | The Web & Information Retrieval | Data Mining,0.299660 | 0.291990 | 0.291741 | 0.290220 | 0.286504
tfidf,Zhenglong Sun 0001,Computer Vision | Robotics,Robotics,0.211179,Robotics | Human-Computer Interaction | Machine Learning,0.211179 | 0.197122 | 0.192606,Robotics | Human-Computer Interaction | Machine Learning | Artificial Intelligence | Computer Vision,0.211179 | 0.197122 | 0.192606 | 0.192143 | 0.190941
tfidf,Zhenyu He 0001,Artificial Intelligence | Computer Vision | Robotics,Computer Vision,0.259452,Computer Vision | Robotics | Artificial Intelligence,0.259452 | 0.254068 | 0.247705,Computer Vision | Robotics | Artificial Intelligence | Machine Learning | Computer Graphics,0.259452 | 0.254068 | 0.247705 | 0.243390 | 0.243390
tfidf,Zhenyu Zhang 0005,Artificial Intelligence | Computer Graphics | Computer Vision | Machine Learning | Robotics,Computer Graphics,0.286024,Computer Graphics | Computer Vision | Robotics,0.286024 | 0.268543 | 0.253693,Computer Graphics | Computer Vision | Robotics | Artificial Intelligence | Machine Learning,0.286024 | 0.268543 | 0.253693 | 0.250326 | 0.247880
tfidf,Zhi Jin,Artificial Intelligence | Computer Vision | Machine Learning,Computer Vision,0.183967,Computer Vision | Artificial Intelligence | Robotics,0.183967 | 0.172719 | 0.171078,Computer Vision | Artificial Intelligence | Robotics | Human-Computer Interaction | Machine Learning,0.183967 | 0.172719 | 0.171078 | 0.168765 | 0.167163
tfidf,Zhiru Zhang,Computer Vision | Machine Learning | Natural Language Processing,Machine Learning,0.231152,Machine Learning | Artificial Intelligence | Databases,0.231152 | 0.227776 | 0.222963,Machine Learning | Artificial Intelligence | Databases | Natural Language Processing | Computer Vision,0.231152 | 0.227776 | 0.222963 | 0.220746 | 0.218845
tfidf,Zhiwei Zhao,Artificial Intelligence,Computer Vision,0.238782,Computer Vision | Computer Graphics | Artificial Intelligence,0.238782 | 0.234279 | 0.226519,Computer Vision | Computer Graphics | Artificial Intelligence | Machine Learning | Robotics,0.238782 | 0.234279 | 0.226519 | 0.224386 | 0.224151
tfidf,Zhiyuan Yu 0001,Computer Vision | Machine Learning,Robotics,0.226872,Robotics | Computer Vision | Artificial Intelligence,0.226872 | 0.218999 | 0.218174,Robotics | Computer Vision | Artificial Intelligence | Machine Learning | Natural Language Processing,0.226872 | 0.218999 | 0.218174 | 0.217068 | 0.210599
tfidf,Ziqiao Wang,Artificial Intelligence | Machine Learning | The Web & Information Retrieval,Machine Learning,0.407659,Machine Learning | Artificial Intelligence | Data Mining,0.407659 | 0.405360 | 0.398625,Machine Learning | Artificial Intelligence | Data Mining | Computer Vision | Natural Language Processing,0.407659 | 0.405360 | 0.398625 | 0.390302 | 0.389542
tfidf,Ziyang Li 0002,Artificial Intelligence | Machine Learning,Computer Vision,0.222726,Computer Vision | Robotics | Artificial Intelligence,0.222726 | 0.217907 | 0.217314,Computer Vision | Robotics | Artificial Intelligence | Machine Learning | Natural Language Processing,0.222726 | 0.217907 | 0.217314 | 0.216688 | 0.216022
tfidf,Zuzana Kukelova,Computer Vision | Machine Learning | Robotics,Robotics,0.298112,Robotics | Computer Vision | Computer Graphics,0.298112 | 0.291655 | 0.291543,Robotics | Computer Vision | Computer Graphics | Machine Learning | Artificial Intelligence,0.298112 | 0.291655 | 0.291543 | 0.289146 | 0.287089
bertopic,A. Rupam Mahmood,Artificial Intelligence | Machine Learning | Robotics,Machine Learning,0.395424,Machine Learning | Robotics | Artificial Intelligence,0.395424 | 0.371897 | 0.360133,Machine Learning | Robotics | Artificial Intelligence | Data Mining | Natural Language Processing,0.395424 | 0.371897 | 0.360133 | 0.290086 | 0.276499
bertopic,Abhinav Gupta 0001,Artificial Intelligence | Computer Vision | Machine Learning | Robotics,Robotics,0.775417,Robotics | Computer Graphics | Computer Vision,0.775417 | 0.615716 | 0.609474,Robotics | Computer Graphics | Computer Vision | Machine Learning | Artificial Intelligence,0.775417 | 0.615716 | 0.609474 | 0.570365 | 0.550461
bertopic,Abhinav Verma 0001,Machine Learning,Robotics,0.312642,Robotics | Machine Learning | Artificial Intelligence,0.312642 | 0.303005 | 0.292589,Robotics | Machine Learning | Artificial Intelligence | Natural Language Processing | Data Mining,0.312642 | 0.303005 | 0.292589 | 0.249602 | 0.242653
bertopic,Adam R. Klivans,Machine Learning,Computer Vision,0.277232,Computer Vision | Machine Learning | Artificial Intelligence,0.277232 | 0.273905 | 0.262768,Computer Vision | Machine Learning | Artificial Intelligence | Computer Graphics | Data Mining,0.277232 | 0.273905 | 0.262768 | 0.261730 | 0.256468
bertopic,Adam Wierman,Artificial Intelligence | Machine Learning | The Web & Information Retrieval,Machine Learning,0.342053,Machine Learning | Artificial Intelligence | Robotics,0.342053 | 0.307507 | 0.272347,Machine Learning | Artificial Intelligence | Robotics | Data Mining | The Web & Information Retrieval,0.342053 | 0.307507 | 0.272347 | 0.260165 | 0.233927
bertopic,Aditya Shekhar Nittala,Human-Computer Interaction,Human-Computer Interaction,0.393160,Human-Computer Interaction | Computer Graphics | Robotics,0.393160 | 0.182072 | 0.174573,Human-Computer Interaction | Computer Graphics | Robotics | Visualization | Computer Vision,0.393160 | 0.182072 | 0.174573 | 0.161813 | 0.136877
bertopic,Adrian G. Bors,Artificial Intelligence | Computer Vision | Machine Learning,Computer Vision,0.363635,Computer Vision | Machine Learning | Artificial Intelligence,0.363635 | 0.359515 | 0.356714,Computer Vision | Machine Learning | Artificial Intelligence | Natural Language Processing | Data Mining,0.363635 | 0.359515 | 0.356714 | 0.339323 | 0.318336
bertopic,Adrian Hilton 0001,Computer Vision,Computer Graphics,0.499847,Computer Graphics | Computer Vision | Robotics,0.499847 | 0.297506 | 0.293127,Computer Graphics | Computer Vision | Robotics | Machine Learning | Artificial Intelligence,0.499847 | 0.297506 | 0.293127 | 0.212326 | 0.199334
bertopic,Adrian Weller,Artificial Intelligence | Computer Vision | Data Mining | Machine Learning | Natural Language Processing | The Web & Information Retrieval,Machine Learning,0.597026,Machine Learning | Data Mining | Artificial Intelligence,0.597026 | 0.592870 | 0.576800,Machine Learning | Data Mining | Artificial Intelligence | Natural Language Processing | The Web & Information Retrieval,0.597026 | 0.592870 | 0.576800 | 0.569004 | 0.543625
bertopic,Akshat Kumar,Artificial Intelligence | Machine Learning,Databases,0.339223,Databases | Software Engineering | Data Mining,0.339223 | 0.293147 | 0.291163,Databases | Software Engineering | Data Mining | The Web & Information Retrieval | Artificial Intelligence,0.339223 | 0.293147 | 0.291163 | 0.270596 | 0.252740
bertopic,Alan D. Fekete,Databases,Databases,0.359881,Databases | The Web & Information Retrieval | Data Mining,0.359881 | 0.205411 | 0.204535,Databases | The Web & Information Retrieval | Data Mining | Software Engineering | Visualization,0.359881 | 0.205411 | 0.204535 | 0.198080 | 0.188886
bertopic,Alane Suhr,Computer Vision | Machine Learning | Natural Language Processing,Software Engineering,0.570450,Software Engineering | Natural Language Processing | Computer Vision,0.570450 | 0.456509 | 0.432366,Software Engineering | Natural Language Processing | Computer Vision | Artificial Intelligence | Machine Learning,0.570450 | 0.456509 | 0.432366 | 0.431144 | 0.428698
bertopic,Alberto Quattrini Li,Robotics,Robotics,0.405183,Robotics | Human-Computer Interaction | Computer Vision,0.405183 | 0.251779 | 0.212045,Robotics | Human-Computer Interaction | Computer Vision | Artificial Intelligence | Machine Learning,0.405183 | 0.251779 | 0.212045 | 0.205837 | 0.203577
bertopic,Albrecht Schmidt 0001,Human-Computer Interaction,Visualization,0.398046,Visualization | Human-Computer Interaction | Natural Language Processing,0.398046 | 0.336213 | 0.213714,Visualization | Human-Computer Interaction | Natural Language Processing | The Web & Information Retrieval | Robotics,0.398046 | 0.336213 | 0.213714 | 0.199122 | 0.187947
bertopic,Aleksandar Bojchevski,Artificial Intelligence | Data Mining | Machine Learning,Natural Language Processing,0.178121,Natural Language Processing | Machine Learning | Computer Vision,0.178121 | 0.174557 | 0.166128,Natural Language Processing | Machine Learning | Computer Vision | Artificial Intelligence | Software Engineering,0.178121 | 0.174557 | 0.166128 | 0.162387 | 0.160149
bertopic,Alessandro Abate,Artificial Intelligence | Machine Learning,Natural Language Processing,0.298250,Natural Language Processing | Artificial Intelligence | Machine Learning,0.298250 | 0.261964 | 0.260320,Natural Language Processing | Artificial Intelligence | Machine Learning | Data Mining | The Web & Information Retrieval,0.298250 | 0.261964 | 0.260320 | 0.249220 | 0.245876
bertopic,Alexander G. Schwing,Artificial Intelligence | Computer Graphics | Computer Vision | Machine Learning | Robotics | The Web & Information Retrieval,Computer Graphics,0.766099,Computer Graphics | Computer Vision | Robotics,0.766099 | 0.727969 | 0.709273,Computer Graphics | Computer Vision | Robotics | Machine Learning | Artificial Intelligence,0.766099 | 0.727969 | 0.709273 | 0.655316 | 0.638125
bertopic,Alexander Olshevsky,Machine Learning,Data Mining,0.450129,Data Mining | The Web & Information Retrieval | Databases,0.450129 | 0.414832 | 0.375559,Data Mining | The Web & Information Retrieval | Databases | Artificial Intelligence | Machine Learning,0.450129 | 0.414832 | 0.375559 | 0.314223 | 0.307688
bertopic,Alexander Tong 0001,Machine Learning,Machine Learning,0.379917,Machine Learning | Artificial Intelligence | Computer Vision,0.379917 | 0.363981 | 0.357132,Machine Learning | Artificial Intelligence | Computer Vision | Data Mining | Robotics,0.379917 | 0.363981 | 0.357132 | 0.343841 | 0.329420
bertopic,Alexandra Birch,Artificial Intelligence | Machine Learning | Natural Language Processing,Data Mining,0.274804,Data Mining | Machine Learning | Computer Vision,0.274804 | 0.274331 | 0.271168,Data Mining | Machine Learning | Computer Vision | Artificial Intelligence | Natural Language Processing,0.274804 | 0.274331 | 0.271168 | 0.270539 | 0.270370
bertopic,Alexandre M. Bayen,Machine Learning | Robotics,Robotics,0.415043,Robotics | Computer Vision | Artificial Intelligence,0.415043 | 0.273221 | 0.271970,Robotics | Computer Vision | Artificial Intelligence | Human-Computer Interaction | Machine Learning,0.415043 | 0.273221 | 0.271970 | 0.271163 | 0.259447
bertopic,Alfons Kemper,Databases,Databases,0.512883,Databases | Software Engineering | Data Mining,0.512883 | 0.264034 | 0.232622,Databases | Software Engineering | Data Mining | Visualization | The Web & Information Retrieval,0.512883 | 0.264034 | 0.232622 | 0.212456 | 0.210678
bertopic,Ali Mahdavi-Amiri,Computer Graphics | Computer Vision | Machine Learning,Computer Graphics,0.691210,Computer Graphics | Computer Vision | Robotics,0.691210 | 0.564881 | 0.505036,Computer Graphics | Computer Vision | Robotics | Machine Learning | Artificial Intelligence,0.691210 | 0.564881 | 0.505036 | 0.473795 | 0.455271
bertopic,Alois C. Knoll,Artificial Intelligence | Computer Vision | Machine Learning | Robotics,Robotics,0.404564,Robotics | Computer Vision | Artificial Intelligence,0.404564 | 0.381670 | 0.335761,Robotics | Computer Vision | Artificial Intelligence | Computer Graphics | Machine Learning,0.404564 | 0.381670 | 0.335761 | 0.332968 | 0.330166
bertopic,Alán Aspuru-Guzik,Computer Vision | Machine Learning | Robotics,Robotics,0.338127,Robotics | Data Mining | Computer Vision,0.338127 | 0.296620 | 0.291097,Robotics | Data Mining | Computer Vision | Artificial Intelligence | Machine Learning,0.338127 | 0.296620 | 0.291097 | 0.285928 | 0.283182
bertopic,Amir-massoud Farahmand,Artificial Intelligence | Computer Vision | Machine Learning,Robotics,0.291341,Robotics | Machine Learning | Artificial Intelligence,0.291341 | 0.289616 | 0.269448,Robotics | Machine Learning | Artificial Intelligence | Data Mining | Natural Language Processing,0.291341 | 0.289616 | 0.269448 | 0.225513 | 0.222385
bertopic,Amnon Shashua,Computer Vision | Machine Learning | Natural Language Processing,Natural Language Processing,0.299122,Natural Language Processing | The Web & Information Retrieval | Artificial Intelligence,0.299122 | 0.249505 | 0.234024,Natural Language Processing | The Web & Information Retrieval | Artificial Intelligence | Machine Learning | Databases,0.299122 | 0.249505 | 0.234024 | 0.232903 | 0.229509
bertopic,Amrit Singh Bedi,Artificial Intelligence | Computer Vision | Machine Learning | Robotics,Natural Language Processing,0.524836,Natural Language Processing | Machine Learning | Artificial Intelligence,0.524836 | 0.501278 | 0.495827,Natural Language Processing | Machine Learning | Artificial Intelligence | Robotics | Data Mining,0.524836 | 0.501278 | 0.495827 | 0.472624 | 0.439893
bertopic,Andrea Tagliasacchi,Computer Graphics | Computer Vision | Machine Learning | Robotics,Computer Graphics,0.674137,Computer Graphics | Robotics | Computer Vision,0.674137 | 0.494387 | 0.492833,Computer Graphics | Robotics | Computer Vision | Machine Learning | Artificial Intelligence,0.674137 | 0.494387 | 0.492833 | 0.369983 | 0.351216
bertopic,Andreas Geiger 0001,Computer Graphics | Computer Vision | Machine Learning | Robotics,Computer Graphics,0.652910,Computer Graphics | Computer Vision | Robotics,0.652910 | 0.529049 | 0.486321,Computer Graphics | Computer Vision | Robotics | Machine Learning | Artificial Intelligence,0.652910 | 0.529049 | 0.486321 | 0.454273 | 0.428254
bertopic,Andrew Pavlo,Databases,Databases,0.458100,Databases | Software Engineering | Data Mining,0.458100 | 0.268025 | 0.233850,Databases | Software Engineering | Data Mining | The Web & Information Retrieval | Visualization,0.458100 | 0.268025 | 0.233850 | 0.216920 | 0.214419
bertopic,Anfeng Liu,Artificial Intelligence | Human-Computer Interaction,Computer Vision,0.373637,Computer Vision | Computer Graphics | Artificial Intelligence,0.373637 | 0.335061 | 0.329037,Computer Vision | Computer Graphics | Artificial Intelligence | Machine Learning | Natural Language Processing,0.373637 | 0.335061 | 0.329037 | 0.323134 | 0.311489
bertopic,Angela Dai,Computer Graphics | Computer Vision | Machine Learning,Computer Graphics,0.836404,Computer Graphics | Computer Vision | Robotics,0.836404 | 0.643792 | 0.619946,Computer Graphics | Computer Vision | Robotics | Machine Learning | Artificial Intelligence,0.836404 | 0.643792 | 0.619946 | 0.513692 | 0.492867
bertopic,Angjoo Kanazawa,Computer Graphics | Computer Vision | Machine Learning | Robotics,Computer Graphics,0.817080,Computer Graphics | Robotics | Computer Vision,0.817080 | 0.652261 | 0.633104,Computer Graphics | Robotics | Computer Vision | Machine Learning | Human-Computer Interaction,0.817080 | 0.652261 | 0.633104 | 0.503143 | 0.493099
bertopic,Anima Anandkumar,Artificial Intelligence | Computer Vision | Data Mining | Machine Learning | Natural Language Processing | Robotics,Computer Vision,0.748631,Computer Vision | Machine Learning | Artificial Intelligence,0.748631 | 0.725212 | 0.706421,Computer Vision | Machine Learning | Artificial Intelligence | Computer Graphics | Robotics,0.748631 | 0.725212 | 0.706421 | 0.690971 | 0.686030
bertopic,Anirban Chakraborty 0001,Artificial Intelligence | Computer Vision | Machine Learning,Computer Graphics,0.321030,Computer Graphics | Robotics | Computer Vision,0.321030 | 0.320908 | 0.291619,Computer Graphics | Robotics | Computer Vision | Machine Learning | Human-Computer Interaction,0.321030 | 0.320908 | 0.291619 | 0.229921 | 0.219046
bertopic,Anne Lauscher,Artificial Intelligence | Natural Language Processing,Natural Language Processing,0.439203,Natural Language Processing | The Web & Information Retrieval | Artificial Intelligence,0.439203 | 0.351517 | 0.346214,Natural Language Processing | The Web & Information Retrieval | Artificial Intelligence | Data Mining | Machine Learning,0.439203 | 0.351517 | 0.346214 | 0.333580 | 0.333242
bertopic,Anshumali Shrivastava,Artificial Intelligence | Data Mining | Databases | Human-Computer Interaction | Machine Learning | Robotics | The Web & Information Retrieval,Databases,0.634031,Databases | Data Mining | The Web & Information Retrieval,0.634031 | 0.548944 | 0.526547,Databases | Data Mining | The Web & Information Retrieval | Artificial Intelligence | Machine Learning,0.634031 | 0.548944 | 0.526547 | 0.499278 | 0.495185
bertopic,Antoine Bosselut,Artificial Intelligence | Computer Vision | Machine Learning | Natural Language Processing | The Web & Information Retrieval,Natural Language Processing,0.291047,Natural Language Processing | Machine Learning | The Web & Information Retrieval,0.291047 | 0.197399 | 0.192492,Natural Language Processing | Machine Learning | The Web & Information Retrieval | Artificial Intelligence | Data Mining,0.291047 | 0.197399 | 0.192492 | 0.188265 | 0.177983
bertopic,Antonino Furnari,Computer Vision | Machine Learning,Robotics,0.131973,Robotics | Computer Vision | Computer Graphics,0.131973 | 0.126881 | 0.109141,Robotics | Computer Vision | Computer Graphics | Human-Computer Interaction | Machine Learning,0.131973 | 0.126881 | 0.109141 | 0.105285 | 0.102284
bertopic,Antonio Krüger,Human-Computer Interaction | Natural Language Processing | Robotics,Human-Computer Interaction,0.488994,Human-Computer Interaction | Visualization | Robotics,0.488994 | 0.253028 | 0.187817,Human-Computer Interaction | Visualization | Robotics | Computer Graphics | Natural Language Processing,0.488994 | 0.253028 | 0.187817 | 0.140933 | 0.137015
bertopic,Antonio Torralba 0001,Computer Graphics | Computer Vision | Human-Computer Interaction | Machine Learning | Natural Language Processing | Robotics | The Web & Information Retrieval,Computer Vision,0.763843,Computer Vision | Robotics | Machine Learning,0.763843 | 0.731020 | 0.718180,Computer Vision | Robotics | Machine Learning | Computer Graphics | Artificial Intelligence,0.763843 | 0.731020 | 0.718180 | 0.711603 | 0.698283
bertopic,Antti Honkela,Machine Learning,Machine Learning,0.232683,Machine Learning | Databases | Artificial Intelligence,0.232683 | 0.223829 | 0.213335,Machine Learning | Databases | Artificial Intelligence | Computer Vision | Data Mining,0.232683 | 0.223829 | 0.213335 | 0.204624 | 0.197793
bertopic,Antti Oulasvirta,Computer Vision | Human-Computer Interaction | Robotics,Human-Computer Interaction,0.704582,Human-Computer Interaction | Visualization | Robotics,0.704582 | 0.621066 | 0.444790,Human-Computer Interaction | Visualization | Robotics | Natural Language Processing | Machine Learning,0.704582 | 0.621066 | 0.444790 | 0.437237 | 0.435877
bertopic,Antônio H. Ribeiro,Machine Learning,Machine Learning,0.251898,Machine Learning | Artificial Intelligence | Natural Language Processing,0.251898 | 0.233970 | 0.212985,Machine Learning | Artificial Intelligence | Natural Language Processing | Computer Vision | Software Engineering,0.251898 | 0.233970 | 0.212985 | 0.207062 | 0.204282
bertopic,Anuj Karpatne,Artificial Intelligence | Computer Vision | Data Mining | Machine Learning,Computer Vision,0.251900,Computer Vision | Machine Learning | Artificial Intelligence,0.251900 | 0.232163 | 0.230370,Computer Vision | Machine Learning | Artificial Intelligence | Natural Language Processing | Software Engineering,0.251900 | 0.232163 | 0.230370 | 0.225334 | 0.215920
bertopic,Ari Holtzman,Artificial Intelligence | Computer Vision | Machine Learning | Natural Language Processing,Natural Language Processing,0.320973,Natural Language Processing | Software Engineering | Machine Learning,0.320973 | 0.307078 | 0.275345,Natural Language Processing | Software Engineering | Machine Learning | The Web & Information Retrieval | Data Mining,0.320973 | 0.307078 | 0.275345 | 0.273925 | 0.273228
bertopic,Arianna Bisazza,Natural Language Processing,Natural Language Processing,0.370499,Natural Language Processing | The Web & Information Retrieval | Artificial Intelligence,0.370499 | 0.313037 | 0.273571,Natural Language Processing | The Web & Information Retrieval | Artificial Intelligence | Data Mining | Machine Learning,0.370499 | 0.313037 | 0.273571 | 0.269015 | 0.263644
bertopic,Arjen P. de Vries,Natural Language Processing | The Web & Information Retrieval,The Web & Information Retrieval,0.450974,The Web & Information Retrieval | Natural Language Processing | Human-Computer Interaction,0.450974 | 0.279197 | 0.250057,The Web & Information Retrieval | Natural Language Processing | Human-Computer Interaction | Data Mining | Artificial Intelligence,0.450974 | 0.279197 | 0.250057 | 0.246489 | 0.187246
bertopic,Arno Solin,Artificial Intelligence | Computer Vision | Machine Learning | The Web & Information Retrieval,Computer Graphics,0.323423,Computer Graphics | Computer Vision | Robotics,0.323423 | 0.310048 | 0.307947,Computer Graphics | Computer Vision | Robotics | Machine Learning | Artificial Intelligence,0.323423 | 0.310048 | 0.307947 | 0.303319 | 0.282174
bertopic,Ashok Cutkosky,Machine Learning,Machine Learning,0.344692,Machine Learning | Artificial Intelligence | Data Mining,0.344692 | 0.292948 | 0.251072,Machine Learning | Artificial Intelligence | Data Mining | The Web & Information Retrieval | Natural Language Processing,0.344692 | 0.292948 | 0.251072 | 0.218604 | 0.213572
bertopic,Ashton Anderson,Data Mining | Machine Learning | Natural Language Processing | The Web & Information Retrieval,Visualization,0.350592,Visualization | Human-Computer Interaction | Natural Language Processing,0.350592 | 0.317040 | 0.283641,Visualization | Human-Computer Interaction | Natural Language Processing | The Web & Information Retrieval | Artificial Intelligence,0.350592 | 0.317040 | 0.283641 | 0.272330 | 0.256600
bertopic,Asif Ekbal,Artificial Intelligence | Natural Language Processing | The Web & Information Retrieval,Natural Language Processing,0.275374,Natural Language Processing | The Web & Information Retrieval | Artificial Intelligence,0.275374 | 0.227501 | 0.219121,Natural Language Processing | The Web & Information Retrieval | Artificial Intelligence | Data Mining | Human-Computer Interaction,0.275374 | 0.227501 | 0.219121 | 0.213710 | 0.209269
bertopic,Avinash Sharma 0001,Computer Vision | Robotics,Robotics,0.281812,Robotics | Computer Graphics | Computer Vision,0.281812 | 0.280722 | 0.240513,Robotics | Computer Graphics | Computer Vision | Machine Learning | Artificial Intelligence,0.281812 | 0.280722 | 0.240513 | 0.194603 | 0.192037
bertopic,Avrim Blum,Artificial Intelligence | Machine Learning,Natural Language Processing,0.391546,Natural Language Processing | Artificial Intelligence | Machine Learning,0.391546 | 0.375138 | 0.372915,Natural Language Processing | Artificial Intelligence | Machine Learning | The Web & Information Retrieval | Data Mining,0.391546 | 0.375138 | 0.372915 | 0.368614 | 0.363132
bertopic,Baihua Zheng,Artificial Intelligence | Data Mining | Databases | Human-Computer Interaction | The Web & Information Retrieval,Databases,0.518864,Databases | Data Mining | The Web & Information Retrieval,0.518864 | 0.465257 | 0.432205,Databases | Data Mining | The Web & Information Retrieval | Artificial Intelligence | Machine Learning,0.518864 | 0.465257 | 0.432205 | 0.382125 | 0.361793
bertopic,Baowen Xu,Artificial Intelligence | Computer Vision | Natural Language Processing | Software Engineering,Natural Language Processing,0.422074,Natural Language Processing | Artificial Intelligence | Machine Learning,0.422074 | 0.361486 | 0.341764,Natural Language Processing | Artificial Intelligence | Machine Learning | The Web & Information Retrieval | Data Mining,0.422074 | 0.361486 | 0.341764 | 0.340456 | 0.338219
bertopic,Bart Selman,Artificial Intelligence | Machine Learning | Robotics,The Web & Information Retrieval,0.192083,The Web & Information Retrieval | Artificial Intelligence | Data Mining,0.192083 | 0.187587 | 0.178567,The Web & Information Retrieval | Artificial Intelligence | Data Mining | Machine Learning | Natural Language Processing,0.192083 | 0.187587 | 0.178567 | 0.173925 | 0.164955
bertopic,Benjamin M. Marlin,Data Mining | Human-Computer Interaction | Machine Learning | Robotics,Databases,0.404496,Databases | Visualization | The Web & Information Retrieval,0.404496 | 0.366454 | 0.358912,Databases | Visualization | The Web & Information Retrieval | Artificial Intelligence | Data Mining,0.404496 | 0.366454 | 0.358912 | 0.357398 | 0.349935
bertopic,Benyou Wang,Artificial Intelligence | Computer Vision | Machine Learning | Natural Language Processing | The Web & Information Retrieval,Natural Language Processing,0.241598,Natural Language Processing | Artificial Intelligence | Software Engineering,0.241598 | 0.187592 | 0.186820,Natural Language Processing | Artificial Intelligence | Software Engineering | The Web & Information Retrieval | Data Mining,0.241598 | 0.187592 | 0.186820 | 0.185988 | 0.184904
bertopic,Bernd Bischl,Machine Learning,Machine Learning,0.318877,Machine Learning | Artificial Intelligence | Data Mining,0.318877 | 0.303505 | 0.286369,Machine Learning | Artificial Intelligence | Data Mining | Human-Computer Interaction | Computer Vision,0.318877 | 0.303505 | 0.286369 | 0.284625 | 0.278150
bertopic,Bernhard Kainz,Artificial Intelligence | Computer Vision | Machine Learning,Computer Graphics,0.377085,Computer Graphics | Computer Vision | Machine Learning,0.377085 | 0.315730 | 0.260161,Computer Graphics | Computer Vision | Machine Learning | Robotics | Artificial Intelligence,0.377085 | 0.315730 | 0.260161 | 0.259238 | 0.253103
bertopic,Bhaskar Krishnamachari,Artificial Intelligence | Robotics,Human-Computer Interaction,0.123440,Human-Computer Interaction | Natural Language Processing | Robotics,0.123440 | 0.116333 | 0.114307,Human-Computer Interaction | Natural Language Processing | Robotics | Software Engineering | Artificial Intelligence,0.123440 | 0.116333 | 0.114307 | 0.110787 | 0.108863
bertopic,Bhiksha Raj,Artificial Intelligence | Computer Vision | Machine Learning | Natural Language Processing,Computer Vision,0.453761,Computer Vision | Machine Learning | Artificial Intelligence,0.453761 | 0.429121 | 0.423190,Computer Vision | Machine Learning | Artificial Intelligence | Data Mining | Natural Language Processing,0.453761 | 0.429121 | 0.423190 | 0.384505 | 0.379779
bertopic,Bijaya Adhikari,Artificial Intelligence | Data Mining | Machine Learning | The Web & Information Retrieval,Data Mining,0.455104,Data Mining | Databases | The Web & Information Retrieval,0.455104 | 0.447121 | 0.399450,Data Mining | Databases | The Web & Information Retrieval | Artificial Intelligence | Machine Learning,0.455104 | 0.447121 | 0.399450 | 0.359903 | 0.358176
bertopic,Bin Cui 0001,Artificial Intelligence | Computer Vision | Data Mining | Databases | Machine Learning | Natural Language Processing | The Web & Information Retrieval,Databases,0.619967,Databases | Data Mining | The Web & Information Retrieval,0.619967 | 0.576414 | 0.536473,Databases | Data Mining | The Web & Information Retrieval | Artificial Intelligence | Natural Language Processing,0.619967 | 0.576414 | 0.536473 | 0.463264 | 0.453902
bertopic,Bin Sheng 0001,Artificial Intelligence | Computer Vision,Databases,0.276082,Databases | Data Mining | Artificial Intelligence,0.276082 | 0.266491 | 0.257660,Databases | Data Mining | Artificial Intelligence | Computer Vision | Machine Learning,0.276082 | 0.266491 | 0.257660 | 0.246475 | 0.243274
bertopic,Bin Sun 0001,Artificial Intelligence | Computer Vision,Computer Vision,0.313342,Computer Vision | Artificial Intelligence | Machine Learning,0.313342 | 0.272383 | 0.252216,Computer Vision | Artificial Intelligence | Machine Learning | Robotics | Natural Language Processing,0.313342 | 0.272383 | 0.252216 | 0.228938 | 0.227165
bertopic,Bing Qin 0001,Artificial Intelligence | Data Mining | Machine Learning | Natural Language Processing | The Web & Information Retrieval,Natural Language Processing,0.462578,Natural Language Processing | Artificial Intelligence | Machine Learning,0.462578 | 0.386892 | 0.373952,Natural Language Processing | Artificial Intelligence | Machine Learning | The Web & Information Retrieval | Data Mining,0.462578 | 0.386892 | 0.373952 | 0.372279 | 0.361120
bertopic,Bingsheng He,Artificial Intelligence | Computer Vision | Data Mining | Databases | Machine Learning | Natural Language Processing | The Web & Information Retrieval,Databases,0.725354,Databases | Data Mining | The Web & Information Retrieval,0.725354 | 0.637515 | 0.588987,Databases | Data Mining | The Web & Information Retrieval | Artificial Intelligence | Machine Learning,0.725354 | 0.637515 | 0.588987 | 0.507594 | 0.477226
bertopic,Biwei Huang,Artificial Intelligence | Data Mining | Machine Learning,Data Mining,0.220790,Data Mining | Machine Learning | Artificial Intelligence,0.220790 | 0.212631 | 0.210859,Data Mining | Machine Learning | Artificial Intelligence | The Web & Information Retrieval | Visualization,0.220790 | 0.212631 | 0.210859 | 0.202484 | 0.199645
bertopic,Bo Li 0026,Artificial Intelligence | Computer Vision | Data Mining | Databases | Machine Learning | Natural Language Processing,Natural Language Processing,0.491884,Natural Language Processing | Software Engineering | The Web & Information Retrieval,0.491884 | 0.458639 | 0.445972,Natural Language Processing | Software Engineering | The Web & Information Retrieval | Data Mining | Artificial Intelligence,0.491884 | 0.458639 | 0.445972 | 0.445586 | 0.445460
bertopic,Bo Liu 0006,Artificial Intelligence | Machine Learning | Software Engineering,Robotics,0.294597,Robotics | Machine Learning | Artificial Intelligence,0.294597 | 0.273354 | 0.251179,Robotics | Machine Learning | Artificial Intelligence | Natural Language Processing | Data Mining,0.294597 | 0.273354 | 0.251179 | 0.206542 | 0.198562
bertopic,Boqing Gong,Artificial Intelligence | Computer Vision | Machine Learning | Natural Language Processing | Robotics | The Web & Information Retrieval,Computer Vision,0.771991,Computer Vision | Artificial Intelligence | Machine Learning,0.771991 | 0.711674 | 0.708347,Computer Vision | Artificial Intelligence | Machine Learning | Natural Language Processing | Robotics,0.771991 | 0.711674 | 0.708347 | 0.687031 | 0.649174
bertopic,Bowen Xu,Artificial Intelligence | Machine Learning | Robotics | Software Engineering,Machine Learning,0.121141,Machine Learning | Artificial Intelligence | Data Mining,0.121141 | 0.096906 | 0.086515,Machine Learning | Artificial Intelligence | Data Mining | Computer Vision | Natural Language Processing,0.121141 | 0.096906 | 0.086515 | 0.085943 | 0.082990
bertopic,Brian Bullins,Machine Learning,Machine Learning,0.232964,Machine Learning | Artificial Intelligence | Data Mining,0.232964 | 0.192723 | 0.172996,Machine Learning | Artificial Intelligence | Data Mining | Natural Language Processing | Databases,0.232964 | 0.192723 | 0.172996 | 0.139862 | 0.136311
bertopic,Brian Kulis,Artificial Intelligence | Computer Vision | Machine Learning,Machine Learning,0.251553,Machine Learning | Artificial Intelligence | Data Mining,0.251553 | 0.215040 | 0.185020,Machine Learning | Artificial Intelligence | Data Mining | Natural Language Processing | Computer Vision,0.251553 | 0.215040 | 0.185020 | 0.162545 | 0.161817
bertopic,Brian Logan 0001,Artificial Intelligence,Artificial Intelligence,0.176215,Artificial Intelligence | Robotics | Machine Learning,0.176215 | 0.165514 | 0.159369,Artificial Intelligence | Robotics | Machine Learning | Natural Language Processing | Data Mining,0.176215 | 0.165514 | 0.159369 | 0.145260 | 0.125978
bertopic,Byoung-Tak Zhang,Artificial Intelligence | Computer Vision | Machine Learning | Natural Language Processing | Robotics,Computer Vision,0.368604,Computer Vision | Natural Language Processing | Artificial Intelligence,0.368604 | 0.339607 | 0.339005,Computer Vision | Natural Language Processing | Artificial Intelligence | Machine Learning | Robotics,0.368604 | 0.339607 | 0.339005 | 0.325899 | 0.316400
bertopic,Byungjoo Lee,Human-Computer Interaction,Human-Computer Interaction,0.444804,Human-Computer Interaction | Machine Learning | Artificial Intelligence,0.444804 | 0.404308 | 0.402177,Human-Computer Interaction | Machine Learning | Artificial Intelligence | Robotics | Visualization,0.444804 | 0.404308 | 0.402177 | 0.397950 | 0.381909
bertopic,C. Karen Liu,Computer Graphics | Computer Vision | Machine Learning | Robotics,Robotics,0.618841,Robotics | Computer Graphics | Computer Vision,0.618841 | 0.560204 | 0.483998,Robotics | Computer Graphics | Computer Vision | Human-Computer Interaction | Machine Learning,0.618841 | 0.560204 | 0.483998 | 0.481526 | 0.421538
bertopic,C. V. Jawahar,Artificial Intelligence | Computer Vision | Machine Learning | Robotics,Robotics,0.252798,Robotics | Computer Vision | Machine Learning,0.252798 | 0.252316 | 0.211877,Robotics | Computer Vision | Machine Learning | Artificial Intelligence | Computer Graphics,0.252798 | 0.252316 | 0.211877 | 0.207419 | 0.206385
bertopic,Cameron Musco,Artificial Intelligence | Data Mining | Machine Learning | The Web & Information Retrieval,Data Mining,0.493728,Data Mining | Databases | The Web & Information Retrieval,0.493728 | 0.473034 | 0.459180,Data Mining | Databases | The Web & Information Retrieval | Artificial Intelligence | Machine Learning,0.493728 | 0.473034 | 0.459180 | 0.398772 | 0.393557
bertopic,Carl Yang 0001,Artificial Intelligence | Computer Vision | Data Mining | Databases | Machine Learning | Natural Language Processing | The Web & Information Retrieval,Data Mining,0.463480,Data Mining | Databases | The Web & Information Retrieval,0.463480 | 0.433284 | 0.424787,Data Mining | Databases | The Web & Information Retrieval | Artificial Intelligence | Natural Language Processing,0.463480 | 0.433284 | 0.424787 | 0.356473 | 0.353121
bertopic,Carla P. Gomes,Artificial Intelligence | Machine Learning,Machine Learning,0.554457,Machine Learning | Artificial Intelligence | Data Mining,0.554457 | 0.527997 | 0.523593,Machine Learning | Artificial Intelligence | Data Mining | Natural Language Processing | Computer Vision,0.554457 | 0.527997 | 0.523593 | 0.490529 | 0.481942
bertopic,Caroline Uhler,Computer Vision | Machine Learning,Machine Learning,0.390053,Machine Learning | Computer Vision | Artificial Intelligence,0.390053 | 0.388685 | 0.379856,Machine Learning | Computer Vision | Artificial Intelligence | Data Mining | Natural Language Processing,0.390053 | 0.388685 | 0.379856 | 0.376889 | 0.366070
bertopic,Carsten Binnig,Databases | Machine Learning,Databases,0.348221,Databases | Software Engineering | Data Mining,0.348221 | 0.261045 | 0.176226,Databases | Software Engineering | Data Mining | The Web & Information Retrieval | Artificial Intelligence,0.348221 | 0.261045 | 0.176226 | 0.161507 | 0.143828
bertopic,Cem Yuksel,Computer Graphics,Computer Graphics,0.284941,Computer Graphics | Machine Learning | Computer Vision,0.284941 | 0.186838 | 0.175068,Computer Graphics | Machine Learning | Computer Vision | Robotics | Visualization,0.284941 | 0.186838 | 0.175068 | 0.171122 | 0.164168
bertopic,Cewu Lu,Artificial Intelligence | Computer Graphics | Computer Vision | Data Mining | Machine Learning | Robotics,Robotics,0.687011,Robotics | Computer Graphics | Computer Vision,0.687011 | 0.490065 | 0.486430,Robotics | Computer Graphics | Computer Vision | Human-Computer Interaction | Machine Learning,0.687011 | 0.490065 | 0.486430 | 0.478490 | 0.443667
bertopic,Changyou Chen,Artificial Intelligence | Computer Vision | Machine Learning | Natural Language Processing | Robotics,Natural Language Processing,0.724294,Natural Language Processing | Machine Learning | Artificial Intelligence,0.724294 | 0.723970 | 0.722510,Natural Language Processing | Machine Learning | Artificial Intelligence | Computer Vision | Data Mining,0.724294 | 0.723970 | 0.722510 | 0.721924 | 0.683107
bertopic,Chao Huang 0001,Artificial Intelligence | Data Mining | Machine Learning | Natural Language Processing | The Web & Information Retrieval,Data Mining,0.274886,Data Mining | Databases | Machine Learning,0.274886 | 0.272841 | 0.264376,Data Mining | Databases | Machine Learning | Artificial Intelligence | Robotics,0.274886 | 0.272841 | 0.264376 | 0.263894 | 0.255430
bertopic,Chaowei Xiao,Artificial Intelligence | Computer Vision | Machine Learning | Natural Language Processing | Robotics,Natural Language Processing,0.482979,Natural Language Processing | Machine Learning | Artificial Intelligence,0.482979 | 0.470774 | 0.462421,Natural Language Processing | Machine Learning | Artificial Intelligence | Data Mining | Software Engineering,0.482979 | 0.470774 | 0.462421 | 0.445680 | 0.436208
bertopic,Chen Wang 0033,Artificial Intelligence | Computer Vision | Machine Learning | Robotics,Natural Language Processing,0.415759,Natural Language Processing | Artificial Intelligence | The Web & Information Retrieval,0.415759 | 0.391422 | 0.381390,Natural Language Processing | Artificial Intelligence | The Web & Information Retrieval | Machine Learning | Visualization,0.415759 | 0.391422 | 0.381390 | 0.379141 | 0.378610
bertopic,Chen Zhao 0013,Computer Vision | Machine Learning | Natural Language Processing | The Web & Information Retrieval | Visualization,Natural Language Processing,0.345151,Natural Language Processing | The Web & Information Retrieval | Artificial Intelligence,0.345151 | 0.284491 | 0.270351,Natural Language Processing | The Web & Information Retrieval | Artificial Intelligence | Software Engineering | Data Mining,0.345151 | 0.284491 | 0.270351 | 0.265195 | 0.260576
bertopic,Chenjuan Guo,Artificial Intelligence | Computer Vision | Data Mining | Databases | Machine Learning | Natural Language Processing | The Web & Information Retrieval,Databases,0.284598,Databases | Data Mining | Software Engineering,0.284598 | 0.270241 | 0.263521,Databases | Data Mining | Software Engineering | The Web & Information Retrieval | Artificial Intelligence,0.284598 | 0.270241 | 0.263521 | 0.244626 | 0.221876
bertopic,Chi Jin 0001,Machine Learning,Machine Learning,0.382087,Machine Learning | Artificial Intelligence | Data Mining,0.382087 | 0.337136 | 0.277037,Machine Learning | Artificial Intelligence | Data Mining | Robotics | Natural Language Processing,0.382087 | 0.337136 | 0.277037 | 0.273815 | 0.254265
bertopic,Chirag Shah 0001,Artificial Intelligence | Data Mining | Human-Computer Interaction | The Web & Information Retrieval,The Web & Information Retrieval,0.363281,The Web & Information Retrieval | Human-Computer Interaction | Natural Language Processing,0.363281 | 0.179883 | 0.179072,The Web & Information Retrieval | Human-Computer Interaction | Natural Language Processing | Data Mining | Artificial Intelligence,0.363281 | 0.179883 | 0.179072 | 0.158293 | 0.105029
bertopic,Chongxuan Li,Artificial Intelligence | Computer Vision | Machine Learning | Visualization,Computer Vision,0.313819,Computer Vision | Computer Graphics | Machine Learning,0.313819 | 0.305545 | 0.296143,Computer Vision | Computer Graphics | Machine Learning | Data Mining | Artificial Intelligence,0.313819 | 0.305545 | 0.296143 | 0.288337 | 0.287863
bertopic,Chongyi Li,Artificial Intelligence | Computer Vision | Machine Learning,Computer Vision,0.315196,Computer Vision | Robotics | Artificial Intelligence,0.315196 | 0.266973 | 0.259600,Computer Vision | Robotics | Artificial Intelligence | Computer Graphics | Machine Learning,0.315196 | 0.266973 | 0.259600 | 0.254698 | 0.243337
bertopic,Chris Callison-Burch,Artificial Intelligence | Computer Vision | Machine Learning | Natural Language Processing,Computer Vision,0.443666,Computer Vision | Natural Language Processing | Machine Learning,0.443666 | 0.441346 | 0.420431,Computer Vision | Natural Language Processing | Machine Learning | Artificial Intelligence | Software Engineering,0.443666 | 0.441346 | 0.420431 | 0.419757 | 0.391515
bertopic,Chris Piech,Artificial Intelligence | Machine Learning,Software Engineering,0.402297,Software Engineering | Natural Language Processing | Artificial Intelligence,0.402297 | 0.394538 | 0.390104,Software Engineering | Natural Language Processing | Artificial Intelligence | Machine Learning | Human-Computer Interaction,0.402297 | 0.394538 | 0.390104 | 0.384104 | 0.379294
bertopic,Christian A. Naesseth,Machine Learning,Machine Learning,0.330199,Machine Learning | Computer Vision | Artificial Intelligence,0.330199 | 0.308223 | 0.308145,Machine Learning | Computer Vision | Artificial Intelligence | Data Mining | Computer Graphics,0.330199 | 0.308223 | 0.308145 | 0.271142 | 0.270584
bertopic,Christina Lioma,Artificial Intelligence | Natural Language Processing | The Web & Information Retrieval,Natural Language Processing,0.351916,Natural Language Processing | The Web & Information Retrieval | Data Mining,0.351916 | 0.313581 | 0.301477,Natural Language Processing | The Web & Information Retrieval | Data Mining | Artificial Intelligence | Machine Learning,0.351916 | 0.313581 | 0.301477 | 0.293344 | 0.279793
bertopic,Christopher G. Lucas,Artificial Intelligence | Machine Learning | Natural Language Processing,Robotics,0.258985,Robotics | Human-Computer Interaction | Artificial Intelligence,0.258985 | 0.218020 | 0.202652,Robotics | Human-Computer Interaction | Artificial Intelligence | Computer Vision | Natural Language Processing,0.258985 | 0.218020 | 0.202652 | 0.202138 | 0.200429
bertopic,Christopher Peters 0001,Computer Vision | Robotics,Human-Computer Interaction,0.201938,Human-Computer Interaction | Natural Language Processing | Computer Graphics,0.201938 | 0.151091 | 0.150230,Human-Computer Interaction | Natural Language Processing | Computer Graphics | Computer Vision | Machine Learning,0.201938 | 0.151091 | 0.150230 | 0.148962 | 0.139351
bertopic,Christopher Potts,Machine Learning | Natural Language Processing | The Web & Information Retrieval,Natural Language Processing,0.510533,Natural Language Processing | Machine Learning | Artificial Intelligence,0.510533 | 0.481847 | 0.465450,Natural Language Processing | Machine Learning | Artificial Intelligence | Computer Vision | Data Mining,0.510533 | 0.481847 | 0.465450 | 0.453774 | 0.424786
bertopic,Christos Faloutsos,Artificial Intelligence | Data Mining | Databases | Machine Learning | Natural Language Processing | The Web & Information Retrieval | Visualization,Data Mining,0.461553,Data Mining | Databases | The Web & Information Retrieval,0.461553 | 0.438227 | 0.407972,Data Mining | Databases | The Web & Information Retrieval | Artificial Intelligence | Software Engineering,0.461553 | 0.438227 | 0.407972 | 0.337779 | 0.336887
bertopic,Chuan Shi 0001,Artificial Intelligence | Data Mining | Machine Learning | Natural Language Processing | The Web & Information Retrieval,Data Mining,0.439350,Data Mining | The Web & Information Retrieval | Databases,0.439350 | 0.393584 | 0.362093,Data Mining | The Web & Information Retrieval | Databases | Artificial Intelligence | Machine Learning,0.439350 | 0.393584 | 0.362093 | 0.336991 | 0.329900
bertopic,Chuang Gan 0001,Artificial Intelligence | Computer Vision | Machine Learning | Natural Language Processing | Robotics,Robotics,0.737705,Robotics | Computer Vision | Machine Learning,0.737705 | 0.663806 | 0.661174,Robotics | Computer Vision | Machine Learning | Artificial Intelligence | Computer Graphics,0.737705 | 0.663806 | 0.661174 | 0.656592 | 0.629396
bertopic,Chun Yu,Computer Vision | Human-Computer Interaction,Human-Computer Interaction,0.711767,Human-Computer Interaction | Robotics | Natural Language Processing,0.711767 | 0.487336 | 0.466413,Human-Computer Interaction | Robotics | Natural Language Processing | Computer Vision | Visualization,0.711767 | 0.487336 | 0.466413 | 0.461922 | 0.458162
bertopic,Chun-Mei Feng,Computer Vision | Natural Language Processing,Natural Language Processing,0.369157,Natural Language Processing | The Web & Information Retrieval | Software Engineering,0.369157 | 0.327437 | 0.303279,Natural Language Processing | The Web & Information Retrieval | Software Engineering | Artificial Intelligence | Data Mining,0.369157 | 0.327437 | 0.303279 | 0.285287 | 0.279464
bertopic,Chunwei Liu,Databases,Databases,0.335006,Databases | Software Engineering | Data Mining,0.335006 | 0.173810 | 0.152939,Databases | Software Engineering | Data Mining | Visualization | The Web & Information Retrieval,0.335006 | 0.173810 | 0.152939 | 0.152387 | 0.132574
bertopic,Chunyan Miao,Artificial Intelligence | Computer Vision | Data Mining | Databases | Machine Learning | Natural Language Processing | The Web & Information Retrieval,Data Mining,0.694736,Data Mining | Natural Language Processing | Artificial Intelligence,0.694736 | 0.676011 | 0.670107,Data Mining | Natural Language Processing | Artificial Intelligence | The Web & Information Retrieval | Machine Learning,0.694736 | 0.676011 | 0.670107 | 0.667465 | 0.649683
bertopic,Claire Monteleoni,Artificial Intelligence | Machine Learning | Robotics,Databases,0.254336,Databases | Data Mining | The Web & Information Retrieval,0.254336 | 0.250380 | 0.231364,Databases | Data Mining | The Web & Information Retrieval | Artificial Intelligence | Machine Learning,0.254336 | 0.250380 | 0.231364 | 0.182826 | 0.171826
bertopic,Congyan Lang,Artificial Intelligence | Computer Vision | Machine Learning | Robotics,Data Mining,0.493369,Data Mining | Databases | The Web & Information Retrieval,0.493369 | 0.462515 | 0.431314,Data Mining | Databases | The Web & Information Retrieval | Artificial Intelligence | Machine Learning,0.493369 | 0.462515 | 0.431314 | 0.320680 | 0.303217
bertopic,Corinna Coupette,Artificial Intelligence | Data Mining | Machine Learning,Databases,0.497336,Databases | Data Mining | The Web & Information Retrieval,0.497336 | 0.471541 | 0.429341,Databases | Data Mining | The Web & Information Retrieval | Software Engineering | Artificial Intelligence,0.497336 | 0.471541 | 0.429341 | 0.324073 | 0.306492
bertopic,Csaba Szepesvári,Artificial Intelligence | Machine Learning,Machine Learning,0.409759,Machine Learning | Artificial Intelligence | Data Mining,0.409759 | 0.365850 | 0.308629,Machine Learning | Artificial Intelligence | Data Mining | Robotics | Natural Language Processing,0.409759 | 0.365850 | 0.308629 | 0.305320 | 0.275116
bertopic,Cuiyun Gao 0001,Artificial Intelligence | Natural Language Processing | Software Engineering | The Web & Information Retrieval,Software Engineering,0.469544,Software Engineering | Natural Language Processing | The Web & Information Retrieval,0.469544 | 0.386604 | 0.368931,Software Engineering | Natural Language Processing | The Web & Information Retrieval | Data Mining | Artificial Intelligence,0.469544 | 0.386604 | 0.368931 | 0.338971 | 0.325985
bertopic,Daehyung Park,Artificial Intelligence | Robotics,Robotics,0.382300,Robotics | Artificial Intelligence | Machine Learning,0.382300 | 0.264220 | 0.253795,Robotics | Artificial Intelligence | Machine Learning | Computer Vision | Human-Computer Interaction,0.382300 | 0.264220 | 0.253795 | 0.238700 | 0.229842
bertopic,Dagang Li 0001,Artificial Intelligence,Natural Language Processing,0.354865,Natural Language Processing | Artificial Intelligence | Machine Learning,0.354865 | 0.350816 | 0.338324,Natural Language Processing | Artificial Intelligence | Machine Learning | Robotics | Data Mining,0.354865 | 0.350816 | 0.338324 | 0.330519 | 0.323873
bertopic,Dan Olteanu,Databases,Databases,0.376305,Databases | Data Mining | Software Engineering,0.376305 | 0.191629 | 0.173471,Databases | Data Mining | Software Engineering | Artificial Intelligence | The Web & Information Retrieval,0.376305 | 0.191629 | 0.173471 | 0.167997 | 0.167288
bertopic,Dan Roth 0001,Artificial Intelligence | Computer Vision | Data Mining | Machine Learning | Natural Language Processing | The Web & Information Retrieval,Natural Language Processing,0.596964,Natural Language Processing | Artificial Intelligence | The Web & Information Retrieval,0.596964 | 0.534870 | 0.515597,Natural Language Processing | Artificial Intelligence | The Web & Information Retrieval | Machine Learning | Computer Vision,0.596964 | 0.534870 | 0.515597 | 0.511493 | 0.505966
bertopic,Danica J. Sutherland,Artificial Intelligence | Computer Vision | Machine Learning,Data Mining,0.531033,Data Mining | Machine Learning | Databases,0.531033 | 0.493701 | 0.474057,Data Mining | Machine Learning | Databases | Artificial Intelligence | The Web & Information Retrieval,0.531033 | 0.493701 | 0.474057 | 0.472962 | 0.452802
bertopic,Daniel Deutch,Databases | Natural Language Processing,Databases,0.324619,Databases | Natural Language Processing | Data Mining,0.324619 | 0.259645 | 0.241741,Databases | Natural Language Processing | Data Mining | Visualization | The Web & Information Retrieval,0.324619 | 0.259645 | 0.241741 | 0.230131 | 0.227804
bertopic,Daniel Khashabi,Artificial Intelligence | Machine Learning | Natural Language Processing,Natural Language Processing,0.585255,Natural Language Processing | Artificial Intelligence | Machine Learning,0.585255 | 0.515268 | 0.493954,Natural Language Processing | Artificial Intelligence | Machine Learning | The Web & Information Retrieval | Data Mining,0.585255 | 0.515268 | 0.493954 | 0.493722 | 0.477226
bertopic,Daniel M. Kane,Machine Learning,Machine Learning,0.246028,Machine Learning | Artificial Intelligence | Data Mining,0.246028 | 0.220368 | 0.216056,Machine Learning | Artificial Intelligence | Data Mining | Databases | The Web & Information Retrieval,0.246028 | 0.220368 | 0.216056 | 0.198085 | 0.173450
bertopic,Daniel Soudry,Artificial Intelligence | Computer Vision | Machine Learning,Machine Learning,0.417450,Machine Learning | Artificial Intelligence | Computer Vision,0.417450 | 0.381778 | 0.349464,Machine Learning | Artificial Intelligence | Computer Vision | Data Mining | Natural Language Processing,0.417450 | 0.381778 | 0.349464 | 0.345252 | 0.323334
bertopic,David Brooks 0001,Machine Learning,Software Engineering,0.473094,Software Engineering | Natural Language Processing | Machine Learning,0.473094 | 0.299408 | 0.266288,Software Engineering | Natural Language Processing | Machine Learning | Artificial Intelligence | Human-Computer Interaction,0.473094 | 0.299408 | 0.266288 | 0.260979 | 0.254156
bertopic,David Bull 0001,Artificial Intelligence | Computer Vision | Machine Learning,Computer Vision,0.282602,Computer Vision | Artificial Intelligence | Machine Learning,0.282602 | 0.247986 | 0.223052,Computer Vision | Artificial Intelligence | Machine Learning | Robotics | Human-Computer Interaction,0.282602 | 0.247986 | 0.223052 | 0.220040 | 0.214260
bertopic,David F. Fouhey,Computer Graphics | Computer Vision | Machine Learning | Robotics,Computer Graphics,0.502524,Computer Graphics | Robotics | Computer Vision,0.502524 | 0.370685 | 0.352601,Computer Graphics | Robotics | Computer Vision | Machine Learning | Artificial Intelligence,0.502524 | 0.370685 | 0.352601 | 0.256757 | 0.241874
bertopic,David Ifeoluwa Adelani,Machine Learning | Natural Language Processing | The Web & Information Retrieval,Natural Language Processing,0.283311,Natural Language Processing | The Web & Information Retrieval | Machine Learning,0.283311 | 0.181236 | 0.167644,Natural Language Processing | The Web & Information Retrieval | Machine Learning | Artificial Intelligence | Data Mining,0.283311 | 0.181236 | 0.167644 | 0.165034 | 0.158241
bertopic,David Jurgens,Machine Learning | Natural Language Processing | The Web & Information Retrieval,Visualization,0.173861,Visualization | The Web & Information Retrieval | Data Mining,0.173861 | 0.171852 | 0.165690,Visualization | The Web & Information Retrieval | Data Mining | Databases | Natural Language Processing,0.173861 | 0.171852 | 0.165690 | 0.163262 | 0.161945
bertopic,David P. Woodruff,Artificial Intelligence | Data Mining | Databases | Machine Learning | Natural Language Processing | The Web & Information Retrieval,Machine Learning,0.467505,Machine Learning | Databases | Artificial Intelligence,0.467505 | 0.435412 | 0.434520,Machine Learning | Databases | Artificial Intelligence | Data Mining | The Web & Information Retrieval,0.467505 | 0.435412 | 0.434520 | 0.423477 | 0.394497
bertopic,Dawei Cheng,Artificial Intelligence | Computer Vision | Data Mining | Machine Learning | Natural Language Processing | The Web & Information Retrieval,Artificial Intelligence,0.353544,Artificial Intelligence | Machine Learning | Natural Language Processing,0.353544 | 0.338385 | 0.336384,Artificial Intelligence | Machine Learning | Natural Language Processing | Robotics | The Web & Information Retrieval,0.353544 | 0.338385 | 0.336384 | 0.324545 | 0.322968
bertopic,Deepak Pathak,Computer Vision | Machine Learning | Robotics,Robotics,0.681677,Robotics | Computer Vision | Machine Learning,0.681677 | 0.589158 | 0.572967,Robotics | Computer Vision | Machine Learning | Artificial Intelligence | Human-Computer Interaction,0.681677 | 0.589158 | 0.572967 | 0.563052 | 0.513937
bertopic,Deepu Rajan,Computer Vision,Software Engineering,0.353679,Software Engineering | Robotics | Natural Language Processing,0.353679 | 0.281256 | 0.277707,Software Engineering | Robotics | Natural Language Processing | Computer Vision | Artificial Intelligence,0.353679 | 0.281256 | 0.277707 | 0.268642 | 0.267979
bertopic,Dejing Dou,Artificial Intelligence | Computer Vision | Data Mining | Machine Learning | Natural Language Processing | Robotics | The Web & Information Retrieval,Databases,0.249350,Databases | Data Mining | Software Engineering,0.249350 | 0.231387 | 0.217489,Databases | Data Mining | Software Engineering | The Web & Information Retrieval | Machine Learning,0.249350 | 0.231387 | 0.217489 | 0.208571 | 0.207978
bertopic,Denis Zorin,Computer Graphics | Computer Vision | Machine Learning,Computer Graphics,0.549924,Computer Graphics | Computer Vision | Robotics,0.549924 | 0.413750 | 0.399709,Computer Graphics | Computer Vision | Robotics | Machine Learning | Visualization,0.549924 | 0.413750 | 0.399709 | 0.371576 | 0.361109
bertopic,Denys Poshyvanyk,Software Engineering,Software Engineering,0.529417,Software Engineering | Computer Vision | Machine Learning,0.529417 | 0.297333 | 0.281964,Software Engineering | Computer Vision | Machine Learning | Artificial Intelligence | Natural Language Processing,0.529417 | 0.297333 | 0.281964 | 0.279008 | 0.278613
bertopic,Dequan Wang,Computer Vision | Human-Computer Interaction | Machine Learning | Robotics,Robotics,0.532369,Robotics | Computer Graphics | Computer Vision,0.532369 | 0.399779 | 0.398204,Robotics | Computer Graphics | Computer Vision | Artificial Intelligence | Human-Computer Interaction,0.532369 | 0.399779 | 0.398204 | 0.349976 | 0.349669
bertopic,Derek Hoiem,Computer Vision | Machine Learning | Natural Language Processing,Computer Vision,0.567622,Computer Vision | Artificial Intelligence | Natural Language Processing,0.567622 | 0.514453 | 0.513902,Computer Vision | Artificial Intelligence | Natural Language Processing | Machine Learning | Robotics,0.567622 | 0.514453 | 0.513902 | 0.503084 | 0.499609
bertopic,Deyi Xiong,Artificial Intelligence | Machine Learning | Natural Language Processing,Natural Language Processing,0.581168,Natural Language Processing | The Web & Information Retrieval | Artificial Intelligence,0.581168 | 0.483616 | 0.478570,Natural Language Processing | The Web & Information Retrieval | Artificial Intelligence | Machine Learning | Data Mining,0.581168 | 0.483616 | 0.478570 | 0.478291 | 0.455125
bertopic,Di Weng,Data Mining | Human-Computer Interaction | Visualization,Software Engineering,0.385485,Software Engineering | Human-Computer Interaction | Visualization,0.385485 | 0.314559 | 0.295328,Software Engineering | Human-Computer Interaction | Visualization | The Web & Information Retrieval | Data Mining,0.385485 | 0.314559 | 0.295328 | 0.257492 | 0.229885
bertopic,Difan Zou,Computer Vision | Machine Learning | Natural Language Processing,Machine Learning,0.427524,Machine Learning | Artificial Intelligence | Computer Vision,0.427524 | 0.386298 | 0.373741,Machine Learning | Artificial Intelligence | Computer Vision | Data Mining | Natural Language Processing,0.427524 | 0.386298 | 0.373741 | 0.362571 | 0.351677
bertopic,Dima Damen,Computer Vision | Machine Learning | Robotics,Computer Vision,0.475319,Computer Vision | Robotics | Machine Learning,0.475319 | 0.451920 | 0.413953,Computer Vision | Robotics | Machine Learning | Artificial Intelligence | Computer Graphics,0.475319 | 0.451920 | 0.413953 | 0.413429 | 0.409166
bertopic,Doina Caragea,Artificial Intelligence | Natural Language Processing | The Web & Information Retrieval,Data Mining,0.509600,Data Mining | Natural Language Processing | The Web & Information Retrieval,0.509600 | 0.490749 | 0.485482,Data Mining | Natural Language Processing | The Web & Information Retrieval | Artificial Intelligence | Software Engineering,0.509600 | 0.490749 | 0.485482 | 0.463635 | 0.443732
bertopic,Don Towsley,Artificial Intelligence | Data Mining | Machine Learning,Databases,0.250660,Databases | Machine Learning | Artificial Intelligence,0.250660 | 0.247965 | 0.229044,Databases | Machine Learning | Artificial Intelligence | Data Mining | The Web & Information Retrieval,0.250660 | 0.247965 | 0.229044 | 0.225782 | 0.213320
bertopic,Dong Liu 0002,Artificial Intelligence | Computer Vision | Machine Learning,Computer Vision,0.329386,Computer Vision | Artificial Intelligence | Machine Learning,0.329386 | 0.292220 | 0.285771,Computer Vision | Artificial Intelligence | Machine Learning | Robotics | Computer Graphics,0.329386 | 0.292220 | 0.285771 | 0.258791 | 0.246805
bertopic,Dong Wang 0002,Artificial Intelligence | Natural Language Processing | The Web & Information Retrieval,The Web & Information Retrieval,0.386271,The Web & Information Retrieval | Data Mining | Human-Computer Interaction,0.386271 | 0.343715 | 0.342358,The Web & Information Retrieval | Data Mining | Human-Computer Interaction | Natural Language Processing | Artificial Intelligence,0.386271 | 0.343715 | 0.342358 | 0.333238 | 0.289207
bertopic,Dong Zhang,Artificial Intelligence | Computer Vision | Machine Learning | Natural Language Processing | Robotics,Computer Vision,0.317160,Computer Vision | Artificial Intelligence | Machine Learning,0.317160 | 0.288093 | 0.282020,Computer Vision | Artificial Intelligence | Machine Learning | Robotics | Human-Computer Interaction,0.317160 | 0.288093 | 0.282020 | 0.267607 | 0.265840
bertopic,Dong-Ming Yan 0001,Artificial Intelligence | Computer Graphics | Computer Vision | Machine Learning,Computer Graphics,0.362186,Computer Graphics | Computer Vision | Robotics,0.362186 | 0.322855 | 0.273060,Computer Graphics | Computer Vision | Robotics | Machine Learning | Artificial Intelligence,0.362186 | 0.322855 | 0.273060 | 0.270870 | 0.257242
bertopic,Donghyun Kim 0006,Artificial Intelligence | Computer Vision | Machine Learning,Computer Vision,0.305796,Computer Vision | Machine Learning | Artificial Intelligence,0.305796 | 0.299678 | 0.294737,Computer Vision | Machine Learning | Artificial Intelligence | Natural Language Processing | Data Mining,0.305796 | 0.299678 | 0.294737 | 0.289056 | 0.269839
bertopic,Donglin Wang,Artificial Intelligence | Computer Vision | Data Mining | Machine Learning | Natural Language Processing | Robotics,Natural Language Processing,0.342608,Natural Language Processing | Robotics | Artificial Intelligence,0.342608 | 0.322491 | 0.319599,Natural Language Processing | Robotics | Artificial Intelligence | Computer Vision | Machine Learning,0.342608 | 0.322491 | 0.319599 | 0.317671 | 0.316837
bertopic,Dongruo Zhou,Artificial Intelligence | Machine Learning,Machine Learning,0.441490,Machine Learning | Artificial Intelligence | Data Mining,0.441490 | 0.405951 | 0.366189,Machine Learning | Artificial Intelligence | Data Mining | Natural Language Processing | Robotics,0.441490 | 0.405951 | 0.366189 | 0.360280 | 0.358553
bertopic,Dongsheng Ding,Artificial Intelligence | Machine Learning,Natural Language Processing,0.310853,Natural Language Processing | Machine Learning | Artificial Intelligence,0.310853 | 0.304514 | 0.299430,Natural Language Processing | Machine Learning | Artificial Intelligence | Data Mining | The Web & Information Retrieval,0.310853 | 0.304514 | 0.299430 | 0.265158 | 0.248820
bertopic,Dorsa Sadigh,Artificial Intelligence | Computer Vision | Machine Learning | Natural Language Processing | Robotics,Robotics,0.665833,Robotics | Machine Learning | Computer Vision,0.665833 | 0.480613 | 0.479236,Robotics | Machine Learning | Computer Vision | Artificial Intelligence | Human-Computer Interaction,0.665833 | 0.480613 | 0.479236 | 0.478511 | 0.476475
bertopic,Eduard Gorbunov,Machine Learning,Machine Learning,0.264891,Machine Learning | Artificial Intelligence | Data Mining,0.264891 | 0.237640 | 0.232958,Machine Learning | Artificial Intelligence | Data Mining | Computer Vision | Natural Language Processing,0.264891 | 0.237640 | 0.232958 | 0.196716 | 0.187263
bertopic,Elias Bareinboim,Artificial Intelligence | Computer Vision | Machine Learning,Machine Learning,0.238677,Machine Learning | Artificial Intelligence | Data Mining,0.238677 | 0.237483 | 0.232097,Machine Learning | Artificial Intelligence | Data Mining | The Web & Information Retrieval | Visualization,0.238677 | 0.237483 | 0.232097 | 0.219752 | 0.218593
bertopic,Emma Pierson,Artificial Intelligence | Data Mining | Machine Learning | Natural Language Processing | The Web & Information Retrieval,Natural Language Processing,0.464198,Natural Language Processing | The Web & Information Retrieval | Data Mining,0.464198 | 0.451580 | 0.423044,Natural Language Processing | The Web & Information Retrieval | Data Mining | Artificial Intelligence | Human-Computer Interaction,0.464198 | 0.451580 | 0.423044 | 0.402933 | 0.394117
bertopic,Erez Karpas,Artificial Intelligence | Robotics,Robotics,0.496899,Robotics | Artificial Intelligence | Machine Learning,0.496899 | 0.343857 | 0.339895,Robotics | Artificial Intelligence | Machine Learning | Computer Vision | Data Mining,0.496899 | 0.343857 | 0.339895 | 0.307303 | 0.302628
bertopic,Eric Moulines,Machine Learning,Machine Learning,0.332088,Machine Learning | Artificial Intelligence | The Web & Information Retrieval,0.332088 | 0.327056 | 0.304962,Machine Learning | Artificial Intelligence | The Web & Information Retrieval | Robotics | Natural Language Processing,0.332088 | 0.327056 | 0.304962 | 0.274633 | 0.257060
bertopic,Esther Rolf,Artificial Intelligence | Machine Learning,Data Mining,0.356724,Data Mining | The Web & Information Retrieval | Artificial Intelligence,0.356724 | 0.353118 | 0.306663,Data Mining | The Web & Information Retrieval | Artificial Intelligence | Databases | Machine Learning,0.356724 | 0.353118 | 0.306663 | 0.291268 | 0.289520
bertopic,Eugene Vinitsky,Machine Learning | Robotics,Robotics,0.291919,Robotics | Machine Learning | Artificial Intelligence,0.291919 | 0.229501 | 0.229348,Robotics | Machine Learning | Artificial Intelligence | Computer Vision | Natural Language Processing,0.291919 | 0.229501 | 0.229348 | 0.201625 | 0.189568
bertopic,Eunho Yang,Artificial Intelligence | Computer Vision | Machine Learning | Natural Language Processing,Computer Vision,0.749774,Computer Vision | Machine Learning | Artificial Intelligence,0.749774 | 0.742088 | 0.740703,Computer Vision | Machine Learning | Artificial Intelligence | Natural Language Processing | Data Mining,0.749774 | 0.742088 | 0.740703 | 0.720513 | 0.710436
bertopic,Eunice Jun,Human-Computer Interaction,Visualization,0.425819,Visualization | Human-Computer Interaction | Natural Language Processing,0.425819 | 0.292536 | 0.263623,Visualization | Human-Computer Interaction | Natural Language Processing | Data Mining | The Web & Information Retrieval,0.425819 | 0.292536 | 0.263623 | 0.235553 | 0.233109
bertopic,Evangelos A. Theodorou,Machine Learning | Robotics,Machine Learning,0.611516,Machine Learning | Robotics | Artificial Intelligence,0.611516 | 0.606557 | 0.586480,Machine Learning | Robotics | Artificial Intelligence | Computer Vision | Data Mining,0.611516 | 0.606557 | 0.586480 | 0.555060 | 0.501747
bertopic,Fahad Shahbaz Khan,Artificial Intelligence | Computer Vision | Machine Learning | Natural Language Processing | Robotics,Computer Vision,0.741256,Computer Vision | Artificial Intelligence | Machine Learning,0.741256 | 0.657354 | 0.651461,Computer Vision | Artificial Intelligence | Machine Learning | Robotics | Natural Language Processing,0.741256 | 0.657354 | 0.651461 | 0.642723 | 0.630056
bertopic,Fajie Yuan,Artificial Intelligence | Machine Learning | Natural Language Processing | The Web & Information Retrieval,Robotics,0.306350,Robotics | Machine Learning | Artificial Intelligence,0.306350 | 0.280011 | 0.263869,Robotics | Machine Learning | Artificial Intelligence | Natural Language Processing | Data Mining,0.306350 | 0.280011 | 0.263869 | 0.231214 | 0.223731
bertopic,Falk Scholer,Human-Computer Interaction | Natural Language Processing | The Web & Information Retrieval,The Web & Information Retrieval,0.363281,The Web & Information Retrieval | Human-Computer Interaction | Natural Language Processing,0.363281 | 0.179883 | 0.179072,The Web & Information Retrieval | Human-Computer Interaction | Natural Language Processing | Data Mining | Artificial Intelligence,0.363281 | 0.179883 | 0.179072 | 0.158293 | 0.105029
bertopic,Fanny Chevalier,Computer Graphics | Human-Computer Interaction | Visualization,Visualization,0.297207,Visualization | Human-Computer Interaction | Software Engineering,0.297207 | 0.170358 | 0.063733,Visualization | Human-Computer Interaction | Software Engineering | Natural Language Processing | Data Mining,0.297207 | 0.170358 | 0.063733 | 0.060304 | 0.052278
bertopic,Fei Chiang,Databases,Databases,0.440526,Databases | Data Mining | The Web & Information Retrieval,0.440526 | 0.302163 | 0.283729,Databases | Data Mining | The Web & Information Retrieval | Artificial Intelligence | Machine Learning,0.440526 | 0.302163 | 0.283729 | 0.247317 | 0.239308
bertopic,Feng Tian 0001,Artificial Intelligence | Human-Computer Interaction,Human-Computer Interaction,0.351787,Human-Computer Interaction | Visualization | Robotics,0.351787 | 0.196588 | 0.165462,Human-Computer Interaction | Visualization | Robotics | Natural Language Processing | Artificial Intelligence,0.351787 | 0.196588 | 0.165462 | 0.154099 | 0.150991
bertopic,Flora D. Salim,Artificial Intelligence | Data Mining | Human-Computer Interaction | Machine Learning | Natural Language Processing | The Web & Information Retrieval,Human-Computer Interaction,0.245286,Human-Computer Interaction | Robotics | Natural Language Processing,0.245286 | 0.221756 | 0.203397,Human-Computer Interaction | Robotics | Natural Language Processing | Computer Vision | Artificial Intelligence,0.245286 | 0.221756 | 0.203397 | 0.202819 | 0.196111
bertopic,Florian Shkurti,Artificial Intelligence | Computer Vision | Robotics,Robotics,0.460438,Robotics | Computer Graphics | Computer Vision,0.460438 | 0.411794 | 0.352505,Robotics | Computer Graphics | Computer Vision | Machine Learning | Human-Computer Interaction,0.460438 | 0.411794 | 0.352505 | 0.264010 | 0.254578
bertopic,Francis Engelmann,Computer Graphics | Computer Vision | Machine Learning | Robotics,Robotics,0.566151,Robotics | Computer Graphics | Computer Vision,0.566151 | 0.489491 | 0.483646,Robotics | Computer Graphics | Computer Vision | Machine Learning | Human-Computer Interaction,0.566151 | 0.489491 | 0.483646 | 0.423899 | 0.420511
bertopic,Frederic Sala,Artificial Intelligence | Machine Learning | Natural Language Processing,Natural Language Processing,0.381571,Natural Language Processing | Computer Vision | Machine Learning,0.381571 | 0.380575 | 0.378665,Natural Language Processing | Computer Vision | Machine Learning | Artificial Intelligence | Robotics,0.381571 | 0.380575 | 0.378665 | 0.374476 | 0.335549
bertopic,Fuli Feng,Artificial Intelligence | Data Mining | Machine Learning | Natural Language Processing | The Web & Information Retrieval,The Web & Information Retrieval,0.510570,The Web & Information Retrieval | Data Mining | Human-Computer Interaction,0.510570 | 0.461190 | 0.460798,The Web & Information Retrieval | Data Mining | Human-Computer Interaction | Natural Language Processing | Artificial Intelligence,0.510570 | 0.461190 | 0.460798 | 0.442545 | 0.402667
bertopic,Ganesh Ramakrishnan,Artificial Intelligence | Machine Learning | Natural Language Processing | The Web & Information Retrieval,Software Engineering,0.327030,Software Engineering | Visualization | Machine Learning,0.327030 | 0.291842 | 0.273538,Software Engineering | Visualization | Machine Learning | Data Mining | Artificial Intelligence,0.327030 | 0.291842 | 0.273538 | 0.268283 | 0.263807
bertopic,Gang Chen 0001,Artificial Intelligence | Computer Vision | Data Mining | Databases | Machine Learning | Natural Language Processing | The Web & Information Retrieval,Databases,0.574229,Databases | Data Mining | The Web & Information Retrieval,0.574229 | 0.392615 | 0.356183,Databases | Data Mining | The Web & Information Retrieval | Software Engineering | Visualization,0.574229 | 0.392615 | 0.356183 | 0.346545 | 0.330609
bertopic,Gary K. Fedder,Robotics,Computer Graphics,0.443731,Computer Graphics | Human-Computer Interaction | Robotics,0.443731 | 0.336840 | 0.325328,Computer Graphics | Human-Computer Interaction | Robotics | Computer Vision | Visualization,0.443731 | 0.336840 | 0.325328 | 0.293433 | 0.263430
bertopic,Gaurav S. Sukhatme,Artificial Intelligence | Machine Learning | Robotics,Robotics,0.682425,Robotics | Machine Learning | Artificial Intelligence,0.682425 | 0.528272 | 0.516476,Robotics | Machine Learning | Artificial Intelligence | Computer Vision | Human-Computer Interaction,0.682425 | 0.528272 | 0.516476 | 0.470743 | 0.457438
bertopic,Gedas Bertasius,Computer Vision | Machine Learning | Natural Language Processing | Robotics,Computer Vision,0.518893,Computer Vision | Robotics | Artificial Intelligence,0.518893 | 0.467348 | 0.454109,Computer Vision | Robotics | Artificial Intelligence | Computer Graphics | Machine Learning,0.518893 | 0.467348 | 0.454109 | 0.451931 | 0.448426
bertopic,Georgia Chalvatzaki,Machine Learning | Robotics,Robotics,0.569942,Robotics | Machine Learning | Artificial Intelligence,0.569942 | 0.435983 | 0.413037,Robotics | Machine Learning | Artificial Intelligence | Computer Vision | Computer Graphics,0.569942 | 0.435983 | 0.413037 | 0.384348 | 0.372428
bertopic,Gerhard Neumann,Artificial Intelligence | Computer Vision | Machine Learning | Robotics,Robotics,0.645407,Robotics | Machine Learning | Artificial Intelligence,0.645407 | 0.566313 | 0.542743,Robotics | Machine Learning | Artificial Intelligence | Computer Vision | Natural Language Processing,0.645407 | 0.566313 | 0.542743 | 0.503498 | 0.453349
bertopic,Giorgos Tolias,Computer Vision | Machine Learning,Computer Vision,0.510423,Computer Vision | Artificial Intelligence | Machine Learning,0.510423 | 0.460226 | 0.455618,Computer Vision | Artificial Intelligence | Machine Learning | Natural Language Processing | Robotics,0.510423 | 0.460226 | 0.455618 | 0.438415 | 0.433622
bertopic,Glen Berseth,Computer Graphics | Machine Learning | Robotics,Robotics,0.363401,Robotics | Machine Learning | Artificial Intelligence,0.363401 | 0.276815 | 0.261037,Robotics | Machine Learning | Artificial Intelligence | Computer Vision | Natural Language Processing,0.363401 | 0.276815 | 0.261037 | 0.248940 | 0.215324
bertopic,Gongshen Liu,Artificial Intelligence | Machine Learning | Natural Language Processing,Natural Language Processing,0.258375,Natural Language Processing | Data Mining | The Web & Information Retrieval,0.258375 | 0.257627 | 0.249342,Natural Language Processing | Data Mining | The Web & Information Retrieval | Artificial Intelligence | Machine Learning,0.258375 | 0.257627 | 0.249342 | 0.238759 | 0.231469
bertopic,Gramoz Goranci,Data Mining | Machine Learning,Data Mining,0.492673,Data Mining | Databases | The Web & Information Retrieval,0.492673 | 0.491788 | 0.468361,Data Mining | Databases | The Web & Information Retrieval | Artificial Intelligence | Machine Learning,0.492673 | 0.491788 | 0.468361 | 0.327468 | 0.301329
bertopic,Greg Ver Steeg,Artificial Intelligence | Computer Vision | Machine Learning | Natural Language Processing | The Web & Information Retrieval,Machine Learning,0.267417,Machine Learning | Artificial Intelligence | Data Mining,0.267417 | 0.228267 | 0.192781,Machine Learning | Artificial Intelligence | Data Mining | Computer Vision | Robotics,0.267417 | 0.228267 | 0.192781 | 0.189575 | 0.188887
bertopic,Gregory W. Wornell,Artificial Intelligence | Computer Vision | Machine Learning,Computer Graphics,0.534305,Computer Graphics | Computer Vision | Robotics,0.534305 | 0.462568 | 0.431484,Computer Graphics | Computer Vision | Robotics | Machine Learning | Artificial Intelligence,0.534305 | 0.462568 | 0.431484 | 0.416660 | 0.402714
bertopic,Guanbin Li,Artificial Intelligence | Computer Graphics | Computer Vision | Machine Learning | Robotics,Computer Vision,0.768067,Computer Vision | Computer Graphics | Robotics,0.768067 | 0.758953 | 0.720288,Computer Vision | Computer Graphics | Robotics | Machine Learning | Artificial Intelligence,0.768067 | 0.758953 | 0.720288 | 0.692935 | 0.688773
bertopic,Guang Chen 0001,Artificial Intelligence | Computer Vision | Machine Learning | Robotics,Computer Graphics,0.489784,Computer Graphics | Computer Vision | Robotics,0.489784 | 0.466957 | 0.445781,Computer Graphics | Computer Vision | Robotics | Machine Learning | Artificial Intelligence,0.489784 | 0.466957 | 0.445781 | 0.385654 | 0.385265
bertopic,Guanghui Liu 0001,Artificial Intelligence | Computer Vision,Computer Graphics,0.420828,Computer Graphics | Robotics | Computer Vision,0.420828 | 0.345150 | 0.329892,Computer Graphics | Robotics | Computer Vision | Machine Learning | Artificial Intelligence,0.420828 | 0.345150 | 0.329892 | 0.262470 | 0.255631
bertopic,Guansong Pang,Artificial Intelligence | Computer Vision | Data Mining | Machine Learning | The Web & Information Retrieval,Software Engineering,0.180890,Software Engineering | Data Mining | Computer Vision,0.180890 | 0.150649 | 0.136574,Software Engineering | Data Mining | Computer Vision | Artificial Intelligence | Natural Language Processing,0.180890 | 0.150649 | 0.136574 | 0.135081 | 0.133783
bertopic,Guanxiong Sun,Artificial Intelligence | Computer Vision | Machine Learning,Computer Vision,0.278235,Computer Vision | Computer Graphics | Robotics,0.278235 | 0.272052 | 0.249017,Computer Vision | Computer Graphics | Robotics | Artificial Intelligence | Machine Learning,0.278235 | 0.272052 | 0.249017 | 0.233217 | 0.229575
bertopic,Gui-Song Xia,Artificial Intelligence | Computer Vision | Machine Learning | Natural Language Processing | Robotics,Computer Vision,0.496995,Computer Vision | Computer Graphics | Machine Learning,0.496995 | 0.456645 | 0.426292,Computer Vision | Computer Graphics | Machine Learning | Artificial Intelligence | Robotics,0.496995 | 0.456645 | 0.426292 | 0.425691 | 0.400478
bertopic,Günther Specht,Databases,Databases,0.485661,Databases | Data Mining | The Web & Information Retrieval,0.485661 | 0.287712 | 0.284837,Databases | Data Mining | The Web & Information Retrieval | Software Engineering | Artificial Intelligence,0.485661 | 0.287712 | 0.284837 | 0.224391 | 0.216788
bertopic,H. Jin Kim,Computer Vision | Machine Learning | Robotics,Robotics,0.727097,Robotics | Computer Graphics | Computer Vision,0.727097 | 0.563062 | 0.561114,Robotics | Computer Graphics | Computer Vision | Machine Learning | Artificial Intelligence,0.727097 | 0.563062 | 0.561114 | 0.541388 | 0.531020
bertopic,H. Sebastian Seung,Artificial Intelligence | Machine Learning | Robotics,Robotics,0.547709,Robotics | Machine Learning | Artificial Intelligence,0.547709 | 0.395169 | 0.384845,Robotics | Machine Learning | Artificial Intelligence | Computer Vision | Human-Computer Interaction,0.547709 | 0.395169 | 0.384845 | 0.358032 | 0.340604
bertopic,Hadar Averbuch-Elor,Computer Graphics | Computer Vision | Machine Learning | Natural Language Processing,Computer Graphics,0.782299,Computer Graphics | Computer Vision | Robotics,0.782299 | 0.612555 | 0.553303,Computer Graphics | Computer Vision | Robotics | Machine Learning | Artificial Intelligence,0.782299 | 0.612555 | 0.553303 | 0.502701 | 0.486059
bertopic,Hadi Daneshmand,Machine Learning,Machine Learning,0.286469,Machine Learning | Artificial Intelligence | Data Mining,0.286469 | 0.235172 | 0.207225,Machine Learning | Artificial Intelligence | Data Mining | Computer Vision | Robotics,0.286469 | 0.235172 | 0.207225 | 0.195032 | 0.178281
bertopic,Haipeng Luo,Computer Vision | Machine Learning,Machine Learning,0.384405,Machine Learning | Artificial Intelligence | The Web & Information Retrieval,0.384405 | 0.351974 | 0.300522,Machine Learning | Artificial Intelligence | The Web & Information Retrieval | Data Mining | Natural Language Processing,0.384405 | 0.351974 | 0.300522 | 0.300096 | 0.274105
bertopic,Hal Daumé III,Artificial Intelligence | Computer Vision | Machine Learning | Natural Language Processing | The Web & Information Retrieval,Natural Language Processing,0.617746,Natural Language Processing | Artificial Intelligence | Human-Computer Interaction,0.617746 | 0.548080 | 0.547321,Natural Language Processing | Artificial Intelligence | Human-Computer Interaction | Machine Learning | Visualization,0.617746 | 0.548080 | 0.547321 | 0.542193 | 0.539727
bertopic,Hamid Karimi,Natural Language Processing,Data Mining,0.273662,Data Mining | Artificial Intelligence | Machine Learning,0.273662 | 0.270389 | 0.261439,Data Mining | Artificial Intelligence | Machine Learning | Computer Vision | Natural Language Processing,0.273662 | 0.270389 | 0.261439 | 0.250422 | 0.246862
bertopic,Han-Jia Ye,Artificial Intelligence | Computer Vision | Machine Learning | Natural Language Processing | The Web & Information Retrieval,Data Mining,0.540967,Data Mining | Artificial Intelligence | Natural Language Processing,0.540967 | 0.534299 | 0.527161,Data Mining | Artificial Intelligence | Natural Language Processing | Machine Learning | Computer Vision,0.540967 | 0.534299 | 0.527161 | 0.526443 | 0.525109
bertopic,Hanan Samet,Data Mining | Human-Computer Interaction | Machine Learning,Databases,0.265884,Databases | The Web & Information Retrieval | Data Mining,0.265884 | 0.132266 | 0.131485,Databases | The Web & Information Retrieval | Data Mining | Software Engineering | Artificial Intelligence,0.265884 | 0.132266 | 0.131485 | 0.128342 | 0.115265
bertopic,Hande McGinty,The Web & Information Retrieval,Data Mining,0.395694,Data Mining | The Web & Information Retrieval | Databases,0.395694 | 0.381680 | 0.357410,Data Mining | The Web & Information Retrieval | Databases | Natural Language Processing | Artificial Intelligence,0.395694 | 0.381680 | 0.357410 | 0.335623 | 0.312551
bertopic,Hanghang Tong,Artificial Intelligence | Computer Vision | Data Mining | Databases | Machine Learning | Natural Language Processing | The Web & Information Retrieval | Visualization,Data Mining,0.817252,Data Mining | The Web & Information Retrieval | Databases,0.817252 | 0.749858 | 0.708126,Data Mining | The Web & Information Retrieval | Databases | Artificial Intelligence | Natural Language Processing,0.817252 | 0.749858 | 0.708126 | 0.698429 | 0.688774
bertopic,Hanspeter Pfister,Artificial Intelligence | Computer Graphics | Computer Vision | Human-Computer Interaction | Machine Learning | Visualization,Computer Vision,0.637579,Computer Vision | Computer Graphics | Machine Learning,0.637579 | 0.622618 | 0.609820,Computer Vision | Computer Graphics | Machine Learning | Artificial Intelligence | Natural Language Processing,0.637579 | 0.622618 | 0.609820 | 0.603154 | 0.561150
bertopic,Haoyu Wang 0004,Artificial Intelligence | Data Mining | Machine Learning | Natural Language Processing | The Web & Information Retrieval,The Web & Information Retrieval,0.647448,The Web & Information Retrieval | Data Mining | Databases,0.647448 | 0.611634 | 0.537781,The Web & Information Retrieval | Data Mining | Databases | Natural Language Processing | Artificial Intelligence,0.647448 | 0.611634 | 0.537781 | 0.525867 | 0.487110
bertopic,Hehe Fan,Artificial Intelligence | Computer Vision | Machine Learning | The Web & Information Retrieval,Computer Vision,0.413591,Computer Vision | Artificial Intelligence | Machine Learning,0.413591 | 0.394630 | 0.391110,Computer Vision | Artificial Intelligence | Machine Learning | Data Mining | Computer Graphics,0.413591 | 0.394630 | 0.391110 | 0.376581 | 0.370975
bertopic,Helge Rhodin,Computer Graphics | Computer Vision | Machine Learning,Computer Graphics,0.293803,Computer Graphics | Computer Vision | Human-Computer Interaction,0.293803 | 0.221061 | 0.215519,Computer Graphics | Computer Vision | Human-Computer Interaction | Robotics | Machine Learning,0.293803 | 0.221061 | 0.215519 | 0.183831 | 0.173821
bertopic,Henghui Ding,Artificial Intelligence | Computer Vision | Machine Learning,Computer Vision,0.468489,Computer Vision | Computer Graphics | Robotics,0.468489 | 0.444902 | 0.417317,Computer Vision | Computer Graphics | Robotics | Artificial Intelligence | Machine Learning,0.468489 | 0.444902 | 0.417317 | 0.381676 | 0.375630
bertopic,Hilde Kuehne,Computer Vision | Human-Computer Interaction | Machine Learning,Computer Vision,0.533872,Computer Vision | Artificial Intelligence | Machine Learning,0.533872 | 0.487959 | 0.481075,Computer Vision | Artificial Intelligence | Machine Learning | Natural Language Processing | Robotics,0.533872 | 0.487959 | 0.481075 | 0.465895 | 0.465514
bertopic,Hoda Eldardiry,Data Mining | Natural Language Processing | The Web & Information Retrieval,Computer Vision,0.170684,Computer Vision | Computer Graphics | Robotics,0.170684 | 0.166736 | 0.154446,Computer Vision | Computer Graphics | Robotics | Human-Computer Interaction | Natural Language Processing,0.170684 | 0.166736 | 0.154446 | 0.151792 | 0.150612
bertopic,Hongbo Fu 0001,Artificial Intelligence | Computer Graphics | Computer Vision | Human-Computer Interaction | Robotics,Computer Graphics,0.477756,Computer Graphics | Human-Computer Interaction | Computer Vision,0.477756 | 0.380848 | 0.354224,Computer Graphics | Human-Computer Interaction | Computer Vision | Robotics | Machine Learning,0.477756 | 0.380848 | 0.354224 | 0.314315 | 0.280844
bertopic,Hongyang Li,Artificial Intelligence | Computer Vision | Machine Learning,Robotics,0.395107,Robotics | Artificial Intelligence | Machine Learning,0.395107 | 0.272765 | 0.263668,Robotics | Artificial Intelligence | Machine Learning | Computer Vision | Human-Computer Interaction,0.395107 | 0.272765 | 0.263668 | 0.254378 | 0.239729
bertopic,Hongyu Zhang 0002,Artificial Intelligence | Data Mining | Databases | Machine Learning | Natural Language Processing | Software Engineering | The Web & Information Retrieval,Software Engineering,0.420456,Software Engineering | The Web & Information Retrieval | Databases,0.420456 | 0.306248 | 0.304756,Software Engineering | The Web & Information Retrieval | Databases | Natural Language Processing | Data Mining,0.420456 | 0.306248 | 0.304756 | 0.269494 | 0.264586
bertopic,Hongzhi Yin,Artificial Intelligence | Computer Vision | Data Mining | Databases | Machine Learning | Natural Language Processing | The Web & Information Retrieval,Data Mining,0.697420,Data Mining | The Web & Information Retrieval | Databases,0.697420 | 0.681166 | 0.560400,Data Mining | The Web & Information Retrieval | Databases | Artificial Intelligence | Natural Language Processing,0.697420 | 0.681166 | 0.560400 | 0.559887 | 0.556667
bertopic,Hua Wei 0001,Artificial Intelligence | Computer Vision | Data Mining | Machine Learning | The Web & Information Retrieval,The Web & Information Retrieval,0.577230,The Web & Information Retrieval | Data Mining | Databases,0.577230 | 0.552404 | 0.484722,The Web & Information Retrieval | Data Mining | Databases | Natural Language Processing | Artificial Intelligence,0.577230 | 0.552404 | 0.484722 | 0.410147 | 0.394985
bertopic,Huamin Qu,Artificial Intelligence | Computer Vision | Data Mining | Human-Computer Interaction | Machine Learning | Natural Language Processing | Visualization,Human-Computer Interaction,0.693537,Human-Computer Interaction | Visualization | Natural Language Processing,0.693537 | 0.628214 | 0.513116,Human-Computer Interaction | Visualization | Natural Language Processing | Artificial Intelligence | Software Engineering,0.693537 | 0.628214 | 0.513116 | 0.465917 | 0.461118
bertopic,Huan Zhang 0001,Artificial Intelligence | Computer Vision | Machine Learning | Natural Language Processing,Machine Learning,0.347418,Machine Learning | Artificial Intelligence | Computer Vision,0.347418 | 0.324536 | 0.312555,Machine Learning | Artificial Intelligence | Computer Vision | Natural Language Processing | Robotics,0.347418 | 0.324536 | 0.312555 | 0.290436 | 0.283545
bertopic,Huiyuan Fu,Artificial Intelligence | Computer Vision,Computer Vision,0.260871,Computer Vision | Artificial Intelligence | Human-Computer Interaction,0.260871 | 0.221482 | 0.200772,Computer Vision | Artificial Intelligence | Human-Computer Interaction | Machine Learning | Robotics,0.260871 | 0.221482 | 0.200772 | 0.198052 | 0.196907
bertopic,Hyunwoo J. Kim,Artificial Intelligence | Computer Vision | Machine Learning | Natural Language Processing,Human-Computer Interaction,0.310890,Human-Computer Interaction | Computer Vision | Machine Learning,0.310890 | 0.308769 | 0.283206,Human-Computer Interaction | Computer Vision | Machine Learning | Artificial Intelligence | Natural Language Processing,0.310890 | 0.308769 | 0.283206 | 0.283103 | 0.282990
bertopic,Imari Sato,Artificial Intelligence | Computer Graphics | Computer Vision,Computer Graphics,0.451542,Computer Graphics | Computer Vision | Robotics,0.451542 | 0.393209 | 0.361776,Computer Graphics | Computer Vision | Robotics | Human-Computer Interaction | Artificial Intelligence,0.451542 | 0.393209 | 0.361776 | 0.317159 | 0.312643
bertopic,Ioannis M. Rekleitis,Robotics,Robotics,0.473625,Robotics | Computer Vision | Artificial Intelligence,0.473625 | 0.306525 | 0.302404,Robotics | Computer Vision | Artificial Intelligence | Human-Computer Interaction | Machine Learning,0.473625 | 0.306525 | 0.302404 | 0.299004 | 0.295829
bertopic,Ion Stoica,Artificial Intelligence | Computer Vision | Databases | Machine Learning | Natural Language Processing | Robotics,Natural Language Processing,0.473701,Natural Language Processing | Machine Learning | Artificial Intelligence,0.473701 | 0.453688 | 0.449096,Natural Language Processing | Machine Learning | Artificial Intelligence | Data Mining | The Web & Information Retrieval,0.473701 | 0.453688 | 0.449096 | 0.448838 | 0.438764
bertopic,Irwin King,Artificial Intelligence | Computer Vision | Data Mining | Machine Learning | Natural Language Processing | Software Engineering | The Web & Information Retrieval,Data Mining,0.623560,Data Mining | The Web & Information Retrieval | Natural Language Processing,0.623560 | 0.588461 | 0.533033,Data Mining | The Web & Information Retrieval | Natural Language Processing | Databases | Artificial Intelligence,0.623560 | 0.588461 | 0.533033 | 0.520943 | 0.517836
bertopic,Iryna Gurevych,Artificial Intelligence | Machine Learning | Natural Language Processing | The Web & Information Retrieval,Natural Language Processing,0.679906,Natural Language Processing | Software Engineering | Artificial Intelligence,0.679906 | 0.580209 | 0.562413,Natural Language Processing | Software Engineering | Artificial Intelligence | The Web & Information Retrieval | Machine Learning,0.679906 | 0.580209 | 0.562413 | 0.558067 | 0.550392
bertopic,Ivan Laptev,Computer Vision | Machine Learning | Natural Language Processing | Robotics,Robotics,0.772676,Robotics | Computer Vision | Artificial Intelligence,0.772676 | 0.686097 | 0.634182,Robotics | Computer Vision | Artificial Intelligence | Machine Learning | Computer Graphics,0.772676 | 0.686097 | 0.634182 | 0.633396 | 0.616452
bertopic,Jaakko Lehtinen,Computer Graphics | Computer Vision | Machine Learning,Computer Graphics,0.458964,Computer Graphics | Computer Vision | Robotics,0.458964 | 0.436092 | 0.395977,Computer Graphics | Computer Vision | Robotics | Artificial Intelligence | Machine Learning,0.458964 | 0.436092 | 0.395977 | 0.373697 | 0.368315
bertopic,Jackie Chi Kit Cheung,Artificial Intelligence | Machine Learning | Natural Language Processing | The Web & Information Retrieval,Natural Language Processing,0.662739,Natural Language Processing | Artificial Intelligence | The Web & Information Retrieval,0.662739 | 0.587775 | 0.587412,Natural Language Processing | Artificial Intelligence | The Web & Information Retrieval | Machine Learning | Data Mining,0.662739 | 0.587775 | 0.587412 | 0.576509 | 0.576357
bertopic,Jacob R. Gardner,Artificial Intelligence | Computer Vision | Databases | Machine Learning,Software Engineering,0.583831,Software Engineering | Natural Language Processing | Machine Learning,0.583831 | 0.482852 | 0.469033,Software Engineering | Natural Language Processing | Machine Learning | Artificial Intelligence | Data Mining,0.583831 | 0.482852 | 0.469033 | 0.464495 | 0.428808
bertopic,Jae-sun Seo,Artificial Intelligence | Computer Vision | Machine Learning,Computer Vision,0.314821,Computer Vision | Machine Learning | Artificial Intelligence,0.314821 | 0.288533 | 0.286285,Computer Vision | Machine Learning | Artificial Intelligence | Natural Language Processing | Software Engineering,0.314821 | 0.288533 | 0.286285 | 0.271704 | 0.265908
bertopic,Jaemin Cho 0001,Artificial Intelligence | Computer Vision | Machine Learning | Natural Language Processing,Natural Language Processing,0.503004,Natural Language Processing | Computer Vision | Artificial Intelligence,0.503004 | 0.467785 | 0.463456,Natural Language Processing | Computer Vision | Artificial Intelligence | Machine Learning | Robotics,0.503004 | 0.467785 | 0.463456 | 0.449966 | 0.425379
bertopic,Jaesik Park,Artificial Intelligence | Computer Graphics | Computer Vision | Machine Learning | Natural Language Processing | Robotics,Computer Graphics,0.751392,Computer Graphics | Computer Vision | Robotics,0.751392 | 0.607981 | 0.563254,Computer Graphics | Computer Vision | Robotics | Machine Learning | Artificial Intelligence,0.751392 | 0.607981 | 0.563254 | 0.507290 | 0.488492
bertopic,Jaeyeon Lee 0002,Human-Computer Interaction,Human-Computer Interaction,0.270142,Human-Computer Interaction | Robotics | Computer Graphics,0.270142 | 0.151216 | 0.124659,Human-Computer Interaction | Robotics | Computer Graphics | Computer Vision | Visualization,0.270142 | 0.151216 | 0.124659 | 0.097754 | 0.081265
bertopic,James A. Landay,Human-Computer Interaction | Natural Language Processing,Natural Language Processing,0.358479,Natural Language Processing | Visualization | The Web & Information Retrieval,0.358479 | 0.352827 | 0.342159,Natural Language Processing | Visualization | The Web & Information Retrieval | Human-Computer Interaction | Data Mining,0.358479 | 0.352827 | 0.342159 | 0.335623 | 0.325224
bertopic,James A. Preiss,Machine Learning | Robotics,Machine Learning,0.300931,Machine Learning | Artificial Intelligence | Robotics,0.300931 | 0.265008 | 0.236575,Machine Learning | Artificial Intelligence | Robotics | Data Mining | Natural Language Processing,0.300931 | 0.265008 | 0.236575 | 0.219939 | 0.193294
bertopic,James T. Kwok,Artificial Intelligence | Computer Vision | Machine Learning | Natural Language Processing | The Web & Information Retrieval,Natural Language Processing,0.610632,Natural Language Processing | Data Mining | The Web & Information Retrieval,0.610632 | 0.591123 | 0.563882,Natural Language Processing | Data Mining | The Web & Information Retrieval | Artificial Intelligence | Machine Learning,0.610632 | 0.591123 | 0.563882 | 0.559936 | 0.543640
bertopic,James Wang,Computer Vision | Natural Language Processing,Data Mining,0.238810,Data Mining | Machine Learning | Artificial Intelligence,0.238810 | 0.229790 | 0.228061,Data Mining | Machine Learning | Artificial Intelligence | Natural Language Processing | The Web & Information Retrieval,0.238810 | 0.229790 | 0.228061 | 0.215927 | 0.206878
bertopic,Jan O. Borchers,Human-Computer Interaction,Human-Computer Interaction,0.413027,Human-Computer Interaction | Computer Graphics | Robotics,0.413027 | 0.210126 | 0.197241,Human-Computer Interaction | Computer Graphics | Robotics | Visualization | Computer Vision,0.413027 | 0.210126 | 0.197241 | 0.183849 | 0.144171
bertopic,Jason J. Ford,Robotics,Robotics,0.237186,Robotics | Computer Vision | Artificial Intelligence,0.237186 | 0.195940 | 0.183646,Robotics | Computer Vision | Artificial Intelligence | Machine Learning | Human-Computer Interaction,0.237186 | 0.195940 | 0.183646 | 0.181610 | 0.179357
bertopic,Jasper C. H. Lee,Artificial Intelligence | Machine Learning,Machine Learning,0.257244,Machine Learning | Artificial Intelligence | Data Mining,0.257244 | 0.225989 | 0.200370,Machine Learning | Artificial Intelligence | Data Mining | The Web & Information Retrieval | Databases,0.257244 | 0.225989 | 0.200370 | 0.173087 | 0.168736
bertopic,Jay-Yoon Lee,Artificial Intelligence | Machine Learning | Natural Language Processing,Natural Language Processing,0.349923,Natural Language Processing | Computer Vision | Artificial Intelligence,0.349923 | 0.332222 | 0.330161,Natural Language Processing | Computer Vision | Artificial Intelligence | Software Engineering | Machine Learning,0.349923 | 0.332222 | 0.330161 | 0.322165 | 0.314022
bertopic,Jean Ponce,Computer Graphics | Computer Vision | Machine Learning | Robotics,Computer Graphics,0.609376,Computer Graphics | Robotics | Computer Vision,0.609376 | 0.459710 | 0.439158,Computer Graphics | Robotics | Computer Vision | Machine Learning | Artificial Intelligence,0.609376 | 0.459710 | 0.439158 | 0.332063 | 0.323670
bertopic,Jian Kang 0008,Data Mining | Machine Learning | The Web & Information Retrieval | Visualization,Data Mining,0.584982,Data Mining | The Web & Information Retrieval | Databases,0.584982 | 0.561491 | 0.545268,Data Mining | The Web & Information Retrieval | Databases | Artificial Intelligence | Natural Language Processing,0.584982 | 0.561491 | 0.545268 | 0.398721 | 0.379724
bertopic,Jian Yang 0001,Artificial Intelligence | Computer Vision | Data Mining | Machine Learning | Natural Language Processing | The Web & Information Retrieval,Natural Language Processing,0.399554,Natural Language Processing | Computer Vision | Artificial Intelligence,0.399554 | 0.381134 | 0.370764,Natural Language Processing | Computer Vision | Artificial Intelligence | Machine Learning | Human-Computer Interaction,0.399554 | 0.381134 | 0.370764 | 0.362536 | 0.358472
bertopic,Jiannan Wang 0001,Data Mining | Databases,Databases,0.418923,Databases | Data Mining | The Web & Information Retrieval,0.418923 | 0.330016 | 0.326606,Databases | Data Mining | The Web & Information Retrieval | Artificial Intelligence | Software Engineering,0.418923 | 0.330016 | 0.326606 | 0.231246 | 0.218299
bertopic,Jianwei Huang 0001,Artificial Intelligence,Databases,0.335261,Databases | Software Engineering | Visualization,0.335261 | 0.209786 | 0.196150,Databases | Software Engineering | Visualization | Data Mining | The Web & Information Retrieval,0.335261 | 0.209786 | 0.196150 | 0.188027 | 0.175705
bertopic,Jiatao Gu,Artificial Intelligence | Computer Graphics | Computer Vision | Machine Learning | Natural Language Processing,Computer Graphics,0.668684,Computer Graphics | Computer Vision | Robotics,0.668684 | 0.497878 | 0.437263,Computer Graphics | Computer Vision | Robotics | Machine Learning | Artificial Intelligence,0.668684 | 0.497878 | 0.437263 | 0.428241 | 0.402471
bertopic,Jiaxin Mao,Artificial Intelligence | Data Mining | Natural Language Processing | The Web & Information Retrieval,The Web & Information Retrieval,0.455427,The Web & Information Retrieval | Human-Computer Interaction | Data Mining,0.455427 | 0.306665 | 0.265880,The Web & Information Retrieval | Human-Computer Interaction | Data Mining | Natural Language Processing | Artificial Intelligence,0.455427 | 0.306665 | 0.265880 | 0.264706 | 0.194765
bertopic,Jiayuan Mao,Artificial Intelligence | Computer Vision | Machine Learning | Natural Language Processing | Robotics,Robotics,0.679061,Robotics | Machine Learning | Artificial Intelligence,0.679061 | 0.514692 | 0.507681,Robotics | Machine Learning | Artificial Intelligence | Computer Vision | Human-Computer Interaction,0.679061 | 0.514692 | 0.507681 | 0.502144 | 0.473804
bertopic,Jie Li,Artificial Intelligence | Computer Graphics | Computer Vision | Machine Learning | Robotics | The Web & Information Retrieval,Computer Vision,0.371440,Computer Vision | Machine Learning | Artificial Intelligence,0.371440 | 0.364389 | 0.359262,Computer Vision | Machine Learning | Artificial Intelligence | Robotics | Natural Language Processing,0.371440 | 0.364389 | 0.359262 | 0.355853 | 0.318812
bertopic,Jie Shao 0001,Artificial Intelligence | Computer Vision | Data Mining | Databases | Machine Learning | Natural Language Processing | The Web & Information Retrieval,The Web & Information Retrieval,0.273725,The Web & Information Retrieval | Human-Computer Interaction | Data Mining,0.273725 | 0.273531 | 0.250961,The Web & Information Retrieval | Human-Computer Interaction | Data Mining | Natural Language Processing | Artificial Intelligence,0.273725 | 0.273531 | 0.250961 | 0.219071 | 0.206983
bertopic,Jiliang Tang,Artificial Intelligence | Computer Vision | Data Mining | Machine Learning | Natural Language Processing | The Web & Information Retrieval,Data Mining,0.684168,Data Mining | The Web & Information Retrieval | Databases,0.684168 | 0.650000 | 0.598367,Data Mining | The Web & Information Retrieval | Databases | Natural Language Processing | Artificial Intelligence,0.684168 | 0.650000 | 0.598367 | 0.554122 | 0.541714
bertopic,Jing Tang 0004,Artificial Intelligence | Computer Vision | Data Mining | Databases | Machine Learning | Natural Language Processing | The Web & Information Retrieval,Data Mining,0.288967,Data Mining | Machine Learning | Artificial Intelligence,0.288967 | 0.276837 | 0.272667,Data Mining | Machine Learning | Artificial Intelligence | The Web & Information Retrieval | Databases,0.288967 | 0.276837 | 0.272667 | 0.271806 | 0.261861
bertopic,Jing Zhang 0052,Artificial Intelligence | Computer Vision | Machine Learning,Computer Vision,0.554331,Computer Vision | Computer Graphics | Machine Learning,0.554331 | 0.508163 | 0.501644,Computer Vision | Computer Graphics | Machine Learning | Artificial Intelligence | Robotics,0.554331 | 0.508163 | 0.501644 | 0.493416 | 0.488701
bertopic,Jingjing Li 0001,Artificial Intelligence | Computer Vision | Machine Learning | The Web & Information Retrieval,Machine Learning,0.327857,Machine Learning | Natural Language Processing | Computer Vision,0.327857 | 0.324781 | 0.324683,Machine Learning | Natural Language Processing | Computer Vision | Artificial Intelligence | Data Mining,0.327857 | 0.324781 | 0.324683 | 0.319963 | 0.296332
bertopic,Jingyong Su,Artificial Intelligence | Computer Vision | Data Mining | Machine Learning,Computer Vision,0.126631,Computer Vision | Robotics | Computer Graphics,0.126631 | 0.124094 | 0.108393,Computer Vision | Robotics | Computer Graphics | Artificial Intelligence | Human-Computer Interaction,0.126631 | 0.124094 | 0.108393 | 0.099313 | 0.098634
bertopic,Jinhang Zuo,Artificial Intelligence | Machine Learning,Machine Learning,0.345464,Machine Learning | Artificial Intelligence | Data Mining,0.345464 | 0.317497 | 0.284094,Machine Learning | Artificial Intelligence | Data Mining | The Web & Information Retrieval | Natural Language Processing,0.345464 | 0.317497 | 0.284094 | 0.269478 | 0.252330
bertopic,Jinjian Wu,Artificial Intelligence | Computer Vision | Machine Learning,Computer Vision,0.271849,Computer Vision | Artificial Intelligence | Machine Learning,0.271849 | 0.239854 | 0.217968,Computer Vision | Artificial Intelligence | Machine Learning | Robotics | Human-Computer Interaction,0.271849 | 0.239854 | 0.217968 | 0.214499 | 0.212494
bertopic,Jisoo Mok,Artificial Intelligence | Computer Vision | Machine Learning | Natural Language Processing,Software Engineering,0.335621,Software Engineering | Data Mining | The Web & Information Retrieval,0.335621 | 0.325508 | 0.316936,Software Engineering | Data Mining | The Web & Information Retrieval | Natural Language Processing | Artificial Intelligence,0.335621 | 0.325508 | 0.316936 | 0.313181 | 0.301944
bertopic,Jitendra Malik,Computer Graphics | Computer Vision | Machine Learning | Natural Language Processing | Robotics,Robotics,0.823393,Robotics | Computer Vision | Computer Graphics,0.823393 | 0.665824 | 0.634977,Robotics | Computer Vision | Computer Graphics | Machine Learning | Human-Computer Interaction,0.823393 | 0.665824 | 0.634977 | 0.619544 | 0.618802
bertopic,Jiuyong Li,Artificial Intelligence | Data Mining | Databases | Machine Learning | Natural Language Processing | The Web & Information Retrieval,The Web & Information Retrieval,0.151963,The Web & Information Retrieval | Visualization | Data Mining,0.151963 | 0.150856 | 0.138044,The Web & Information Retrieval | Visualization | Data Mining | Natural Language Processing | Artificial Intelligence,0.151963 | 0.150856 | 0.138044 | 0.133408 | 0.130082
bertopic,Jocelyn Dunstan,Machine Learning,Natural Language Processing,0.297094,Natural Language Processing | The Web & Information Retrieval | Machine Learning,0.297094 | 0.198537 | 0.191163,Natural Language Processing | The Web & Information Retrieval | Machine Learning | Artificial Intelligence | Data Mining,0.297094 | 0.198537 | 0.191163 | 0.189328 | 0.177137
bertopic,Joel H. Saltz,Computer Vision | Databases,Computer Vision,0.474185,Computer Vision | Machine Learning | Artificial Intelligence,0.474185 | 0.448499 | 0.445627,Computer Vision | Machine Learning | Artificial Intelligence | Natural Language Processing | Data Mining,0.474185 | 0.448499 | 0.445627 | 0.428179 | 0.403101
bertopic,John C. S. Lui,Artificial Intelligence | Data Mining | Databases | Machine Learning | The Web & Information Retrieval,Machine Learning,0.470724,Machine Learning | Artificial Intelligence | Data Mining,0.470724 | 0.449512 | 0.440683,Machine Learning | Artificial Intelligence | Data Mining | The Web & Information Retrieval | Natural Language Processing,0.470724 | 0.449512 | 0.440683 | 0.419458 | 0.387205
bertopic,John V. Guttag,Artificial Intelligence | Computer Graphics | Computer Vision | Data Mining | Human-Computer Interaction | Machine Learning,Computer Vision,0.516021,Computer Vision | Computer Graphics | Robotics,0.516021 | 0.515205 | 0.470810,Computer Vision | Computer Graphics | Robotics | Machine Learning | Artificial Intelligence,0.516021 | 0.515205 | 0.470810 | 0.434725 | 0.425921
bertopic,Jonathan Berant,Artificial Intelligence | Machine Learning | Natural Language Processing,Natural Language Processing,0.721282,Natural Language Processing | Artificial Intelligence | Machine Learning,0.721282 | 0.641908 | 0.639025,Natural Language Processing | Artificial Intelligence | Machine Learning | The Web & Information Retrieval | Data Mining,0.721282 | 0.641908 | 0.639025 | 0.602993 | 0.595252
bertopic,Jonathan K. Kummerfeld,Human-Computer Interaction | Machine Learning | Natural Language Processing | The Web & Information Retrieval,Natural Language Processing,0.349703,Natural Language Processing | The Web & Information Retrieval | Artificial Intelligence,0.349703 | 0.341874 | 0.341603,Natural Language Processing | The Web & Information Retrieval | Artificial Intelligence | Machine Learning | Human-Computer Interaction,0.349703 | 0.341874 | 0.341603 | 0.329270 | 0.325676
bertopic,Jongheon Jeong,Artificial Intelligence | Computer Vision | Machine Learning,Computer Vision,0.473366,Computer Vision | Machine Learning | Artificial Intelligence,0.473366 | 0.454170 | 0.441516,Computer Vision | Machine Learning | Artificial Intelligence | Natural Language Processing | Computer Graphics,0.473366 | 0.454170 | 0.441516 | 0.426450 | 0.424347
bertopic,Joseph Jay Williams,Artificial Intelligence,Natural Language Processing,0.407845,Natural Language Processing | Human-Computer Interaction | Visualization,0.407845 | 0.404772 | 0.382794,Natural Language Processing | Human-Computer Interaction | Visualization | Artificial Intelligence | The Web & Information Retrieval,0.407845 | 0.404772 | 0.382794 | 0.347659 | 0.347435
bertopic,José Camacho-Collados,Artificial Intelligence | Machine Learning | Natural Language Processing,Natural Language Processing,0.296241,Natural Language Processing | Artificial Intelligence | The Web & Information Retrieval,0.296241 | 0.254260 | 0.247995,Natural Language Processing | Artificial Intelligence | The Web & Information Retrieval | Machine Learning | Data Mining,0.296241 | 0.254260 | 0.247995 | 0.242663 | 0.240874
bertopic,Judy Hoffman,Computer Vision | Machine Learning | Robotics,Computer Vision,0.364377,Computer Vision | Machine Learning | Natural Language Processing,0.364377 | 0.334275 | 0.332914,Computer Vision | Machine Learning | Natural Language Processing | Human-Computer Interaction | Artificial Intelligence,0.364377 | 0.334275 | 0.332914 | 0.330980 | 0.327622
bertopic,Juho Kannala,Artificial Intelligence | Computer Vision | Machine Learning | Robotics,Computer Vision,0.375318,Computer Vision | Robotics | Artificial Intelligence,0.375318 | 0.363506 | 0.332066,Computer Vision | Robotics | Artificial Intelligence | Machine Learning | Computer Graphics,0.375318 | 0.363506 | 0.332066 | 0.326175 | 0.293156
bertopic,Julie A. Shah,Artificial Intelligence | Human-Computer Interaction | Machine Learning | Natural Language Processing | Robotics | The Web & Information Retrieval,Robotics,0.573684,Robotics | Artificial Intelligence | Machine Learning,0.573684 | 0.573369 | 0.568376,Robotics | Artificial Intelligence | Machine Learning | Natural Language Processing | Data Mining,0.573684 | 0.573369 | 0.568376 | 0.550708 | 0.500656
bertopic,Jun Zhu 0001,Artificial Intelligence | Computer Vision | Data Mining | Databases | Machine Learning | Natural Language Processing | The Web & Information Retrieval | Visualization,Machine Learning,0.445414,Machine Learning | Computer Vision | Artificial Intelligence,0.445414 | 0.428963 | 0.421796,Machine Learning | Computer Vision | Artificial Intelligence | Computer Graphics | Natural Language Processing,0.445414 | 0.428963 | 0.421796 | 0.394884 | 0.393883
bertopic,Juncheng Li 0006,Artificial Intelligence | Computer Vision | Machine Learning | Natural Language Processing | The Web & Information Retrieval,Natural Language Processing,0.562042,Natural Language Processing | Computer Vision | Artificial Intelligence,0.562042 | 0.542312 | 0.523006,Natural Language Processing | Computer Vision | Artificial Intelligence | Machine Learning | Software Engineering,0.562042 | 0.542312 | 0.523006 | 0.513967 | 0.478603
bertopic,Jungdam Won,Computer Graphics | Computer Vision,Computer Graphics,0.287736,Computer Graphics | Robotics | Computer Vision,0.287736 | 0.274489 | 0.220569,Computer Graphics | Robotics | Computer Vision | Human-Computer Interaction | Artificial Intelligence,0.287736 | 0.274489 | 0.220569 | 0.188832 | 0.174409
bertopic,Kai Zhang 0008,Artificial Intelligence | Computer Vision | Machine Learning | Robotics,Computer Vision,0.394869,Computer Vision | Robotics | Computer Graphics,0.394869 | 0.374443 | 0.359477,Computer Vision | Robotics | Computer Graphics | Artificial Intelligence | Machine Learning,0.394869 | 0.374443 | 0.359477 | 0.320806 | 0.319853
bertopic,Kaiqi Zhao 0001,Artificial Intelligence | Data Mining | Databases | The Web & Information Retrieval,Databases,0.339665,Databases | The Web & Information Retrieval | Data Mining,0.339665 | 0.224797 | 0.224269,Databases | The Web & Information Retrieval | Data Mining | Software Engineering | Natural Language Processing,0.339665 | 0.224797 | 0.224269 | 0.222229 | 0.188880
bertopic,Kan Ren,Artificial Intelligence | Computer Vision | Data Mining | Machine Learning | Natural Language Processing | The Web & Information Retrieval | Visualization,Databases,0.201952,Databases | Data Mining | Software Engineering,0.201952 | 0.175144 | 0.169314,Databases | Data Mining | Software Engineering | The Web & Information Retrieval | Human-Computer Interaction,0.201952 | 0.175144 | 0.169314 | 0.155309 | 0.148334
bertopic,Kannan Ramchandran,Data Mining | Machine Learning,Machine Learning,0.209838,Machine Learning | Artificial Intelligence | Natural Language Processing,0.209838 | 0.193835 | 0.193480,Machine Learning | Artificial Intelligence | Natural Language Processing | Data Mining | Computer Vision,0.209838 | 0.193835 | 0.193480 | 0.178969 | 0.176131
bertopic,Karl Tuyls,Artificial Intelligence | Machine Learning | Robotics,Artificial Intelligence,0.378883,Artificial Intelligence | Machine Learning | Natural Language Processing,0.378883 | 0.373806 | 0.366414,Artificial Intelligence | Machine Learning | Natural Language Processing | The Web & Information Retrieval | Data Mining,0.378883 | 0.373806 | 0.366414 | 0.352911 | 0.341141
bertopic,Katerina Fragkiadaki,Artificial Intelligence | Computer Vision | Machine Learning | Robotics,Computer Vision,0.527323,Computer Vision | Computer Graphics | Robotics,0.527323 | 0.520597 | 0.489955,Computer Vision | Computer Graphics | Robotics | Machine Learning | Artificial Intelligence,0.527323 | 0.520597 | 0.489955 | 0.441399 | 0.437453
bertopic,Katrina Ligett,Machine Learning | The Web & Information Retrieval,Artificial Intelligence,0.281372,Artificial Intelligence | Machine Learning | Robotics,0.281372 | 0.279321 | 0.270589,Artificial Intelligence | Machine Learning | Robotics | Natural Language Processing | Human-Computer Interaction,0.281372 | 0.279321 | 0.270589 | 0.263619 | 0.263193
bertopic,Ke Yi 0001,Data Mining | Databases | Human-Computer Interaction | Machine Learning,Databases,0.428479,Databases | Data Mining | Software Engineering,0.428479 | 0.246040 | 0.245883,Databases | Data Mining | Software Engineering | Visualization | The Web & Information Retrieval,0.428479 | 0.246040 | 0.245883 | 0.219405 | 0.218729
bertopic,Kehai Chen,Artificial Intelligence | Natural Language Processing,Natural Language Processing,0.515850,Natural Language Processing | Machine Learning | Artificial Intelligence,0.515850 | 0.467494 | 0.467017,Natural Language Processing | Machine Learning | Artificial Intelligence | Data Mining | Computer Vision,0.515850 | 0.467494 | 0.467017 | 0.415157 | 0.412533
bertopic,Ken-ichi Kawarabayashi,Artificial Intelligence | Data Mining | Databases | Machine Learning | Natural Language Processing,Data Mining,0.310693,Data Mining | The Web & Information Retrieval | Databases,0.310693 | 0.308238 | 0.280164,Data Mining | The Web & Information Retrieval | Databases | Natural Language Processing | Artificial Intelligence,0.310693 | 0.308238 | 0.280164 | 0.279384 | 0.247966
bertopic,Kenji Kawaguchi,Artificial Intelligence | Computer Vision | Data Mining | Machine Learning | Natural Language Processing | The Web & Information Retrieval,Machine Learning,0.739005,Machine Learning | Natural Language Processing | Artificial Intelligence,0.739005 | 0.728018 | 0.723781,Machine Learning | Natural Language Processing | Artificial Intelligence | Computer Vision | Data Mining,0.739005 | 0.728018 | 0.723781 | 0.693188 | 0.666135
bertopic,Kenton Murray,Computer Vision | Machine Learning | Natural Language Processing | The Web & Information Retrieval,Natural Language Processing,0.384365,Natural Language Processing | Computer Vision | The Web & Information Retrieval,0.384365 | 0.373710 | 0.353021,Natural Language Processing | Computer Vision | The Web & Information Retrieval | Artificial Intelligence | Machine Learning,0.384365 | 0.373710 | 0.353021 | 0.347978 | 0.334810
bertopic,Keze Wang,Artificial Intelligence | Computer Vision | Data Mining | Machine Learning | Natural Language Processing | Robotics,Computer Vision,0.389266,Computer Vision | Natural Language Processing | Artificial Intelligence,0.389266 | 0.385236 | 0.377170,Computer Vision | Natural Language Processing | Artificial Intelligence | Machine Learning | Data Mining,0.389266 | 0.385236 | 0.377170 | 0.368673 | 0.345971
bertopic,Kfir Y. Levy,Artificial Intelligence | Machine Learning,Machine Learning,0.420173,Machine Learning | Artificial Intelligence | Data Mining,0.420173 | 0.377561 | 0.332341,Machine Learning | Artificial Intelligence | Data Mining | Natural Language Processing | Computer Vision,0.420173 | 0.377561 | 0.332341 | 0.306973 | 0.293796
bertopic,Kian-Lee Tan,Artificial Intelligence | Data Mining | Databases | The Web & Information Retrieval,Human-Computer Interaction,0.398220,Human-Computer Interaction | Databases | Visualization,0.398220 | 0.349338 | 0.338834,Human-Computer Interaction | Databases | Visualization | Data Mining | The Web & Information Retrieval,0.398220 | 0.349338 | 0.338834 | 0.239018 | 0.233317
bertopic,Klaus Hildebrandt,Computer Graphics | Computer Vision | Human-Computer Interaction | Visualization,Computer Graphics,0.339411,Computer Graphics | Computer Vision | Robotics,0.339411 | 0.280814 | 0.258489,Computer Graphics | Computer Vision | Robotics | Machine Learning | Artificial Intelligence,0.339411 | 0.280814 | 0.258489 | 0.251504 | 0.239609
bertopic,Konstantinos Karydis,Computer Vision | Robotics,Robotics,0.288816,Robotics | Artificial Intelligence | Machine Learning,0.288816 | 0.196125 | 0.192030,Robotics | Artificial Intelligence | Machine Learning | Natural Language Processing | Computer Vision,0.288816 | 0.196125 | 0.192030 | 0.180223 | 0.168298
bertopic,Kris Hauser,Computer Vision | Robotics,Robotics,0.642490,Robotics | Computer Graphics | Human-Computer Interaction,0.642490 | 0.471908 | 0.457935,Robotics | Computer Graphics | Human-Computer Interaction | Computer Vision | Machine Learning,0.642490 | 0.471908 | 0.457935 | 0.442382 | 0.421566
bertopic,Krishna P. Gummadi,Artificial Intelligence | Data Mining | Databases | Machine Learning | The Web & Information Retrieval,Machine Learning,0.344328,Machine Learning | Natural Language Processing | Artificial Intelligence,0.344328 | 0.326770 | 0.320077,Machine Learning | Natural Language Processing | Artificial Intelligence | Computer Vision | Data Mining,0.344328 | 0.326770 | 0.320077 | 0.319930 | 0.308919
bertopic,Kui Jia,Artificial Intelligence | Computer Vision | Machine Learning | Robotics,Computer Graphics,0.785338,Computer Graphics | Computer Vision | Robotics,0.785338 | 0.703425 | 0.660509,Computer Graphics | Computer Vision | Robotics | Machine Learning | Artificial Intelligence,0.785338 | 0.703425 | 0.660509 | 0.597400 | 0.579753
bertopic,Kwang Moo Yi,Computer Vision | Machine Learning,Computer Vision,0.479150,Computer Vision | Computer Graphics | Artificial Intelligence,0.479150 | 0.462274 | 0.421736,Computer Vision | Computer Graphics | Artificial Intelligence | Machine Learning | Robotics,0.479150 | 0.462274 | 0.421736 | 0.417344 | 0.397610
bertopic,Kyong Hwan Jin,Computer Vision | Robotics,Computer Graphics,0.561140,Computer Graphics | Computer Vision | Robotics,0.561140 | 0.470188 | 0.426103,Computer Graphics | Computer Vision | Robotics | Machine Learning | Artificial Intelligence,0.561140 | 0.470188 | 0.426103 | 0.386215 | 0.378135
bertopic,Kyoung Mu Lee,Artificial Intelligence | Computer Vision | Machine Learning,Computer Graphics,0.816692,Computer Graphics | Computer Vision | Robotics,0.816692 | 0.736098 | 0.683380,Computer Graphics | Computer Vision | Robotics | Machine Learning | Artificial Intelligence,0.816692 | 0.736098 | 0.683380 | 0.613270 | 0.601950
bertopic,Kyunghyun Cho,Artificial Intelligence | Computer Vision | Machine Learning | Natural Language Processing | Visualization,Natural Language Processing,0.636884,Natural Language Processing | Data Mining | Machine Learning,0.636884 | 0.615000 | 0.614714,Natural Language Processing | Data Mining | Machine Learning | Artificial Intelligence | The Web & Information Retrieval,0.636884 | 0.615000 | 0.614714 | 0.610258 | 0.575640
bertopic,Lalitha Sankar,Machine Learning | Visualization,Machine Learning,0.221256,Machine Learning | Artificial Intelligence | Data Mining,0.221256 | 0.180929 | 0.154002,Machine Learning | Artificial Intelligence | Data Mining | Natural Language Processing | Computer Vision,0.221256 | 0.180929 | 0.154002 | 0.137399 | 0.132875
bertopic,Lan Wang,Computer Vision | Natural Language Processing | The Web & Information Retrieval,The Web & Information Retrieval,0.196680,The Web & Information Retrieval | Natural Language Processing | Artificial Intelligence,0.196680 | 0.195892 | 0.162891,The Web & Information Retrieval | Natural Language Processing | Artificial Intelligence | Data Mining | Computer Vision,0.196680 | 0.195892 | 0.162891 | 0.159729 | 0.157233
bertopic,Lantao Liu,Robotics,Computer Vision,0.374801,Computer Vision | Artificial Intelligence | Machine Learning,0.374801 | 0.340564 | 0.332564,Computer Vision | Artificial Intelligence | Machine Learning | Natural Language Processing | Robotics,0.374801 | 0.340564 | 0.332564 | 0.305017 | 0.303544
bertopic,Lars Lindemann,Artificial Intelligence | Machine Learning | Robotics | Software Engineering,Robotics,0.370559,Robotics | Artificial Intelligence | Machine Learning,0.370559 | 0.335546 | 0.331856,Robotics | Artificial Intelligence | Machine Learning | Natural Language Processing | Computer Vision,0.370559 | 0.335546 | 0.331856 | 0.311964 | 0.299038
bertopic,Laura Alonso Alemany,Machine Learning,Natural Language Processing,0.297094,Natural Language Processing | The Web & Information Retrieval | Machine Learning,0.297094 | 0.198537 | 0.191163,Natural Language Processing | The Web & Information Retrieval | Machine Learning | Artificial Intelligence | Data Mining,0.297094 | 0.198537 | 0.191163 | 0.189328 | 0.177137
bertopic,Lei Zhang 0006,Artificial Intelligence | Computer Graphics | Computer Vision | Databases | Machine Learning,Computer Graphics,0.522053,Computer Graphics | Computer Vision | Artificial Intelligence,0.522053 | 0.520738 | 0.453243,Computer Graphics | Computer Vision | Artificial Intelligence | Robotics | Machine Learning,0.522053 | 0.520738 | 0.453243 | 0.449069 | 0.439339
bertopic,Lei Zou 0001,Artificial Intelligence | Data Mining | Databases | Natural Language Processing,Databases,0.494568,Databases | Data Mining | The Web & Information Retrieval,0.494568 | 0.402905 | 0.366910,Databases | Data Mining | The Web & Information Retrieval | Software Engineering | Artificial Intelligence,0.494568 | 0.402905 | 0.366910 | 0.286118 | 0.277115
bertopic,Leif Azzopardi,The Web & Information Retrieval,The Web & Information Retrieval,0.389209,The Web & Information Retrieval | Natural Language Processing | Human-Computer Interaction,0.389209 | 0.219545 | 0.217773,The Web & Information Retrieval | Natural Language Processing | Human-Computer Interaction | Data Mining | Visualization,0.389209 | 0.219545 | 0.217773 | 0.198801 | 0.149943
bertopic,Leila Takayama,Robotics,Robotics,0.253412,Robotics | Computer Vision | Computer Graphics,0.253412 | 0.137915 | 0.135048,Robotics | Computer Vision | Computer Graphics | Human-Computer Interaction | Artificial Intelligence,0.253412 | 0.137915 | 0.135048 | 0.132610 | 0.132013
bertopic,Leonidas J. Guibas,Computer Graphics | Computer Vision | Data Mining | Machine Learning | Robotics,Computer Graphics,0.881164,Computer Graphics | Robotics | Computer Vision,0.881164 | 0.767444 | 0.761211,Computer Graphics | Robotics | Computer Vision | Machine Learning | Artificial Intelligence,0.881164 | 0.767444 | 0.761211 | 0.639376 | 0.621382
bertopic,Lequan Yu,Artificial Intelligence | Computer Graphics | Computer Vision | Machine Learning,Computer Vision,0.231474,Computer Vision | Natural Language Processing | Artificial Intelligence,0.231474 | 0.227222 | 0.226684,Computer Vision | Natural Language Processing | Artificial Intelligence | Machine Learning | Software Engineering,0.231474 | 0.227222 | 0.226684 | 0.222364 | 0.207932
bertopic,Liang Feng 0001,Artificial Intelligence | Databases | Machine Learning,Natural Language Processing,0.259934,Natural Language Processing | Artificial Intelligence | Machine Learning,0.259934 | 0.217337 | 0.214213,Natural Language Processing | Artificial Intelligence | Machine Learning | Data Mining | Software Engineering,0.259934 | 0.217337 | 0.214213 | 0.210351 | 0.207059
bertopic,Liang Lin,Artificial Intelligence | Computer Graphics | Computer Vision | Data Mining | Databases | Machine Learning | Natural Language Processing | Robotics | The Web & Information Retrieval,Computer Vision,0.717888,Computer Vision | Robotics | Computer Graphics,0.717888 | 0.700922 | 0.674014,Computer Vision | Robotics | Computer Graphics | Artificial Intelligence | Machine Learning,0.717888 | 0.700922 | 0.674014 | 0.667762 | 0.664808
bertopic,Lianhui Qin,Human-Computer Interaction | Machine Learning | Natural Language Processing,Natural Language Processing,0.217605,Natural Language Processing | The Web & Information Retrieval | Data Mining,0.217605 | 0.192173 | 0.187633,Natural Language Processing | The Web & Information Retrieval | Data Mining | Artificial Intelligence | Machine Learning,0.217605 | 0.192173 | 0.187633 | 0.175607 | 0.165976
bertopic,Lidan Shou,Artificial Intelligence | Data Mining | Databases | Machine Learning | Natural Language Processing | The Web & Information Retrieval,Databases,0.241531,Databases | Software Engineering | Visualization,0.241531 | 0.162271 | 0.146346,Databases | Software Engineering | Visualization | Data Mining | The Web & Information Retrieval,0.241531 | 0.162271 | 0.146346 | 0.128222 | 0.107874
bertopic,Lie He,Machine Learning,Data Mining,0.256751,Data Mining | Artificial Intelligence | Machine Learning,0.256751 | 0.239938 | 0.233216,Data Mining | Artificial Intelligence | Machine Learning | The Web & Information Retrieval | Databases,0.256751 | 0.239938 | 0.233216 | 0.224054 | 0.223250
bertopic,Lihui Liu,Artificial Intelligence | Data Mining | Databases | Machine Learning | Natural Language Processing | The Web & Information Retrieval,Data Mining,0.554736,Data Mining | The Web & Information Retrieval | Databases,0.554736 | 0.542044 | 0.524602,Data Mining | The Web & Information Retrieval | Databases | Artificial Intelligence | Natural Language Processing,0.554736 | 0.542044 | 0.524602 | 0.456306 | 0.447282
bertopic,Lin Gao 0004,Artificial Intelligence | Computer Graphics | Computer Vision | Machine Learning,Computer Graphics,0.535786,Computer Graphics | Computer Vision | Robotics,0.535786 | 0.367882 | 0.330588,Computer Graphics | Computer Vision | Robotics | Machine Learning | Human-Computer Interaction,0.535786 | 0.367882 | 0.330588 | 0.275373 | 0.264669
bertopic,Lin Gu 0003,Artificial Intelligence | Computer Vision | Data Mining | Human-Computer Interaction | Machine Learning,Computer Vision,0.475179,Computer Vision | Natural Language Processing | Artificial Intelligence,0.475179 | 0.466857 | 0.461688,Computer Vision | Natural Language Processing | Artificial Intelligence | Machine Learning | Computer Graphics,0.475179 | 0.466857 | 0.461688 | 0.457586 | 0.423896
bertopic,Lin Shao 0002,Computer Vision | Machine Learning | Robotics,Computer Graphics,0.443346,Computer Graphics | Robotics | Computer Vision,0.443346 | 0.390679 | 0.362876,Computer Graphics | Robotics | Computer Vision | Machine Learning | Human-Computer Interaction,0.443346 | 0.390679 | 0.362876 | 0.324328 | 0.315101
bertopic,Lina Yao 0001,Artificial Intelligence | Computer Vision | Data Mining | Human-Computer Interaction | Machine Learning | Natural Language Processing | Robotics | The Web & Information Retrieval,Natural Language Processing,0.621015,Natural Language Processing | Artificial Intelligence | The Web & Information Retrieval,0.621015 | 0.563261 | 0.560727,Natural Language Processing | Artificial Intelligence | The Web & Information Retrieval | Machine Learning | Data Mining,0.621015 | 0.563261 | 0.560727 | 0.550209 | 0.536073
bertopic,Linfeng Zhang 0001,Artificial Intelligence | Computer Vision | Machine Learning | Natural Language Processing,Computer Vision,0.596100,Computer Vision | Artificial Intelligence | Machine Learning,0.596100 | 0.555013 | 0.554336,Computer Vision | Artificial Intelligence | Machine Learning | Natural Language Processing | Robotics,0.596100 | 0.555013 | 0.554336 | 0.531681 | 0.509514
bertopic,Ling Chen 0006,Artificial Intelligence | Computer Vision | Data Mining | Machine Learning | Natural Language Processing | The Web & Information Retrieval,Data Mining,0.412683,Data Mining | The Web & Information Retrieval | Natural Language Processing,0.412683 | 0.397072 | 0.392746,Data Mining | The Web & Information Retrieval | Natural Language Processing | Databases | Software Engineering,0.412683 | 0.397072 | 0.392746 | 0.378104 | 0.375616
bertopic,Ling Pan,Artificial Intelligence | Computer Vision | Machine Learning,Robotics,0.391488,Robotics | Machine Learning | Artificial Intelligence,0.391488 | 0.377611 | 0.365130,Robotics | Machine Learning | Artificial Intelligence | Natural Language Processing | Data Mining,0.391488 | 0.377611 | 0.365130 | 0.319770 | 0.302260
bertopic,Lingpeng Kong,Artificial Intelligence | Computer Vision | Machine Learning | Natural Language Processing,Natural Language Processing,0.719451,Natural Language Processing | Artificial Intelligence | Machine Learning,0.719451 | 0.634216 | 0.630917,Natural Language Processing | Artificial Intelligence | Machine Learning | Software Engineering | Computer Vision,0.719451 | 0.634216 | 0.630917 | 0.608171 | 0.602399
bertopic,Lisi Chen 0001,Artificial Intelligence | Data Mining | Databases | Natural Language Processing | The Web & Information Retrieval,Databases,0.268643,Databases | Data Mining | Artificial Intelligence,0.268643 | 0.231963 | 0.227196,Databases | Data Mining | Artificial Intelligence | Robotics | Computer Vision,0.268643 | 0.231963 | 0.227196 | 0.226517 | 0.215136
bertopic,Lizhuang Ma,Artificial Intelligence | Computer Graphics | Computer Vision | Machine Learning | Natural Language Processing,Computer Graphics,0.519163,Computer Graphics | Computer Vision | Machine Learning,0.519163 | 0.490744 | 0.447561,Computer Graphics | Computer Vision | Machine Learning | Artificial Intelligence | Robotics,0.519163 | 0.490744 | 0.447561 | 0.436136 | 0.413435
bertopic,Lu Qin 0001,Artificial Intelligence | Data Mining | Databases | The Web & Information Retrieval,Databases,0.576830,Databases | Data Mining | The Web & Information Retrieval,0.576830 | 0.412230 | 0.386670,Databases | Data Mining | The Web & Information Retrieval | Software Engineering | Artificial Intelligence,0.576830 | 0.412230 | 0.386670 | 0.293874 | 0.281114
bertopic,Lu Wang 0008,Artificial Intelligence | Computer Vision | Machine Learning | Natural Language Processing,Computer Vision,0.394333,Computer Vision | Natural Language Processing | Artificial Intelligence,0.394333 | 0.379325 | 0.365675,Computer Vision | Natural Language Processing | Artificial Intelligence | Machine Learning | Robotics,0.394333 | 0.379325 | 0.365675 | 0.362085 | 0.360666
bertopic,Ludwig Schmidt,Computer Vision | Machine Learning,Natural Language Processing,0.477255,Natural Language Processing | Machine Learning | Computer Vision,0.477255 | 0.453662 | 0.451994,Natural Language Processing | Machine Learning | Computer Vision | Artificial Intelligence | Data Mining,0.477255 | 0.453662 | 0.451994 | 0.444057 | 0.398132
bertopic,Luis Espinosa Anke,Artificial Intelligence | Natural Language Processing | The Web & Information Retrieval,Natural Language Processing,0.332890,Natural Language Processing | Artificial Intelligence | The Web & Information Retrieval,0.332890 | 0.285410 | 0.278302,Natural Language Processing | Artificial Intelligence | The Web & Information Retrieval | Machine Learning | Data Mining,0.332890 | 0.285410 | 0.278302 | 0.268104 | 0.261292
bertopic,Luke Zettlemoyer,Artificial Intelligence | Computer Vision | Machine Learning | Natural Language Processing | Robotics,Natural Language Processing,0.678719,Natural Language Processing | Machine Learning | Artificial Intelligence,0.678719 | 0.581359 | 0.576874,Natural Language Processing | Machine Learning | Artificial Intelligence | Computer Vision | The Web & Information Retrieval,0.678719 | 0.581359 | 0.576874 | 0.553086 | 0.544010
bertopic,Madalina Fiterau,Computer Vision | Machine Learning,Databases,0.216782,Databases | Data Mining | The Web & Information Retrieval,0.216782 | 0.205290 | 0.186579,Databases | Data Mining | The Web & Information Retrieval | Software Engineering | Artificial Intelligence,0.216782 | 0.205290 | 0.186579 | 0.177866 | 0.174788
bertopic,Mahdi S. Hosseini,Computer Vision,Computer Vision,0.402973,Computer Vision | Computer Graphics | Robotics,0.402973 | 0.383959 | 0.370116,Computer Vision | Computer Graphics | Robotics | Machine Learning | Artificial Intelligence,0.402973 | 0.383959 | 0.370116 | 0.368607 | 0.357289
bertopic,Maneesh Agrawala,Computer Graphics | Computer Vision | Data Mining | Human-Computer Interaction | Visualization,Computer Graphics,0.610828,Computer Graphics | Human-Computer Interaction | Computer Vision,0.610828 | 0.597015 | 0.586738,Computer Graphics | Human-Computer Interaction | Computer Vision | Visualization | Machine Learning,0.610828 | 0.597015 | 0.586738 | 0.580034 | 0.545208
bertopic,Manolis Zampetakis,Artificial Intelligence | Machine Learning,Machine Learning,0.273184,Machine Learning | Natural Language Processing | Artificial Intelligence,0.273184 | 0.269967 | 0.269792,Machine Learning | Natural Language Processing | Artificial Intelligence | The Web & Information Retrieval | Software Engineering,0.273184 | 0.269967 | 0.269792 | 0.248545 | 0.239200
bertopic,Marcel Worring,Computer Vision | Human-Computer Interaction | Machine Learning | The Web & Information Retrieval | Visualization,Computer Vision,0.393377,Computer Vision | Natural Language Processing | Artificial Intelligence,0.393377 | 0.381206 | 0.353835,Computer Vision | Natural Language Processing | Artificial Intelligence | Machine Learning | Computer Graphics,0.393377 | 0.381206 | 0.353835 | 0.353695 | 0.320678
bertopic,Marcello Restelli,Artificial Intelligence | Data Mining | Machine Learning | Robotics | The Web & Information Retrieval,Machine Learning,0.488059,Machine Learning | Artificial Intelligence | Robotics,0.488059 | 0.455833 | 0.431708,Machine Learning | Artificial Intelligence | Robotics | Data Mining | Natural Language Processing,0.488059 | 0.455833 | 0.431708 | 0.387693 | 0.363855
bertopic,Mario Fritz,Artificial Intelligence | Computer Vision | Machine Learning | Natural Language Processing | Robotics,Natural Language Processing,0.686099,Natural Language Processing | Artificial Intelligence | Machine Learning,0.686099 | 0.666681 | 0.664284,Natural Language Processing | Artificial Intelligence | Machine Learning | Computer Vision | Data Mining,0.686099 | 0.666681 | 0.664284 | 0.628636 | 0.612411
bertopic,Marius Lindauer,Artificial Intelligence | Machine Learning,Human-Computer Interaction,0.309877,Human-Computer Interaction | Visualization | Natural Language Processing,0.309877 | 0.221355 | 0.213377,Human-Computer Interaction | Visualization | Natural Language Processing | Artificial Intelligence | Robotics,0.309877 | 0.221355 | 0.213377 | 0.208975 | 0.208456
bertopic,Mark Braverman,Machine Learning,Machine Learning,0.211226,Machine Learning | Natural Language Processing | Artificial Intelligence,0.211226 | 0.203006 | 0.202371,Machine Learning | Natural Language Processing | Artificial Intelligence | Data Mining | Computer Vision,0.211226 | 0.203006 | 0.202371 | 0.198926 | 0.184978
bertopic,Mark Sanderson,Human-Computer Interaction | Natural Language Processing | The Web & Information Retrieval,The Web & Information Retrieval,0.363281,The Web & Information Retrieval | Human-Computer Interaction | Natural Language Processing,0.363281 | 0.179883 | 0.179072,The Web & Information Retrieval | Human-Computer Interaction | Natural Language Processing | Data Mining | Artificial Intelligence,0.363281 | 0.179883 | 0.179072 | 0.158293 | 0.105029
bertopic,Marlos C. Machado,Artificial Intelligence | Machine Learning | Robotics,Machine Learning,0.217042,Machine Learning | Artificial Intelligence | Data Mining,0.217042 | 0.199628 | 0.196962,Machine Learning | Artificial Intelligence | Data Mining | Computer Vision | Natural Language Processing,0.217042 | 0.199628 | 0.196962 | 0.189054 | 0.181180
bertopic,Marti A. Hearst,Databases | Human-Computer Interaction | Natural Language Processing | Visualization,Visualization,0.348765,Visualization | Human-Computer Interaction | Natural Language Processing,0.348765 | 0.259164 | 0.151519,Visualization | Human-Computer Interaction | Natural Language Processing | The Web & Information Retrieval | Data Mining,0.348765 | 0.259164 | 0.151519 | 0.136305 | 0.117481
bertopic,Martin J. Wainwright,Machine Learning,Machine Learning,0.287576,Machine Learning | Robotics | Artificial Intelligence,0.287576 | 0.283945 | 0.264995,Machine Learning | Robotics | Artificial Intelligence | Data Mining | Natural Language Processing,0.287576 | 0.283945 | 0.264995 | 0.219840 | 0.213683
bertopic,Mathieu Salzmann,Artificial Intelligence | Computer Vision | Machine Learning | Robotics,Computer Graphics,0.605419,Computer Graphics | Computer Vision | Robotics,0.605419 | 0.584016 | 0.579362,Computer Graphics | Computer Vision | Robotics | Machine Learning | Artificial Intelligence,0.605419 | 0.584016 | 0.579362 | 0.512456 | 0.491773
bertopic,Matthew Johnson-Roberson,Artificial Intelligence | Computer Vision | Robotics,Computer Graphics,0.547432,Computer Graphics | Robotics | Computer Vision,0.547432 | 0.438615 | 0.417704,Computer Graphics | Robotics | Computer Vision | Machine Learning | Artificial Intelligence,0.547432 | 0.438615 | 0.417704 | 0.324896 | 0.319393
bertopic,Matthias Lanzinger,Artificial Intelligence | Databases | Machine Learning,Data Mining,0.492055,Data Mining | Databases | The Web & Information Retrieval,0.492055 | 0.478683 | 0.434817,Data Mining | Databases | The Web & Information Retrieval | Artificial Intelligence | Software Engineering,0.492055 | 0.478683 | 0.434817 | 0.319841 | 0.305748
bertopic,Matus Telgarsky,Machine Learning,Machine Learning,0.263783,Machine Learning | Artificial Intelligence | Data Mining,0.263783 | 0.215555 | 0.177730,Machine Learning | Artificial Intelligence | Data Mining | Computer Vision | Robotics,0.263783 | 0.215555 | 0.177730 | 0.170893 | 0.162316
bertopic,Maxim Panov,Artificial Intelligence | Machine Learning | Natural Language Processing | The Web & Information Retrieval,Natural Language Processing,0.546273,Natural Language Processing | Machine Learning | Computer Vision,0.546273 | 0.478384 | 0.478221,Natural Language Processing | Machine Learning | Computer Vision | Artificial Intelligence | Software Engineering,0.546273 | 0.478384 | 0.478221 | 0.475169 | 0.440403
bertopic,Mayur Naik,Artificial Intelligence | Databases | Human-Computer Interaction | Machine Learning | Software Engineering,Computer Vision,0.341237,Computer Vision | Artificial Intelligence | Natural Language Processing,0.341237 | 0.326501 | 0.321700,Computer Vision | Artificial Intelligence | Natural Language Processing | Machine Learning | Robotics,0.341237 | 0.326501 | 0.321700 | 0.309079 | 0.303881
bertopic,Meina Song,Artificial Intelligence | Machine Learning | Natural Language Processing | The Web & Information Retrieval,Natural Language Processing,0.235193,Natural Language Processing | The Web & Information Retrieval | Data Mining,0.235193 | 0.206219 | 0.187620,Natural Language Processing | The Web & Information Retrieval | Data Mining | Artificial Intelligence | Machine Learning,0.235193 | 0.206219 | 0.187620 | 0.185263 | 0.173824
bertopic,Mengyu Chu,Computer Graphics | Computer Vision,Computer Graphics,0.522531,Computer Graphics | Computer Vision | Robotics,0.522531 | 0.371192 | 0.360123,Computer Graphics | Computer Vision | Robotics | Machine Learning | Artificial Intelligence,0.522531 | 0.371192 | 0.360123 | 0.335138 | 0.312138
bertopic,Michael C. Yip,Computer Vision | Machine Learning | Robotics,Robotics,0.279636,Robotics | Machine Learning | Computer Vision,0.279636 | 0.128159 | 0.125759,Robotics | Machine Learning | Computer Vision | Artificial Intelligence | Human-Computer Interaction,0.279636 | 0.128159 | 0.125759 | 0.121707 | 0.109928
bertopic,Michael Elad,Computer Graphics | Computer Vision | Machine Learning,Computer Vision,0.177436,Computer Vision | Machine Learning | Artificial Intelligence,0.177436 | 0.174453 | 0.172306,Computer Vision | Machine Learning | Artificial Intelligence | Computer Graphics | Natural Language Processing,0.177436 | 0.174453 | 0.172306 | 0.145134 | 0.139838
bertopic,Michael Granitzer,The Web & Information Retrieval,The Web & Information Retrieval,0.393224,The Web & Information Retrieval | Natural Language Processing | Data Mining,0.393224 | 0.301875 | 0.270244,The Web & Information Retrieval | Natural Language Processing | Data Mining | Human-Computer Interaction | Artificial Intelligence,0.393224 | 0.301875 | 0.270244 | 0.254179 | 0.228336
bertopic,Michael Nebeling,Human-Computer Interaction,Human-Computer Interaction,0.470176,Human-Computer Interaction | Visualization | Data Mining,0.470176 | 0.311503 | 0.174257,Human-Computer Interaction | Visualization | Data Mining | The Web & Information Retrieval | Natural Language Processing,0.470176 | 0.311503 | 0.174257 | 0.174000 | 0.165122
bertopic,Michael Pradel,Software Engineering | The Web & Information Retrieval,Software Engineering,0.711365,Software Engineering | Natural Language Processing | Databases,0.711365 | 0.425945 | 0.425617,Software Engineering | Natural Language Processing | Databases | The Web & Information Retrieval | Data Mining,0.711365 | 0.425945 | 0.425617 | 0.418388 | 0.412774
bertopic,Michael S. Brown,Artificial Intelligence | Computer Vision,Computer Graphics,0.543758,Computer Graphics | Computer Vision | Robotics,0.543758 | 0.498859 | 0.441572,Computer Graphics | Computer Vision | Robotics | Artificial Intelligence | Machine Learning,0.543758 | 0.498859 | 0.441572 | 0.396416 | 0.396255
bertopic,Michael Wessely,Human-Computer Interaction,Human-Computer Interaction,0.331085,Human-Computer Interaction | Computer Graphics | Visualization,0.331085 | 0.211776 | 0.208758,Human-Computer Interaction | Computer Graphics | Visualization | Robotics | Computer Vision,0.331085 | 0.211776 | 0.208758 | 0.191342 | 0.180092
bertopic,Michael Wray,Computer Vision | Machine Learning,Robotics,0.361732,Robotics | Computer Vision | Computer Graphics,0.361732 | 0.350822 | 0.320147,Robotics | Computer Vision | Computer Graphics | Machine Learning | Artificial Intelligence,0.361732 | 0.350822 | 0.320147 | 0.307020 | 0.300867
bertopic,Michele Parrinello,Machine Learning,Data Mining,0.416127,Data Mining | Databases | The Web & Information Retrieval,0.416127 | 0.378430 | 0.361701,Data Mining | Databases | The Web & Information Retrieval | Artificial Intelligence | Machine Learning,0.416127 | 0.378430 | 0.361701 | 0.334704 | 0.332561
bertopic,Mijung Kim,Computer Vision | Software Engineering,Software Engineering,0.235618,Software Engineering | Machine Learning | Artificial Intelligence,0.235618 | 0.107387 | 0.103307,Software Engineering | Machine Learning | Artificial Intelligence | Natural Language Processing | Computer Vision,0.235618 | 0.107387 | 0.103307 | 0.094185 | 0.089892
bertopic,Min Gao 0001,Artificial Intelligence | Data Mining | Databases | The Web & Information Retrieval,The Web & Information Retrieval,0.280291,The Web & Information Retrieval | Natural Language Processing | Data Mining,0.280291 | 0.270830 | 0.260977,The Web & Information Retrieval | Natural Language Processing | Data Mining | Artificial Intelligence | Software Engineering,0.280291 | 0.270830 | 0.260977 | 0.247872 | 0.234455
bertopic,Min Zhang 0006,Artificial Intelligence | Data Mining | Human-Computer Interaction | Natural Language Processing | The Web & Information Retrieval,The Web & Information Retrieval,0.363281,The Web & Information Retrieval | Human-Computer Interaction | Natural Language Processing,0.363281 | 0.179883 | 0.179072,The Web & Information Retrieval | Human-Computer Interaction | Natural Language Processing | Data Mining | Artificial Intelligence,0.363281 | 0.179883 | 0.179072 | 0.158293 | 0.105029
bertopic,Ming C. Lin,Artificial Intelligence | Computer Graphics | Computer Vision | Machine Learning | Robotics,Robotics,0.654521,Robotics | Computer Graphics | Computer Vision,0.654521 | 0.593699 | 0.576288,Robotics | Computer Graphics | Computer Vision | Machine Learning | Artificial Intelligence,0.654521 | 0.593699 | 0.576288 | 0.532961 | 0.523896
bertopic,Ming Yin 0001,Artificial Intelligence | Machine Learning | Natural Language Processing | The Web & Information Retrieval,Visualization,0.431944,Visualization | Human-Computer Interaction | Natural Language Processing,0.431944 | 0.361592 | 0.278407,Visualization | Human-Computer Interaction | Natural Language Processing | The Web & Information Retrieval | Data Mining,0.431944 | 0.361592 | 0.278407 | 0.255307 | 0.237165
bertopic,Ming-Hsuan Yang 0001,Artificial Intelligence | Computer Graphics | Computer Vision | Human-Computer Interaction | Machine Learning | Natural Language Processing,Computer Vision,0.688266,Computer Vision | Artificial Intelligence | Robotics,0.688266 | 0.614694 | 0.604713,Computer Vision | Artificial Intelligence | Robotics | Machine Learning | Computer Graphics,0.688266 | 0.614694 | 0.604713 | 0.601077 | 0.589500
bertopic,Minglun Gong,Artificial Intelligence | Computer Graphics | Computer Vision | Machine Learning,Computer Graphics,0.426036,Computer Graphics | Computer Vision | Robotics,0.426036 | 0.317719 | 0.313026,Computer Graphics | Computer Vision | Robotics | Machine Learning | Artificial Intelligence,0.426036 | 0.317719 | 0.313026 | 0.258214 | 0.250999
bertopic,Mingming Fan 0001,Computer Vision | Human-Computer Interaction | Visualization,Human-Computer Interaction,0.536158,Human-Computer Interaction | Robotics | Computer Graphics,0.536158 | 0.412001 | 0.409188,Human-Computer Interaction | Robotics | Computer Graphics | Computer Vision | Artificial Intelligence,0.536158 | 0.412001 | 0.409188 | 0.395388 | 0.376391
bertopic,Mingyi He,Artificial Intelligence | Computer Vision,Computer Vision,0.309061,Computer Vision | Computer Graphics | Robotics,0.309061 | 0.293643 | 0.279725,Computer Vision | Computer Graphics | Robotics | Artificial Intelligence | Machine Learning,0.309061 | 0.293643 | 0.279725 | 0.278795 | 0.277666
bertopic,Minhao Cheng,Artificial Intelligence | Computer Vision | Data Mining | Machine Learning | Natural Language Processing,Computer Vision,0.377466,Computer Vision | Natural Language Processing | Machine Learning,0.377466 | 0.363775 | 0.359582,Computer Vision | Natural Language Processing | Machine Learning | Artificial Intelligence | Computer Graphics,0.377466 | 0.363775 | 0.359582 | 0.358530 | 0.334766
bertopic,Minjing Dong,Artificial Intelligence | Computer Vision | Machine Learning,Computer Vision,0.358036,Computer Vision | Machine Learning | Artificial Intelligence,0.358036 | 0.319931 | 0.316759,Computer Vision | Machine Learning | Artificial Intelligence | Robotics | Natural Language Processing,0.358036 | 0.319931 | 0.316759 | 0.299331 | 0.294613
bertopic,Mirella Lapata,Artificial Intelligence | Machine Learning | Natural Language Processing,Natural Language Processing,0.559286,Natural Language Processing | The Web & Information Retrieval | Artificial Intelligence,0.559286 | 0.447882 | 0.445693,Natural Language Processing | The Web & Information Retrieval | Artificial Intelligence | Machine Learning | Data Mining,0.559286 | 0.447882 | 0.445693 | 0.431862 | 0.425953
bertopic,Mohamed Elhoseiny,Artificial Intelligence | Computer Vision | Machine Learning | Natural Language Processing | Robotics,Computer Vision,0.702903,Computer Vision | Natural Language Processing | Artificial Intelligence,0.702903 | 0.693090 | 0.672550,Computer Vision | Natural Language Processing | Artificial Intelligence | Machine Learning | Robotics,0.702903 | 0.693090 | 0.672550 | 0.665385 | 0.601766
bertopic,Mohit Iyyer,Artificial Intelligence | Computer Vision | Machine Learning | Natural Language Processing | The Web & Information Retrieval,Natural Language Processing,0.672483,Natural Language Processing | Artificial Intelligence | The Web & Information Retrieval,0.672483 | 0.591268 | 0.584059,Natural Language Processing | Artificial Intelligence | The Web & Information Retrieval | Machine Learning | Data Mining,0.672483 | 0.591268 | 0.584059 | 0.577014 | 0.566908
bertopic,Monica Agrawal,Human-Computer Interaction | Machine Learning | Natural Language Processing,Visualization,0.379634,Visualization | The Web & Information Retrieval | Databases,0.379634 | 0.351130 | 0.346856,Visualization | The Web & Information Retrieval | Databases | Human-Computer Interaction | Natural Language Processing,0.379634 | 0.351130 | 0.346856 | 0.342997 | 0.342260
bertopic,Mubbasir Kapadia,Artificial Intelligence | Computer Vision | Machine Learning | Natural Language Processing,Data Mining,0.407471,Data Mining | Databases | The Web & Information Retrieval,0.407471 | 0.378262 | 0.362345,Data Mining | Databases | The Web & Information Retrieval | Machine Learning | Artificial Intelligence,0.407471 | 0.378262 | 0.362345 | 0.316503 | 0.315897
bertopic,Muhao Chen 0001,Artificial Intelligence | Computer Vision | Data Mining | Databases | Machine Learning | Natural Language Processing | Software Engineering | The Web & Information Retrieval,Natural Language Processing,0.432566,Natural Language Processing | Machine Learning | Artificial Intelligence,0.432566 | 0.375040 | 0.374935,Natural Language Processing | Machine Learning | Artificial Intelligence | Software Engineering | Data Mining,0.432566 | 0.375040 | 0.374935 | 0.358016 | 0.353649
bertopic,Muyun Yang,Artificial Intelligence | Natural Language Processing,Natural Language Processing,0.387890,Natural Language Processing | Artificial Intelligence | Computer Vision,0.387890 | 0.329525 | 0.326774,Natural Language Processing | Artificial Intelligence | Computer Vision | Machine Learning | Data Mining,0.387890 | 0.329525 | 0.326774 | 0.324954 | 0.283948
bertopic,Najoung Kim,Artificial Intelligence | Machine Learning | Natural Language Processing,Natural Language Processing,0.270309,Natural Language Processing | The Web & Information Retrieval | Data Mining,0.270309 | 0.231628 | 0.211205,Natural Language Processing | The Web & Information Retrieval | Data Mining | Artificial Intelligence | Machine Learning,0.270309 | 0.231628 | 0.211205 | 0.211171 | 0.200331
bertopic,Nathan Srebro,Machine Learning,Machine Learning,0.381894,Machine Learning | Artificial Intelligence | Data Mining,0.381894 | 0.330005 | 0.306574,Machine Learning | Artificial Intelligence | Data Mining | Computer Vision | Natural Language Processing,0.381894 | 0.330005 | 0.306574 | 0.282432 | 0.274806
bertopic,Nezihe Merve Gürel,Data Mining | Databases | Machine Learning,Machine Learning,0.319619,Machine Learning | Artificial Intelligence | Data Mining,0.319619 | 0.295998 | 0.287283,Machine Learning | Artificial Intelligence | Data Mining | Computer Vision | Natural Language Processing,0.319619 | 0.295998 | 0.287283 | 0.285036 | 0.277514
bertopic,Nguyen Hoang Tran,Computer Vision | Machine Learning,Natural Language Processing,0.246835,Natural Language Processing | Computer Vision | Artificial Intelligence,0.246835 | 0.238568 | 0.232211,Natural Language Processing | Computer Vision | Artificial Intelligence | Machine Learning | Software Engineering,0.246835 | 0.238568 | 0.232211 | 0.228836 | 0.212530
bertopic,Ni Trieu,Databases,Databases,0.381304,Databases | Software Engineering | Data Mining,0.381304 | 0.199017 | 0.198552,Databases | Software Engineering | Data Mining | The Web & Information Retrieval | Machine Learning,0.381304 | 0.199017 | 0.198552 | 0.190576 | 0.164898
bertopic,Nicholas Diakopoulos,Visualization,The Web & Information Retrieval,0.396630,The Web & Information Retrieval | Human-Computer Interaction | Visualization,0.396630 | 0.354347 | 0.277966,The Web & Information Retrieval | Human-Computer Interaction | Visualization | Data Mining | Natural Language Processing,0.396630 | 0.354347 | 0.277966 | 0.265254 | 0.257434
bertopic,Nicola Gatti 0001,Artificial Intelligence | Data Mining | Machine Learning | The Web & Information Retrieval,Machine Learning,0.250328,Machine Learning | Artificial Intelligence | The Web & Information Retrieval,0.250328 | 0.231992 | 0.196993,Machine Learning | Artificial Intelligence | The Web & Information Retrieval | Data Mining | Natural Language Processing,0.250328 | 0.231992 | 0.196993 | 0.170732 | 0.167978
bertopic,Nicolas Loizou,Machine Learning,Machine Learning,0.224833,Machine Learning | Data Mining | Artificial Intelligence,0.224833 | 0.212448 | 0.201229,Machine Learning | Data Mining | Artificial Intelligence | Databases | The Web & Information Retrieval,0.224833 | 0.212448 | 0.201229 | 0.173531 | 0.167038
bertopic,Niko Sünderhauf,Computer Vision | Robotics,Robotics,0.279636,Robotics | Machine Learning | Computer Vision,0.279636 | 0.128159 | 0.125759,Robotics | Machine Learning | Computer Vision | Artificial Intelligence | Human-Computer Interaction,0.279636 | 0.128159 | 0.125759 | 0.121707 | 0.109928
bertopic,Nima Anari,Machine Learning,Machine Learning,0.232986,Machine Learning | Computer Vision | Artificial Intelligence,0.232986 | 0.222955 | 0.220995,Machine Learning | Computer Vision | Artificial Intelligence | Natural Language Processing | Data Mining,0.232986 | 0.222955 | 0.220995 | 0.213233 | 0.208043
bertopic,Ningyi Xu,Computer Vision | Machine Learning | Natural Language Processing | Robotics,Natural Language Processing,0.368993,Natural Language Processing | Computer Vision | Artificial Intelligence,0.368993 | 0.333807 | 0.329741,Natural Language Processing | Computer Vision | Artificial Intelligence | Machine Learning | Software Engineering,0.368993 | 0.333807 | 0.329741 | 0.329717 | 0.324297
bertopic,Nir Yosef,Machine Learning,Natural Language Processing,0.292306,Natural Language Processing | Visualization | Machine Learning,0.292306 | 0.285909 | 0.265364,Natural Language Processing | Visualization | Machine Learning | Data Mining | Human-Computer Interaction,0.292306 | 0.285909 | 0.265364 | 0.262571 | 0.262326
bertopic,Nitesh V. Chawla,Artificial Intelligence | Data Mining | Human-Computer Interaction | Machine Learning | Natural Language Processing | The Web & Information Retrieval | Visualization,Data Mining,0.363730,Data Mining | The Web & Information Retrieval | Databases,0.363730 | 0.316961 | 0.286338,Data Mining | The Web & Information Retrieval | Databases | Artificial Intelligence | Machine Learning,0.363730 | 0.316961 | 0.286338 | 0.266664 | 0.263233
bertopic,Nuno Vasconcelos,Computer Vision | Machine Learning,Computer Vision,0.794768,Computer Vision | Machine Learning | Artificial Intelligence,0.794768 | 0.737723 | 0.736501,Computer Vision | Machine Learning | Artificial Intelligence | Computer Graphics | Natural Language Processing,0.794768 | 0.737723 | 0.736501 | 0.692827 | 0.690969
bertopic,Oliver Brock,Robotics,Robotics,0.606198,Robotics | Human-Computer Interaction | Computer Graphics,0.606198 | 0.459169 | 0.441511,Robotics | Human-Computer Interaction | Computer Graphics | Computer Vision | Machine Learning,0.606198 | 0.459169 | 0.441511 | 0.416098 | 0.377163
bertopic,Otmar Hilliges,Computer Graphics | Computer Vision | Human-Computer Interaction | Machine Learning | Robotics,Computer Graphics,0.781650,Computer Graphics | Robotics | Computer Vision,0.781650 | 0.641724 | 0.616646,Computer Graphics | Robotics | Computer Vision | Human-Computer Interaction | Machine Learning,0.781650 | 0.641724 | 0.616646 | 0.529400 | 0.515904
bertopic,Pablo Barceló,Artificial Intelligence | Machine Learning,Data Mining,0.420497,Data Mining | The Web & Information Retrieval | Databases,0.420497 | 0.393162 | 0.385540,Data Mining | The Web & Information Retrieval | Databases | Natural Language Processing | Visualization,0.420497 | 0.393162 | 0.385540 | 0.332203 | 0.331707
bertopic,Pan Zhou 0002,Artificial Intelligence | Computer Vision | Machine Learning,Computer Vision,0.502850,Computer Vision | Computer Graphics | Machine Learning,0.502850 | 0.493981 | 0.466572,Computer Vision | Computer Graphics | Machine Learning | Artificial Intelligence | Robotics,0.502850 | 0.493981 | 0.466572 | 0.465518 | 0.462656
bertopic,Paolo Papotti,Artificial Intelligence | Data Mining | Databases | Machine Learning | Natural Language Processing | The Web & Information Retrieval,Databases,0.252517,Databases | Software Engineering | Data Mining,0.252517 | 0.234258 | 0.217431,Databases | Software Engineering | Data Mining | The Web & Information Retrieval | Natural Language Processing,0.252517 | 0.234258 | 0.217431 | 0.210217 | 0.200686
bertopic,Pari Delir Haghighi,Computer Vision,Human-Computer Interaction,0.428442,Human-Computer Interaction | Visualization | Natural Language Processing,0.428442 | 0.347351 | 0.345394,Human-Computer Interaction | Visualization | Natural Language Processing | Artificial Intelligence | Machine Learning,0.428442 | 0.347351 | 0.345394 | 0.289945 | 0.281140
bertopic,Pascal Friederich,Machine Learning,Robotics,0.347646,Robotics | Machine Learning | Artificial Intelligence,0.347646 | 0.330965 | 0.316095,Robotics | Machine Learning | Artificial Intelligence | Natural Language Processing | Computer Vision,0.347646 | 0.330965 | 0.316095 | 0.287050 | 0.271446
bertopic,Paul H. J. Kelly,Computer Vision | Robotics,Computer Graphics,0.429742,Computer Graphics | Robotics | Computer Vision,0.429742 | 0.389427 | 0.324042,Computer Graphics | Robotics | Computer Vision | Machine Learning | Human-Computer Interaction,0.429742 | 0.389427 | 0.324042 | 0.261639 | 0.259973
bertopic,Peng Cheng 0003,Data Mining | Databases,Databases,0.419306,Databases | Data Mining | The Web & Information Retrieval,0.419306 | 0.303872 | 0.302429,Databases | Data Mining | The Web & Information Retrieval | Artificial Intelligence | Software Engineering,0.419306 | 0.303872 | 0.302429 | 0.239580 | 0.233380
bertopic,Peng Cui 0001,Artificial Intelligence | Computer Vision | Data Mining | Machine Learning | The Web & Information Retrieval,Machine Learning,0.295170,Machine Learning | Data Mining | Artificial Intelligence,0.295170 | 0.284768 | 0.283836,Machine Learning | Data Mining | Artificial Intelligence | Software Engineering | Computer Vision,0.295170 | 0.284768 | 0.283836 | 0.278996 | 0.267529
bertopic,Pengpeng Zhao 0001,Artificial Intelligence | The Web & Information Retrieval,The Web & Information Retrieval,0.409827,The Web & Information Retrieval | Data Mining | Artificial Intelligence,0.409827 | 0.402689 | 0.351584,The Web & Information Retrieval | Data Mining | Artificial Intelligence | Natural Language Processing | Human-Computer Interaction,0.409827 | 0.402689 | 0.351584 | 0.346373 | 0.336526
bertopic,Perttu Hämäläinen,Computer Graphics | Human-Computer Interaction | Robotics,Human-Computer Interaction,0.494839,Human-Computer Interaction | Visualization | Robotics,0.494839 | 0.323568 | 0.252261,Human-Computer Interaction | Visualization | Robotics | Machine Learning | Artificial Intelligence,0.494839 | 0.323568 | 0.252261 | 0.224063 | 0.220480
bertopic,Peter A. Jansen,Artificial Intelligence | Machine Learning | Natural Language Processing,Natural Language Processing,0.403905,Natural Language Processing | The Web & Information Retrieval | Visualization,0.403905 | 0.338722 | 0.316734,Natural Language Processing | The Web & Information Retrieval | Visualization | Artificial Intelligence | Data Mining,0.403905 | 0.338722 | 0.316734 | 0.315107 | 0.312732
bertopic,Peter J. Stuckey,Artificial Intelligence | Machine Learning,Natural Language Processing,0.444497,Natural Language Processing | Artificial Intelligence | Software Engineering,0.444497 | 0.376073 | 0.369805,Natural Language Processing | Artificial Intelligence | Software Engineering | Computer Vision | Machine Learning,0.444497 | 0.376073 | 0.369805 | 0.363138 | 0.361222
bertopic,Philip S. Thomas,Artificial Intelligence | Machine Learning,Machine Learning,0.216621,Machine Learning | Robotics | Artificial Intelligence,0.216621 | 0.207510 | 0.203484,Machine Learning | Robotics | Artificial Intelligence | Natural Language Processing | Data Mining,0.216621 | 0.207510 | 0.203484 | 0.168326 | 0.166969
bertopic,Philippe Bonnet,Data Mining | Databases,Databases,0.407501,Databases | Software Engineering | Data Mining,0.407501 | 0.272534 | 0.210705,Databases | Software Engineering | Data Mining | Visualization | The Web & Information Retrieval,0.407501 | 0.272534 | 0.210705 | 0.201822 | 0.196985
bertopic,Philippe Giguère,Computer Vision | Robotics,Robotics,0.435697,Robotics | Computer Graphics | Computer Vision,0.435697 | 0.366566 | 0.357847,Robotics | Computer Graphics | Computer Vision | Machine Learning | Human-Computer Interaction,0.435697 | 0.366566 | 0.357847 | 0.284587 | 0.278320
bertopic,Pietro Liò,Artificial Intelligence | Computer Vision | Machine Learning | Natural Language Processing | The Web & Information Retrieval,Databases,0.400257,Databases | Data Mining | The Web & Information Retrieval,0.400257 | 0.384505 | 0.344354,Databases | Data Mining | The Web & Information Retrieval | Artificial Intelligence | Software Engineering,0.400257 | 0.384505 | 0.344354 | 0.268034 | 0.262175
bertopic,Ping Zhang 0016,Artificial Intelligence | Computer Vision | Data Mining | Machine Learning,Machine Learning,0.279516,Machine Learning | Computer Vision | Natural Language Processing,0.279516 | 0.277071 | 0.272308,Machine Learning | Computer Vision | Natural Language Processing | Artificial Intelligence | Software Engineering,0.279516 | 0.277071 | 0.272308 | 0.270369 | 0.269732
bertopic,Preslav Nakov,Artificial Intelligence | Machine Learning | Natural Language Processing | Robotics | The Web & Information Retrieval,Natural Language Processing,0.655054,Natural Language Processing | Software Engineering | Artificial Intelligence,0.655054 | 0.583621 | 0.563946,Natural Language Processing | Software Engineering | Artificial Intelligence | Machine Learning | Computer Vision,0.655054 | 0.583621 | 0.563946 | 0.549945 | 0.533834
bertopic,Pushpak Jagtap,Robotics,Robotics,0.283041,Robotics | Machine Learning | Artificial Intelligence,0.283041 | 0.198123 | 0.178511,Robotics | Machine Learning | Artificial Intelligence | Human-Computer Interaction | Computer Vision,0.283041 | 0.198123 | 0.178511 | 0.173339 | 0.163858
bertopic,Qi Lei,Artificial Intelligence | Computer Vision | Machine Learning | Natural Language Processing,Machine Learning,0.574692,Machine Learning | Artificial Intelligence | Computer Vision,0.574692 | 0.549340 | 0.533871,Machine Learning | Artificial Intelligence | Computer Vision | Natural Language Processing | Data Mining,0.574692 | 0.549340 | 0.533871 | 0.498714 | 0.478006
bertopic,Qi Sun 0003,Computer Graphics | Computer Vision | Visualization,Human-Computer Interaction,0.350608,Human-Computer Interaction | Robotics | Visualization,0.350608 | 0.284507 | 0.279188,Human-Computer Interaction | Robotics | Visualization | Machine Learning | Artificial Intelligence,0.350608 | 0.284507 | 0.279188 | 0.275541 | 0.261962
bertopic,Qi Wu 0001,Artificial Intelligence | Computer Vision | Machine Learning | Natural Language Processing | Robotics,Robotics,0.288108,Robotics | Artificial Intelligence | Machine Learning,0.288108 | 0.248248 | 0.243361,Robotics | Artificial Intelligence | Machine Learning | Natural Language Processing | Computer Vision,0.288108 | 0.248248 | 0.243361 | 0.238714 | 0.230923
bertopic,Qian Wang 0002,Artificial Intelligence | Computer Vision | Machine Learning | Natural Language Processing | Software Engineering | The Web & Information Retrieval,Robotics,0.347304,Robotics | Artificial Intelligence | Machine Learning,0.347304 | 0.301089 | 0.287797,Robotics | Artificial Intelligence | Machine Learning | Natural Language Processing | The Web & Information Retrieval,0.347304 | 0.301089 | 0.287797 | 0.274042 | 0.257110
bertopic,Qian Yang,Artificial Intelligence | Computer Vision | Human-Computer Interaction,The Web & Information Retrieval,0.244698,The Web & Information Retrieval | Natural Language Processing | Artificial Intelligence,0.244698 | 0.243335 | 0.231721,The Web & Information Retrieval | Natural Language Processing | Artificial Intelligence | Machine Learning | Data Mining,0.244698 | 0.243335 | 0.231721 | 0.215626 | 0.211833
bertopic,Qiang Xu 0001,Artificial Intelligence | Computer Graphics | Computer Vision | Machine Learning | Natural Language Processing,Computer Graphics,0.572485,Computer Graphics | Computer Vision | Robotics,0.572485 | 0.506893 | 0.493757,Computer Graphics | Computer Vision | Robotics | Machine Learning | Artificial Intelligence,0.572485 | 0.506893 | 0.493757 | 0.393472 | 0.389121
bertopic,Qiaozhu Mei,Data Mining | Human-Computer Interaction | Machine Learning | Natural Language Processing | Software Engineering | The Web & Information Retrieval,The Web & Information Retrieval,0.477043,The Web & Information Retrieval | Natural Language Processing | Data Mining,0.477043 | 0.398660 | 0.380673,The Web & Information Retrieval | Natural Language Processing | Data Mining | Software Engineering | Artificial Intelligence,0.477043 | 0.398660 | 0.380673 | 0.334484 | 0.320810
bertopic,Qibin Hou,Artificial Intelligence | Computer Vision | Machine Learning,Computer Graphics,0.576773,Computer Graphics | Computer Vision | Robotics,0.576773 | 0.570588 | 0.526034,Computer Graphics | Computer Vision | Robotics | Machine Learning | Artificial Intelligence,0.576773 | 0.570588 | 0.526034 | 0.473670 | 0.466089
bertopic,Qihua Zhou,Artificial Intelligence | Machine Learning,Machine Learning,0.327399,Machine Learning | Computer Vision | Artificial Intelligence,0.327399 | 0.325513 | 0.319887,Machine Learning | Computer Vision | Artificial Intelligence | Natural Language Processing | Data Mining,0.327399 | 0.325513 | 0.319887 | 0.302122 | 0.287499
bertopic,Qiong Luo 0001,Artificial Intelligence | Computer Vision | Databases | Natural Language Processing | Visualization,Computer Graphics,0.373031,Computer Graphics | Computer Vision | Robotics,0.373031 | 0.274871 | 0.232659,Computer Graphics | Computer Vision | Robotics | Machine Learning | Artificial Intelligence,0.373031 | 0.274871 | 0.232659 | 0.214574 | 0.207198
bertopic,Radu Grosu,Artificial Intelligence | Machine Learning | Robotics | Software Engineering,Computer Vision,0.406180,Computer Vision | Robotics | Machine Learning,0.406180 | 0.398567 | 0.389987,Computer Vision | Robotics | Machine Learning | Natural Language Processing | Artificial Intelligence,0.406180 | 0.398567 | 0.389987 | 0.385214 | 0.382764
bertopic,Raimund Dachselt,Software Engineering | Visualization,Human-Computer Interaction,0.273556,Human-Computer Interaction | Visualization | Robotics,0.273556 | 0.130768 | 0.116427,Human-Computer Interaction | Visualization | Robotics | Computer Graphics | Software Engineering,0.273556 | 0.130768 | 0.116427 | 0.108330 | 0.097937
bertopic,Rainer Stiefelhagen,Artificial Intelligence | Computer Vision | Machine Learning | Natural Language Processing | Robotics,Computer Vision,0.179534,Computer Vision | Robotics | Computer Graphics,0.179534 | 0.172343 | 0.148912,Computer Vision | Robotics | Computer Graphics | Artificial Intelligence | Software Engineering,0.179534 | 0.172343 | 0.148912 | 0.143925 | 0.142242
bertopic,Rajeev Alur,Artificial Intelligence | Databases | Machine Learning,Robotics,0.375283,Robotics | Machine Learning | Artificial Intelligence,0.375283 | 0.343956 | 0.333549,Robotics | Machine Learning | Artificial Intelligence | Natural Language Processing | Data Mining,0.375283 | 0.343956 | 0.333549 | 0.281789 | 0.262398
bertopic,Raman Arora,Artificial Intelligence | Machine Learning | Natural Language Processing | Robotics,Machine Learning,0.559665,Machine Learning | Artificial Intelligence | Data Mining,0.559665 | 0.506700 | 0.462789,Machine Learning | Artificial Intelligence | Data Mining | Natural Language Processing | The Web & Information Retrieval,0.559665 | 0.506700 | 0.462789 | 0.423165 | 0.405717
bertopic,René Just,Human-Computer Interaction | Software Engineering,Visualization,0.425819,Visualization | Human-Computer Interaction | Natural Language Processing,0.425819 | 0.292536 | 0.263623,Visualization | Human-Computer Interaction | Natural Language Processing | Data Mining | The Web & Information Retrieval,0.425819 | 0.292536 | 0.263623 | 0.235553 | 0.233109
bertopic,René Vidal,Computer Vision | Data Mining | Machine Learning | Robotics,Machine Learning,0.694262,Machine Learning | Computer Vision | Artificial Intelligence,0.694262 | 0.675951 | 0.671188,Machine Learning | Computer Vision | Artificial Intelligence | Natural Language Processing | Data Mining,0.694262 | 0.675951 | 0.671188 | 0.625304 | 0.603585
bertopic,Richard S. Zemel,Computer Vision | Machine Learning | Natural Language Processing,Machine Learning,0.669804,Machine Learning | Artificial Intelligence | Natural Language Processing,0.669804 | 0.658441 | 0.637813,Machine Learning | Artificial Intelligence | Natural Language Processing | Data Mining | Computer Vision,0.669804 | 0.658441 | 0.637813 | 0.614265 | 0.613380
bertopic,Robert Bredereck,Artificial Intelligence | Machine Learning,Machine Learning,0.225705,Machine Learning | Artificial Intelligence | Natural Language Processing,0.225705 | 0.221397 | 0.199334,Machine Learning | Artificial Intelligence | Natural Language Processing | The Web & Information Retrieval | Data Mining,0.225705 | 0.221397 | 0.199334 | 0.190577 | 0.182360
bertopic,Robert E. Mahony,Computer Vision | Robotics,Robotics,0.360780,Robotics | Human-Computer Interaction | Computer Vision,0.360780 | 0.264169 | 0.251278,Robotics | Human-Computer Interaction | Computer Vision | Machine Learning | Artificial Intelligence,0.360780 | 0.264169 | 0.251278 | 0.239063 | 0.238178
bertopic,Roberto Martin Martin,Computer Vision | Machine Learning | Robotics,Computer Vision,0.280784,Computer Vision | Robotics | Computer Graphics,0.280784 | 0.243558 | 0.228414,Computer Vision | Robotics | Computer Graphics | Artificial Intelligence | Machine Learning,0.280784 | 0.243558 | 0.228414 | 0.225636 | 0.222145
bertopic,Roger B. Grosse,Artificial Intelligence | Machine Learning,Machine Learning,0.513254,Machine Learning | Artificial Intelligence | Data Mining,0.513254 | 0.469464 | 0.430014,Machine Learning | Artificial Intelligence | Data Mining | Natural Language Processing | Computer Vision,0.513254 | 0.469464 | 0.430014 | 0.424045 | 0.419418
bertopic,Ross Maciejewski,Data Mining | Machine Learning | The Web & Information Retrieval | Visualization,Data Mining,0.325399,Data Mining | Databases | The Web & Information Retrieval,0.325399 | 0.307667 | 0.299442,Data Mining | Databases | The Web & Information Retrieval | Machine Learning | Artificial Intelligence,0.325399 | 0.307667 | 0.299442 | 0.270481 | 0.268059
bertopic,Rui Yu 0002,Computer Vision | Robotics,Computer Graphics,0.485576,Computer Graphics | Computer Vision | Robotics,0.485576 | 0.462510 | 0.407622,Computer Graphics | Computer Vision | Robotics | Machine Learning | Artificial Intelligence,0.485576 | 0.462510 | 0.407622 | 0.388799 | 0.383135
bertopic,Ruihong Huang,Artificial Intelligence | Databases | Machine Learning | Natural Language Processing | The Web & Information Retrieval,Databases,0.362826,Databases | Software Engineering | The Web & Information Retrieval,0.362826 | 0.346164 | 0.345807,Databases | Software Engineering | The Web & Information Retrieval | Data Mining | Natural Language Processing,0.362826 | 0.346164 | 0.345807 | 0.343924 | 0.321720
bertopic,Ruiquan Huang,Artificial Intelligence | Machine Learning,Machine Learning,0.402537,Machine Learning | Artificial Intelligence | Robotics,0.402537 | 0.367930 | 0.336195,Machine Learning | Artificial Intelligence | Robotics | Natural Language Processing | Data Mining,0.402537 | 0.367930 | 0.336195 | 0.318227 | 0.309844
bertopic,Runmin Cong,Artificial Intelligence | Computer Vision | Machine Learning,Computer Vision,0.261983,Computer Vision | Artificial Intelligence | Robotics,0.261983 | 0.224108 | 0.207137,Computer Vision | Artificial Intelligence | Robotics | Machine Learning | Human-Computer Interaction,0.261983 | 0.224108 | 0.207137 | 0.203891 | 0.202796
bertopic,Ruohan Gao,Computer Vision | Machine Learning | Robotics,Robotics,0.342554,Robotics | Human-Computer Interaction | Computer Vision,0.342554 | 0.331715 | 0.323444,Robotics | Human-Computer Interaction | Computer Vision | Machine Learning | Artificial Intelligence,0.342554 | 0.331715 | 0.323444 | 0.297152 | 0.292836
bertopic,S. Matthew Weinberg,Artificial Intelligence | Machine Learning | The Web & Information Retrieval,Machine Learning,0.123195,Machine Learning | Artificial Intelligence | Data Mining,0.123195 | 0.114139 | 0.109129,Machine Learning | Artificial Intelligence | Data Mining | Computer Vision | Visualization,0.123195 | 0.114139 | 0.109129 | 0.108754 | 0.101109
bertopic,Sai Wu,Artificial Intelligence | Computer Vision | Data Mining | Databases | Machine Learning | Natural Language Processing | The Web & Information Retrieval,Databases,0.604707,Databases | Data Mining | The Web & Information Retrieval,0.604707 | 0.414680 | 0.364763,Databases | Data Mining | The Web & Information Retrieval | Software Engineering | Artificial Intelligence,0.604707 | 0.414680 | 0.364763 | 0.318521 | 0.298618
bertopic,Sameer Singh 0001,Artificial Intelligence | Data Mining | Machine Learning | Natural Language Processing,Databases,0.348718,Databases | Natural Language Processing | The Web & Information Retrieval,0.348718 | 0.347178 | 0.343295,Databases | Natural Language Processing | The Web & Information Retrieval | Data Mining | Artificial Intelligence,0.348718 | 0.347178 | 0.343295 | 0.334362 | 0.310235
bertopic,Sangmin Lee 0001,Artificial Intelligence | Computer Vision,Human-Computer Interaction,0.345763,Human-Computer Interaction | Computer Vision | Natural Language Processing,0.345763 | 0.336080 | 0.335811,Human-Computer Interaction | Computer Vision | Natural Language Processing | Artificial Intelligence | Robotics,0.345763 | 0.336080 | 0.335811 | 0.310332 | 0.310328
bertopic,Santiago Segarra,Data Mining | Machine Learning,Databases,0.505858,Databases | Data Mining | The Web & Information Retrieval,0.505858 | 0.351463 | 0.331527,Databases | Data Mining | The Web & Information Retrieval | Software Engineering | Artificial Intelligence,0.505858 | 0.351463 | 0.331527 | 0.249339 | 0.239657
bertopic,Santosh Kumar 0001,Human-Computer Interaction | Machine Learning,Visualization,0.339665,Visualization | Databases | The Web & Information Retrieval,0.339665 | 0.319579 | 0.266765,Visualization | Databases | The Web & Information Retrieval | Artificial Intelligence | Natural Language Processing,0.339665 | 0.319579 | 0.266765 | 0.265957 | 0.265806
bertopic,Saurabh Gupta 0001,Computer Vision | Machine Learning | Natural Language Processing | Robotics,Robotics,0.572685,Robotics | Human-Computer Interaction | Machine Learning,0.572685 | 0.375526 | 0.371199,Robotics | Human-Computer Interaction | Machine Learning | Artificial Intelligence | Computer Vision,0.572685 | 0.375526 | 0.371199 | 0.361486 | 0.343079
bertopic,Scott Niekum,Artificial Intelligence | Machine Learning | Robotics,Machine Learning,0.336982,Machine Learning | Artificial Intelligence | Robotics,0.336982 | 0.320804 | 0.310180,Machine Learning | Artificial Intelligence | Robotics | Natural Language Processing | Data Mining,0.336982 | 0.320804 | 0.310180 | 0.301279 | 0.276799
bertopic,Se-Young Yun,Artificial Intelligence | Computer Vision | Machine Learning | Natural Language Processing,Machine Learning,0.660531,Machine Learning | Natural Language Processing | Artificial Intelligence,0.660531 | 0.655116 | 0.649552,Machine Learning | Natural Language Processing | Artificial Intelligence | Computer Vision | Data Mining,0.660531 | 0.655116 | 0.649552 | 0.619774 | 0.601861
bertopic,Sebastian U. Stich,Computer Vision | Machine Learning,Machine Learning,0.336674,Machine Learning | Artificial Intelligence | Data Mining,0.336674 | 0.300258 | 0.296777,Machine Learning | Artificial Intelligence | Data Mining | Databases | The Web & Information Retrieval,0.336674 | 0.300258 | 0.296777 | 0.250808 | 0.248636
bertopic,Seung-Hwan Baek,Computer Graphics | Computer Vision,Computer Graphics,0.528257,Computer Graphics | Robotics | Computer Vision,0.528257 | 0.398511 | 0.397181,Computer Graphics | Robotics | Computer Vision | Machine Learning | Artificial Intelligence,0.528257 | 0.398511 | 0.397181 | 0.295805 | 0.285041
bertopic,Seungryul Baek,Artificial Intelligence | Computer Vision,Computer Graphics,0.318961,Computer Graphics | Robotics | Computer Vision,0.318961 | 0.303178 | 0.247560,Computer Graphics | Robotics | Computer Vision | Human-Computer Interaction | Machine Learning,0.318961 | 0.303178 | 0.247560 | 0.245790 | 0.191559
bertopic,Sewoong Oh,Computer Vision | Machine Learning,Machine Learning,0.476792,Machine Learning | Natural Language Processing | Artificial Intelligence,0.476792 | 0.446838 | 0.444123,Machine Learning | Natural Language Processing | Artificial Intelligence | Data Mining | Databases,0.476792 | 0.446838 | 0.444123 | 0.430599 | 0.409536
bertopic,Seyeon Kim,Artificial Intelligence | Computer Vision,Computer Vision,0.328037,Computer Vision | Computer Graphics | Robotics,0.328037 | 0.324771 | 0.307619,Computer Vision | Computer Graphics | Robotics | Machine Learning | Artificial Intelligence,0.328037 | 0.324771 | 0.307619 | 0.307194 | 0.288315
bertopic,Shai Avidan,Artificial Intelligence | Computer Vision,Computer Graphics,0.248769,Computer Graphics | Computer Vision | Machine Learning,0.248769 | 0.233048 | 0.204668,Computer Graphics | Computer Vision | Machine Learning | Artificial Intelligence | Software Engineering,0.248769 | 0.233048 | 0.204668 | 0.203570 | 0.187069
bertopic,Shai Shalev-Shwartz,Machine Learning | Natural Language Processing,Robotics,0.248187,Robotics | Machine Learning | Computer Vision,0.248187 | 0.202063 | 0.199913,Robotics | Machine Learning | Computer Vision | Artificial Intelligence | Natural Language Processing,0.248187 | 0.202063 | 0.199913 | 0.195062 | 0.171461
bertopic,Shangke Lyu,Robotics,Natural Language Processing,0.342608,Natural Language Processing | Robotics | Artificial Intelligence,0.342608 | 0.322491 | 0.319599,Natural Language Processing | Robotics | Artificial Intelligence | Computer Vision | Machine Learning,0.342608 | 0.322491 | 0.319599 | 0.317671 | 0.316837
bertopic,Shaoping Ma,Artificial Intelligence | Data Mining | Human-Computer Interaction | Natural Language Processing | The Web & Information Retrieval,Natural Language Processing,0.329266,Natural Language Processing | The Web & Information Retrieval | Data Mining,0.329266 | 0.298033 | 0.255053,Natural Language Processing | The Web & Information Retrieval | Data Mining | Artificial Intelligence | Machine Learning,0.329266 | 0.298033 | 0.255053 | 0.247400 | 0.237594
bertopic,Shay B. Cohen,Artificial Intelligence | Machine Learning | Natural Language Processing | The Web & Information Retrieval,Natural Language Processing,0.698208,Natural Language Processing | The Web & Information Retrieval | Data Mining,0.698208 | 0.635431 | 0.615773,Natural Language Processing | The Web & Information Retrieval | Data Mining | Artificial Intelligence | Machine Learning,0.698208 | 0.635431 | 0.615773 | 0.614851 | 0.605864
bertopic,Shengchuan Zhang,Artificial Intelligence | Computer Graphics | Computer Vision | Machine Learning,Computer Vision,0.339821,Computer Vision | Computer Graphics | Robotics,0.339821 | 0.326013 | 0.305010,Computer Vision | Computer Graphics | Robotics | Artificial Intelligence | Machine Learning,0.339821 | 0.326013 | 0.305010 | 0.283947 | 0.283552
bertopic,Shengdong Zhao 0001,Human-Computer Interaction | Robotics,Human-Computer Interaction,0.287956,Human-Computer Interaction | Visualization | Natural Language Processing,0.287956 | 0.275528 | 0.163604,Human-Computer Interaction | Visualization | Natural Language Processing | The Web & Information Retrieval | Artificial Intelligence,0.287956 | 0.275528 | 0.163604 | 0.149918 | 0.146321
bertopic,Shengjie Wang 0001,Machine Learning,Machine Learning,0.272130,Machine Learning | Natural Language Processing | Software Engineering,0.272130 | 0.271323 | 0.271273,Machine Learning | Natural Language Processing | Software Engineering | Artificial Intelligence | Data Mining,0.272130 | 0.271323 | 0.271273 | 0.268238 | 0.266098
bertopic,Shengping Zhang,Artificial Intelligence | Computer Vision | Machine Learning,Computer Vision,0.206356,Computer Vision | Artificial Intelligence | Human-Computer Interaction,0.206356 | 0.175022 | 0.165185,Computer Vision | Artificial Intelligence | Human-Computer Interaction | Robotics | Machine Learning,0.206356 | 0.175022 | 0.165185 | 0.162610 | 0.160297
bertopic,Sherry Yang 0001,Machine Learning | Natural Language Processing,Robotics,0.615748,Robotics | Machine Learning | Artificial Intelligence,0.615748 | 0.598070 | 0.595109,Robotics | Machine Learning | Artificial Intelligence | Natural Language Processing | Computer Vision,0.615748 | 0.598070 | 0.595109 | 0.568162 | 0.560818
bertopic,Shibiao Xu,Artificial Intelligence | Computer Vision | Robotics,Computer Graphics,0.537616,Computer Graphics | Computer Vision | Robotics,0.537616 | 0.485485 | 0.481924,Computer Graphics | Computer Vision | Robotics | Machine Learning | Artificial Intelligence,0.537616 | 0.485485 | 0.481924 | 0.396033 | 0.395531
bertopic,Shinjiro Sueda,Computer Graphics | Machine Learning | Robotics,Robotics,0.427391,Robotics | Data Mining | Artificial Intelligence,0.427391 | 0.314154 | 0.311189,Robotics | Data Mining | Artificial Intelligence | Machine Learning | Databases,0.427391 | 0.314154 | 0.311189 | 0.306929 | 0.301645
bertopic,Shohei Nobuhara,Computer Vision,Computer Graphics,0.519563,Computer Graphics | Computer Vision | Robotics,0.519563 | 0.363986 | 0.327998,Computer Graphics | Computer Vision | Robotics | Machine Learning | Artificial Intelligence,0.519563 | 0.363986 | 0.327998 | 0.288115 | 0.274303
bertopic,Shubham Tulsiani,Computer Vision | Machine Learning | Robotics,Computer Graphics,0.821365,Computer Graphics | Robotics | Computer Vision,0.821365 | 0.750573 | 0.664841,Computer Graphics | Robotics | Computer Vision | Machine Learning | Artificial Intelligence,0.821365 | 0.750573 | 0.664841 | 0.563394 | 0.538167
bertopic,Shuo Chen 0003,Artificial Intelligence | Computer Vision | Databases | Machine Learning,Data Mining,0.165942,Data Mining | Machine Learning | Artificial Intelligence,0.165942 | 0.162677 | 0.158641,Data Mining | Machine Learning | Artificial Intelligence | Computer Vision | Natural Language Processing,0.165942 | 0.162677 | 0.158641 | 0.150737 | 0.136112
bertopic,Shuo Shang,Artificial Intelligence | Data Mining | Databases | Machine Learning | Natural Language Processing | The Web & Information Retrieval,Databases,0.329066,Databases | Data Mining | Artificial Intelligence,0.329066 | 0.290511 | 0.271412,Databases | Data Mining | Artificial Intelligence | Robotics | The Web & Information Retrieval,0.329066 | 0.290511 | 0.271412 | 0.264255 | 0.259845
bertopic,Sicun Gao,Artificial Intelligence | Machine Learning | Robotics,Computer Vision,0.373388,Computer Vision | Natural Language Processing | Artificial Intelligence,0.373388 | 0.353541 | 0.351690,Computer Vision | Natural Language Processing | Artificial Intelligence | Machine Learning | Robotics,0.373388 | 0.353541 | 0.351690 | 0.343624 | 0.314094
bertopic,Siddhartha Banerjee,Artificial Intelligence | Data Mining | Machine Learning | Natural Language Processing | The Web & Information Retrieval,Human-Computer Interaction,0.167269,Human-Computer Interaction | Software Engineering | The Web & Information Retrieval,0.167269 | 0.156986 | 0.149066,Human-Computer Interaction | Software Engineering | The Web & Information Retrieval | Data Mining | Machine Learning,0.167269 | 0.156986 | 0.149066 | 0.141925 | 0.133410
bertopic,Sijia Liu 0001,Artificial Intelligence | Computer Vision | Machine Learning | Natural Language Processing,Machine Learning,0.405414,Machine Learning | Artificial Intelligence | Natural Language Processing,0.405414 | 0.391199 | 0.386393,Machine Learning | Artificial Intelligence | Natural Language Processing | Data Mining | Computer Vision,0.405414 | 0.391199 | 0.386393 | 0.367134 | 0.365940
bertopic,Simon Razniewski,Artificial Intelligence | Databases | Natural Language Processing | Robotics | The Web & Information Retrieval,Natural Language Processing,0.493813,Natural Language Processing | The Web & Information Retrieval | Databases,0.493813 | 0.469443 | 0.445357,Natural Language Processing | The Web & Information Retrieval | Databases | Data Mining | Software Engineering,0.493813 | 0.469443 | 0.445357 | 0.444344 | 0.429288
bertopic,Simone Teufel,Natural Language Processing,Natural Language Processing,0.142580,Natural Language Processing | Databases | The Web & Information Retrieval,0.142580 | 0.122295 | 0.121115,Natural Language Processing | Databases | The Web & Information Retrieval | Data Mining | Artificial Intelligence,0.142580 | 0.122295 | 0.121115 | 0.118023 | 0.110176
bertopic,Sinno Jialin Pan,Artificial Intelligence | Computer Vision | Data Mining | Human-Computer Interaction | Machine Learning | Natural Language Processing | Robotics | The Web & Information Retrieval,Machine Learning,0.708165,Machine Learning | Artificial Intelligence | Data Mining,0.708165 | 0.706902 | 0.695164,Machine Learning | Artificial Intelligence | Data Mining | Natural Language Processing | Computer Vision,0.708165 | 0.706902 | 0.695164 | 0.690147 | 0.652050
bertopic,Siqi Shen,Artificial Intelligence | Computer Vision | Databases | Machine Learning | Natural Language Processing,Natural Language Processing,0.503877,Natural Language Processing | Artificial Intelligence | Machine Learning,0.503877 | 0.437494 | 0.435032,Natural Language Processing | Artificial Intelligence | Machine Learning | The Web & Information Retrieval | Data Mining,0.503877 | 0.437494 | 0.435032 | 0.420580 | 0.418939
bertopic,Siva Reddy,Machine Learning | Natural Language Processing,Natural Language Processing,0.431568,Natural Language Processing | The Web & Information Retrieval | Artificial Intelligence,0.431568 | 0.371630 | 0.369143,Natural Language Processing | The Web & Information Retrieval | Artificial Intelligence | Machine Learning | Data Mining,0.431568 | 0.371630 | 0.369143 | 0.365706 | 0.360304
bertopic,Soheil Feizi,Artificial Intelligence | Computer Vision | Machine Learning | Natural Language Processing,Computer Vision,0.665149,Computer Vision | Machine Learning | Natural Language Processing,0.665149 | 0.657802 | 0.656580,Computer Vision | Machine Learning | Natural Language Processing | Artificial Intelligence | Data Mining,0.665149 | 0.657802 | 0.656580 | 0.646673 | 0.577832
bertopic,Song Han 0003,Computer Vision | Machine Learning | Natural Language Processing | Robotics,Computer Vision,0.443833,Computer Vision | Natural Language Processing | Machine Learning,0.443833 | 0.426201 | 0.416362,Computer Vision | Natural Language Processing | Machine Learning | Artificial Intelligence | Robotics,0.443833 | 0.426201 | 0.416362 | 0.412629 | 0.378029
bertopic,Songze Li,Computer Vision | Machine Learning | Natural Language Processing,Natural Language Processing,0.379372,Natural Language Processing | Data Mining | The Web & Information Retrieval,0.379372 | 0.359853 | 0.355716,Natural Language Processing | Data Mining | The Web & Information Retrieval | Artificial Intelligence | Databases,0.379372 | 0.359853 | 0.355716 | 0.342392 | 0.325659
bertopic,SouYoung Jin,Computer Vision | Machine Learning | Natural Language Processing,Computer Vision,0.336548,Computer Vision | Robotics | Machine Learning,0.336548 | 0.335686 | 0.305612,Computer Vision | Robotics | Machine Learning | Artificial Intelligence | Computer Graphics,0.336548 | 0.335686 | 0.305612 | 0.303482 | 0.279502
bertopic,Soujanya Poria,Artificial Intelligence | Computer Vision | Natural Language Processing | The Web & Information Retrieval,Visualization,0.465124,Visualization | Human-Computer Interaction | Natural Language Processing,0.465124 | 0.363877 | 0.315401,Visualization | Human-Computer Interaction | Natural Language Processing | The Web & Information Retrieval | Artificial Intelligence,0.465124 | 0.363877 | 0.315401 | 0.269416 | 0.252350
bertopic,Srinivasa G. Narasimhan,Computer Graphics | Computer Vision | Robotics,Computer Graphics,0.614046,Computer Graphics | Computer Vision | Robotics,0.614046 | 0.534252 | 0.486803,Computer Graphics | Computer Vision | Robotics | Machine Learning | Artificial Intelligence,0.614046 | 0.534252 | 0.486803 | 0.432559 | 0.425108
bertopic,Stephan Günnemann,Artificial Intelligence | Computer Vision | Data Mining | Databases | Machine Learning | Robotics | The Web & Information Retrieval,Data Mining,0.688791,Data Mining | Machine Learning | Artificial Intelligence,0.688791 | 0.644826 | 0.630584,Data Mining | Machine Learning | Artificial Intelligence | Databases | The Web & Information Retrieval,0.688791 | 0.644826 | 0.630584 | 0.611860 | 0.607234
bertopic,Stephan Mandt,Artificial Intelligence | Computer Vision | Machine Learning | Natural Language Processing | Robotics,Computer Vision,0.529491,Computer Vision | Computer Graphics | Machine Learning,0.529491 | 0.519917 | 0.504257,Computer Vision | Computer Graphics | Machine Learning | Artificial Intelligence | Robotics,0.529491 | 0.519917 | 0.504257 | 0.483825 | 0.457709
bertopic,Stephen Bates,Machine Learning | Natural Language Processing,Computer Vision,0.251173,Computer Vision | Machine Learning | Computer Graphics,0.251173 | 0.239883 | 0.235256,Computer Vision | Machine Learning | Computer Graphics | Artificial Intelligence | Robotics,0.251173 | 0.239883 | 0.235256 | 0.228113 | 0.218031
bertopic,Stratos Idreos,Databases,Databases,0.325422,Databases | Machine Learning | Data Mining,0.325422 | 0.237734 | 0.234348,Databases | Machine Learning | Data Mining | Artificial Intelligence | Computer Vision,0.325422 | 0.237734 | 0.234348 | 0.232035 | 0.221052
bertopic,Sumit Chopra,Artificial Intelligence | Machine Learning | Natural Language Processing,Computer Vision,0.195845,Computer Vision | Machine Learning | Artificial Intelligence,0.195845 | 0.189142 | 0.189060,Computer Vision | Machine Learning | Artificial Intelligence | Natural Language Processing | Computer Graphics,0.195845 | 0.189142 | 0.189060 | 0.164579 | 0.163667
bertopic,Sung-Eui Yoon,Computer Graphics | Computer Vision | Machine Learning | Robotics,Computer Vision,0.406060,Computer Vision | Robotics | Computer Graphics,0.406060 | 0.383714 | 0.367173,Computer Vision | Robotics | Computer Graphics | Artificial Intelligence | Machine Learning,0.406060 | 0.383714 | 0.367173 | 0.336485 | 0.328550
bertopic,Sunita Sarawagi,Artificial Intelligence | Data Mining | Databases | Machine Learning | Natural Language Processing | The Web & Information Retrieval,Natural Language Processing,0.601611,Natural Language Processing | Machine Learning | Artificial Intelligence,0.601611 | 0.585530 | 0.584867,Natural Language Processing | Machine Learning | Artificial Intelligence | Data Mining | The Web & Information Retrieval,0.601611 | 0.585530 | 0.584867 | 0.577012 | 0.536451
bertopic,Supasorn Suwajanakorn,Computer Graphics | Computer Vision | Machine Learning,Computer Graphics,0.432604,Computer Graphics | Computer Vision | Robotics,0.432604 | 0.399443 | 0.399136,Computer Graphics | Computer Vision | Robotics | Machine Learning | Artificial Intelligence,0.432604 | 0.399443 | 0.399136 | 0.320861 | 0.309583
bertopic,Sutanu Gayen,Artificial Intelligence | Machine Learning,Software Engineering,0.183232,Software Engineering | Databases | Machine Learning,0.183232 | 0.118797 | 0.092993,Software Engineering | Databases | Machine Learning | Artificial Intelligence | Data Mining,0.183232 | 0.118797 | 0.092993 | 0.092742 | 0.050610
bertopic,Suzan Verberne,Natural Language Processing | The Web & Information Retrieval,The Web & Information Retrieval,0.452655,The Web & Information Retrieval | Natural Language Processing | Data Mining,0.452655 | 0.398404 | 0.345152,The Web & Information Retrieval | Natural Language Processing | Data Mining | Artificial Intelligence | Human-Computer Interaction,0.452655 | 0.398404 | 0.345152 | 0.316873 | 0.312848
bertopic,Søren Hauberg,Computer Vision | Machine Learning | Robotics,Robotics,0.391707,Robotics | Machine Learning | Computer Vision,0.391707 | 0.374326 | 0.359442,Robotics | Machine Learning | Computer Vision | Artificial Intelligence | Computer Graphics,0.391707 | 0.374326 | 0.359442 | 0.358658 | 0.324625
bertopic,Taisong Jin,Artificial Intelligence | Computer Vision,Robotics,0.309834,Robotics | Computer Graphics | Human-Computer Interaction,0.309834 | 0.292117 | 0.283078,Robotics | Computer Graphics | Human-Computer Interaction | Computer Vision | Machine Learning,0.309834 | 0.292117 | 0.283078 | 0.272896 | 0.231796
bertopic,Tamara Broderick,Machine Learning,Machine Learning,0.363432,Machine Learning | Computer Vision | Artificial Intelligence,0.363432 | 0.344958 | 0.341467,Machine Learning | Computer Vision | Artificial Intelligence | Data Mining | Computer Graphics,0.363432 | 0.344958 | 0.341467 | 0.340886 | 0.330335
bertopic,Tamir Hazan,Artificial Intelligence | Computer Vision | Machine Learning,Machine Learning,0.252701,Machine Learning | Artificial Intelligence | Data Mining,0.252701 | 0.211818 | 0.182671,Machine Learning | Artificial Intelligence | Data Mining | Computer Vision | Natural Language Processing,0.252701 | 0.211818 | 0.182671 | 0.162875 | 0.162225
bertopic,Tanmoy Chakraborty 0002,Artificial Intelligence | Data Mining | Machine Learning | Natural Language Processing | The Web & Information Retrieval,Natural Language Processing,0.453796,Natural Language Processing | The Web & Information Retrieval | Data Mining,0.453796 | 0.433092 | 0.408692,Natural Language Processing | The Web & Information Retrieval | Data Mining | Artificial Intelligence | Machine Learning,0.453796 | 0.433092 | 0.408692 | 0.373144 | 0.359923
bertopic,Tao Lin 0004,Artificial Intelligence | Computer Vision | Databases | Human-Computer Interaction | Machine Learning | Natural Language Processing,Machine Learning,0.367186,Machine Learning | Artificial Intelligence | Data Mining,0.367186 | 0.338383 | 0.332691,Machine Learning | Artificial Intelligence | Data Mining | Computer Vision | Databases,0.367186 | 0.338383 | 0.332691 | 0.297889 | 0.294749
bertopic,Tatjana Chavdarova,Computer Vision | Machine Learning,Machine Learning,0.412783,Machine Learning | Artificial Intelligence | Computer Vision,0.412783 | 0.381810 | 0.330079,Machine Learning | Artificial Intelligence | Computer Vision | Data Mining | Natural Language Processing,0.412783 | 0.381810 | 0.330079 | 0.321598 | 0.312233
bertopic,Terra Blevins,Natural Language Processing,Natural Language Processing,0.352262,Natural Language Processing | The Web & Information Retrieval | Artificial Intelligence,0.352262 | 0.243705 | 0.241458,Natural Language Processing | The Web & Information Retrieval | Artificial Intelligence | Machine Learning | Data Mining,0.352262 | 0.243705 | 0.241458 | 0.241075 | 0.222890
bertopic,Thanh Trung Huynh,Natural Language Processing,Databases,0.287410,Databases | The Web & Information Retrieval | Visualization,0.287410 | 0.274078 | 0.271009,Databases | The Web & Information Retrieval | Visualization | Data Mining | Natural Language Processing,0.287410 | 0.274078 | 0.271009 | 0.268769 | 0.258096
bertopic,Thien Huu Nguyen,Artificial Intelligence | Computer Vision | Natural Language Processing | The Web & Information Retrieval,Computer Vision,0.170684,Computer Vision | Computer Graphics | Robotics,0.170684 | 0.166736 | 0.154446,Computer Vision | Computer Graphics | Robotics | Human-Computer Interaction | Natural Language Processing,0.170684 | 0.166736 | 0.154446 | 0.151792 | 0.150612
bertopic,Thomas B. Schön,Computer Vision | Machine Learning,Machine Learning,0.251898,Machine Learning | Artificial Intelligence | Natural Language Processing,0.251898 | 0.233970 | 0.212985,Machine Learning | Artificial Intelligence | Natural Language Processing | Computer Vision | Software Engineering,0.251898 | 0.233970 | 0.212985 | 0.207062 | 0.204282
bertopic,Thomas Lukasiewicz,Artificial Intelligence | Computer Vision | Machine Learning | Natural Language Processing,Machine Learning,0.582426,Machine Learning | Artificial Intelligence | Data Mining,0.582426 | 0.568570 | 0.543697,Machine Learning | Artificial Intelligence | Data Mining | Natural Language Processing | Computer Vision,0.582426 | 0.568570 | 0.543697 | 0.531128 | 0.528279
bertopic,Thorsten Joachims,Data Mining | Machine Learning | Natural Language Processing | The Web & Information Retrieval,Machine Learning,0.230958,Machine Learning | Artificial Intelligence | Robotics,0.230958 | 0.214378 | 0.211481,Machine Learning | Artificial Intelligence | Robotics | Natural Language Processing | Data Mining,0.230958 | 0.214378 | 0.211481 | 0.194972 | 0.184919
bertopic,Tiejun Huang 0001,Artificial Intelligence | Computer Vision | Machine Learning | Robotics | The Web & Information Retrieval,Natural Language Processing,0.419004,Natural Language Processing | Computer Vision | Machine Learning,0.419004 | 0.417961 | 0.398968,Natural Language Processing | Computer Vision | Machine Learning | Artificial Intelligence | Computer Graphics,0.419004 | 0.417961 | 0.398968 | 0.396462 | 0.364453
bertopic,Timothy M. Hospedales,Artificial Intelligence | Computer Graphics | Computer Vision | Machine Learning | Natural Language Processing | Robotics,Computer Vision,0.661445,Computer Vision | Machine Learning | Artificial Intelligence,0.661445 | 0.660492 | 0.653094,Computer Vision | Machine Learning | Artificial Intelligence | Natural Language Processing | Data Mining,0.661445 | 0.660492 | 0.653094 | 0.638616 | 0.608814
bertopic,Ting Chen 0002,Software Engineering | The Web & Information Retrieval,The Web & Information Retrieval,0.365969,The Web & Information Retrieval | Software Engineering | Data Mining,0.365969 | 0.345380 | 0.299448,The Web & Information Retrieval | Software Engineering | Data Mining | Natural Language Processing | Human-Computer Interaction,0.365969 | 0.345380 | 0.299448 | 0.294337 | 0.288408
bertopic,Todd J. Treangen,Databases | Machine Learning,Databases,0.449152,Databases | Data Mining | The Web & Information Retrieval,0.449152 | 0.257687 | 0.250863,Databases | Data Mining | The Web & Information Retrieval | Software Engineering | Artificial Intelligence,0.449152 | 0.257687 | 0.250863 | 0.221507 | 0.209337
bertopic,Tom Silver,Artificial Intelligence | Machine Learning | Robotics,Robotics,0.375978,Robotics | Artificial Intelligence | Machine Learning,0.375978 | 0.260120 | 0.254189,Robotics | Artificial Intelligence | Machine Learning | Computer Vision | Natural Language Processing,0.375978 | 0.260120 | 0.254189 | 0.228530 | 0.222796
bertopic,Tong Zhang 0001,Artificial Intelligence | Computer Vision | Data Mining | Machine Learning | Natural Language Processing | Robotics | The Web & Information Retrieval,Machine Learning,0.457778,Machine Learning | Artificial Intelligence | Robotics,0.457778 | 0.436253 | 0.408564,Machine Learning | Artificial Intelligence | Robotics | Natural Language Processing | Data Mining,0.457778 | 0.436253 | 0.408564 | 0.392555 | 0.374072
bertopic,Tucker Hermans,Robotics,Robotics,0.449179,Robotics | Computer Vision | Computer Graphics,0.449179 | 0.349053 | 0.345848,Robotics | Computer Vision | Computer Graphics | Machine Learning | Artificial Intelligence,0.449179 | 0.349053 | 0.345848 | 0.327339 | 0.321541
bertopic,Tudor Dumitras,Machine Learning,Natural Language Processing,0.277580,Natural Language Processing | Artificial Intelligence | Data Mining,0.277580 | 0.271015 | 0.266128,Natural Language Processing | Artificial Intelligence | Data Mining | Machine Learning | Computer Vision,0.277580 | 0.271015 | 0.266128 | 0.262469 | 0.246414
bertopic,Uichin Lee,Human-Computer Interaction,Visualization,0.227571,Visualization | Human-Computer Interaction | Natural Language Processing,0.227571 | 0.183759 | 0.109412,Visualization | Human-Computer Interaction | Natural Language Processing | The Web & Information Retrieval | Artificial Intelligence,0.227571 | 0.183759 | 0.109412 | 0.100560 | 0.086199
bertopic,Usman Naseem,Artificial Intelligence | Natural Language Processing | The Web & Information Retrieval,Visualization,0.340211,Visualization | Human-Computer Interaction | Natural Language Processing,0.340211 | 0.298027 | 0.278256,Visualization | Human-Computer Interaction | Natural Language Processing | The Web & Information Retrieval | Artificial Intelligence,0.340211 | 0.298027 | 0.278256 | 0.250289 | 0.243429
bertopic,Utkarsh Ojha,Computer Vision | Machine Learning,Computer Vision,0.495050,Computer Vision | Artificial Intelligence | Machine Learning,0.495050 | 0.466984 | 0.465792,Computer Vision | Artificial Intelligence | Machine Learning | Natural Language Processing | Computer Graphics,0.495050 | 0.466984 | 0.465792 | 0.448632 | 0.434529
bertopic,Victor B. Zordan,Computer Graphics,Computer Graphics,0.284941,Computer Graphics | Machine Learning | Computer Vision,0.284941 | 0.186838 | 0.175068,Computer Graphics | Machine Learning | Computer Vision | Robotics | Visualization,0.284941 | 0.186838 | 0.175068 | 0.171122 | 0.164168
bertopic,Vijaya B. Kolachalama,Machine Learning,Computer Graphics,0.277133,Computer Graphics | Computer Vision | Robotics,0.277133 | 0.249160 | 0.236195,Computer Graphics | Computer Vision | Robotics | Machine Learning | Artificial Intelligence,0.277133 | 0.249160 | 0.236195 | 0.227659 | 0.220175
bertopic,Vikas Garg 0001,Computer Vision | Machine Learning,Data Mining,0.377752,Data Mining | Machine Learning | Artificial Intelligence,0.377752 | 0.337065 | 0.332880,Data Mining | Machine Learning | Artificial Intelligence | The Web & Information Retrieval | Computer Vision,0.377752 | 0.337065 | 0.332880 | 0.323756 | 0.319121
bertopic,Virginia Smith,Data Mining | Databases | Machine Learning | Natural Language Processing,Data Mining,0.178683,Data Mining | Databases | The Web & Information Retrieval,0.178683 | 0.147589 | 0.146106,Data Mining | Databases | The Web & Information Retrieval | Artificial Intelligence | Machine Learning,0.178683 | 0.147589 | 0.146106 | 0.124249 | 0.123387
bertopic,Vitaly Shmatikov,Data Mining | Databases | Machine Learning | Natural Language Processing | The Web & Information Retrieval,Machine Learning,0.235616,Machine Learning | Computer Vision | Natural Language Processing,0.235616 | 0.232950 | 0.229759,Machine Learning | Computer Vision | Natural Language Processing | Artificial Intelligence | Software Engineering,0.235616 | 0.232950 | 0.229759 | 0.226430 | 0.205538
bertopic,Volker Tresp,Artificial Intelligence | Computer Vision | Data Mining | Machine Learning | Natural Language Processing | The Web & Information Retrieval,Computer Vision,0.377528,Computer Vision | Artificial Intelligence | Natural Language Processing,0.377528 | 0.341506 | 0.341029,Computer Vision | Artificial Intelligence | Natural Language Processing | Robotics | Machine Learning,0.377528 | 0.341506 | 0.341029 | 0.337800 | 0.327437
bertopic,Wanhua Li 0001,Computer Vision | Machine Learning,Computer Vision,0.629960,Computer Vision | Artificial Intelligence | Machine Learning,0.629960 | 0.581879 | 0.581808,Computer Vision | Artificial Intelligence | Machine Learning | Computer Graphics | Natural Language Processing,0.629960 | 0.581879 | 0.581808 | 0.564578 | 0.556900
bertopic,Wei Ai 0002,Data Mining | Human-Computer Interaction | Natural Language Processing | The Web & Information Retrieval,Human-Computer Interaction,0.302371,Human-Computer Interaction | The Web & Information Retrieval | Data Mining,0.302371 | 0.294310 | 0.269746,Human-Computer Interaction | The Web & Information Retrieval | Data Mining | Visualization | Natural Language Processing,0.302371 | 0.294310 | 0.269746 | 0.225695 | 0.225297
bertopic,Wei Hu 0014,Machine Learning,Machine Learning,0.224989,Machine Learning | Artificial Intelligence | Data Mining,0.224989 | 0.203523 | 0.195927,Machine Learning | Artificial Intelligence | Data Mining | Computer Vision | Natural Language Processing,0.224989 | 0.203523 | 0.195927 | 0.193543 | 0.193127
bertopic,Wei Ji 0008,Artificial Intelligence | Computer Vision | Machine Learning | Natural Language Processing | Robotics | The Web & Information Retrieval,Computer Vision,0.512276,Computer Vision | Artificial Intelligence | Data Mining,0.512276 | 0.511123 | 0.506705,Computer Vision | Artificial Intelligence | Data Mining | Machine Learning | The Web & Information Retrieval,0.512276 | 0.511123 | 0.506705 | 0.489253 | 0.488832
bertopic,Wei Zeng 0004,Machine Learning | Visualization,Human-Computer Interaction,0.335840,Human-Computer Interaction | Visualization | Robotics,0.335840 | 0.326670 | 0.183050,Human-Computer Interaction | Visualization | Robotics | Computer Graphics | Computer Vision,0.335840 | 0.326670 | 0.183050 | 0.163560 | 0.160767
bertopic,Weijia Jia 0001,Artificial Intelligence | Computer Vision | Data Mining | Machine Learning | Natural Language Processing,Natural Language Processing,0.397356,Natural Language Processing | The Web & Information Retrieval | Artificial Intelligence,0.397356 | 0.326733 | 0.312153,Natural Language Processing | The Web & Information Retrieval | Artificial Intelligence | Machine Learning | Data Mining,0.397356 | 0.326733 | 0.312153 | 0.303176 | 0.295463
bertopic,Weiming Zhang 0001,Artificial Intelligence | Computer Vision | Machine Learning | Natural Language Processing,Natural Language Processing,0.448261,Natural Language Processing | Software Engineering | Artificial Intelligence,0.448261 | 0.443393 | 0.425670,Natural Language Processing | Software Engineering | Artificial Intelligence | Computer Vision | Machine Learning,0.448261 | 0.443393 | 0.425670 | 0.422085 | 0.421248
bertopic,Weizhan Zhang,Artificial Intelligence | Machine Learning,Computer Vision,0.382744,Computer Vision | Robotics | Computer Graphics,0.382744 | 0.331872 | 0.331530,Computer Vision | Robotics | Computer Graphics | Artificial Intelligence | Machine Learning,0.382744 | 0.331872 | 0.331530 | 0.326470 | 0.319370
bertopic,Weizi Li,Computer Graphics | Computer Vision | Human-Computer Interaction | Machine Learning | Robotics,Robotics,0.405220,Robotics | Machine Learning | Artificial Intelligence,0.405220 | 0.272177 | 0.270939,Robotics | Machine Learning | Artificial Intelligence | Human-Computer Interaction | Computer Vision,0.405220 | 0.272177 | 0.270939 | 0.267303 | 0.260281
bertopic,Wenbing Huang 0001,Artificial Intelligence | Computer Vision | Machine Learning | Natural Language Processing | Robotics | The Web & Information Retrieval,Data Mining,0.341734,Data Mining | Machine Learning | Artificial Intelligence,0.341734 | 0.308690 | 0.300702,Data Mining | Machine Learning | Artificial Intelligence | The Web & Information Retrieval | Computer Vision,0.341734 | 0.308690 | 0.300702 | 0.297059 | 0.297038
bertopic,Wenbo Guo 0002,Artificial Intelligence | Data Mining | Machine Learning | Natural Language Processing,Natural Language Processing,0.270407,Natural Language Processing | Software Engineering | Artificial Intelligence,0.270407 | 0.262262 | 0.256329,Natural Language Processing | Software Engineering | Artificial Intelligence | Machine Learning | The Web & Information Retrieval,0.270407 | 0.262262 | 0.256329 | 0.247245 | 0.244622
bertopic,Wenchao Li 0001,Artificial Intelligence | Machine Learning | Robotics,Robotics,0.386979,Robotics | Machine Learning | Artificial Intelligence,0.386979 | 0.338233 | 0.337954,Robotics | Machine Learning | Artificial Intelligence | Natural Language Processing | Computer Vision,0.386979 | 0.338233 | 0.337954 | 0.285256 | 0.274113
bertopic,Weng-Fai Wong,Artificial Intelligence | Databases | Machine Learning,Databases,0.507038,Databases | Data Mining | The Web & Information Retrieval,0.507038 | 0.367370 | 0.350028,Databases | Data Mining | The Web & Information Retrieval | Software Engineering | Artificial Intelligence,0.507038 | 0.367370 | 0.350028 | 0.300981 | 0.272396
bertopic,Wengong Jin,Computer Vision | Machine Learning,Data Mining,0.296848,Data Mining | Machine Learning | Computer Vision,0.296848 | 0.270008 | 0.266337,Data Mining | Machine Learning | Computer Vision | Artificial Intelligence | The Web & Information Retrieval,0.296848 | 0.270008 | 0.266337 | 0.263619 | 0.256980
bertopic,Wenhu Chen,Artificial Intelligence | Computer Vision | Data Mining | Machine Learning | Natural Language Processing,Natural Language Processing,0.623060,Natural Language Processing | Computer Vision | Artificial Intelligence,0.623060 | 0.599650 | 0.571657,Natural Language Processing | Computer Vision | Artificial Intelligence | Machine Learning | Software Engineering,0.623060 | 0.599650 | 0.571657 | 0.561414 | 0.499053
bertopic,Wenqi Jiang 0001,Data Mining | Databases | Machine Learning,Natural Language Processing,0.334282,Natural Language Processing | The Web & Information Retrieval | Artificial Intelligence,0.334282 | 0.301353 | 0.274000,Natural Language Processing | The Web & Information Retrieval | Artificial Intelligence | Data Mining | Machine Learning,0.334282 | 0.301353 | 0.274000 | 0.270830 | 0.268406
bertopic,Wenzheng Xu,Artificial Intelligence,Databases,0.359019,Databases | Data Mining | The Web & Information Retrieval,0.359019 | 0.328138 | 0.297570,Databases | Data Mining | The Web & Information Retrieval | Artificial Intelligence | Machine Learning,0.359019 | 0.328138 | 0.297570 | 0.257108 | 0.253728
bertopic,Wook-Shin Han,Artificial Intelligence | Computer Vision | Data Mining | Databases | Machine Learning | Natural Language Processing,Computer Graphics,0.351086,Computer Graphics | Computer Vision | Robotics,0.351086 | 0.334057 | 0.302696,Computer Graphics | Computer Vision | Robotics | Machine Learning | Artificial Intelligence,0.351086 | 0.334057 | 0.302696 | 0.293044 | 0.279535
bertopic,Xialei Liu,Artificial Intelligence | Computer Vision | Machine Learning,Computer Vision,0.219875,Computer Vision | Natural Language Processing | Artificial Intelligence,0.219875 | 0.210727 | 0.210041,Computer Vision | Natural Language Processing | Artificial Intelligence | Machine Learning | Data Mining,0.219875 | 0.210727 | 0.210041 | 0.208704 | 0.194790
bertopic,Xiang Ren 0001,Artificial Intelligence | Data Mining | Databases | Machine Learning | Natural Language Processing | The Web & Information Retrieval,Visualization,0.336669,Visualization | Natural Language Processing | Human-Computer Interaction,0.336669 | 0.306030 | 0.295410,Visualization | Natural Language Processing | Human-Computer Interaction | The Web & Information Retrieval | Data Mining,0.336669 | 0.306030 | 0.295410 | 0.269460 | 0.248221
bertopic,Xiang Wang 0010,Artificial Intelligence | Computer Vision | Data Mining | Machine Learning | Natural Language Processing | Software Engineering | The Web & Information Retrieval,Data Mining,0.324325,Data Mining | Natural Language Processing | The Web & Information Retrieval,0.324325 | 0.320425 | 0.315925,Data Mining | Natural Language Processing | The Web & Information Retrieval | Computer Vision | Machine Learning,0.324325 | 0.320425 | 0.315925 | 0.312463 | 0.311753
bertopic,Xiangyu Yue 0001,Artificial Intelligence | Computer Vision | Machine Learning | Natural Language Processing | Robotics | The Web & Information Retrieval,Computer Vision,0.458056,Computer Vision | Artificial Intelligence | Machine Learning,0.458056 | 0.426990 | 0.420837,Computer Vision | Artificial Intelligence | Machine Learning | Natural Language Processing | Computer Graphics,0.458056 | 0.426990 | 0.420837 | 0.413381 | 0.396326
bertopic,Xiaodan Zhu 0001,Artificial Intelligence | Machine Learning | Natural Language Processing | The Web & Information Retrieval,Natural Language Processing,0.440842,Natural Language Processing | Artificial Intelligence | The Web & Information Retrieval,0.440842 | 0.397453 | 0.391415,Natural Language Processing | Artificial Intelligence | The Web & Information Retrieval | Machine Learning | Data Mining,0.440842 | 0.397453 | 0.391415 | 0.386174 | 0.374441
bertopic,Xiaofang Zhou 0001,Artificial Intelligence | Data Mining | Databases | Machine Learning | Natural Language Processing | The Web & Information Retrieval,Databases,0.257148,Databases | Data Mining | The Web & Information Retrieval,0.257148 | 0.163601 | 0.162322,Databases | Data Mining | The Web & Information Retrieval | Artificial Intelligence | Natural Language Processing,0.257148 | 0.163601 | 0.162322 | 0.134181 | 0.124322
bertopic,Xiaofeng Zhu 0001,Artificial Intelligence | Computer Vision | Machine Learning | Natural Language Processing,Computer Graphics,0.499305,Computer Graphics | Computer Vision | Robotics,0.499305 | 0.409394 | 0.375032,Computer Graphics | Computer Vision | Robotics | Machine Learning | Artificial Intelligence,0.499305 | 0.409394 | 0.375032 | 0.328943 | 0.324224
bertopic,Xiaokui Xiao,Artificial Intelligence | Computer Vision | Data Mining | Databases | Human-Computer Interaction | Machine Learning | Natural Language Processing | The Web & Information Retrieval,Databases,0.656750,Databases | Data Mining | The Web & Information Retrieval,0.656750 | 0.631203 | 0.581767,Databases | Data Mining | The Web & Information Retrieval | Artificial Intelligence | Machine Learning,0.656750 | 0.631203 | 0.581767 | 0.525246 | 0.523937
bertopic,Xiaoming Deng 0001,Artificial Intelligence | Computer Vision | Human-Computer Interaction | Visualization,Computer Graphics,0.491450,Computer Graphics | Computer Vision | Robotics,0.491450 | 0.473988 | 0.431589,Computer Graphics | Computer Vision | Robotics | Artificial Intelligence | Machine Learning,0.491450 | 0.473988 | 0.431589 | 0.431039 | 0.426056
bertopic,Xin Huang 0001,Artificial Intelligence | Databases | The Web & Information Retrieval,Databases,0.583809,Databases | Data Mining | The Web & Information Retrieval,0.583809 | 0.482181 | 0.457063,Databases | Data Mining | The Web & Information Retrieval | Artificial Intelligence | Software Engineering,0.583809 | 0.482181 | 0.457063 | 0.343820 | 0.318210
bertopic,Xin Jin 0008,Databases | Human-Computer Interaction | Machine Learning | Software Engineering,Natural Language Processing,0.368993,Natural Language Processing | Computer Vision | Artificial Intelligence,0.368993 | 0.333807 | 0.329741,Natural Language Processing | Computer Vision | Artificial Intelligence | Machine Learning | Software Engineering,0.368993 | 0.333807 | 0.329741 | 0.329717 | 0.324297
bertopic,Xin Wang 0035,Artificial Intelligence | Computer Vision | Data Mining | Machine Learning | Natural Language Processing | Robotics | The Web & Information Retrieval,Data Mining,0.277536,Data Mining | Software Engineering | The Web & Information Retrieval,0.277536 | 0.237356 | 0.234272,Data Mining | Software Engineering | The Web & Information Retrieval | Artificial Intelligence | Databases,0.277536 | 0.237356 | 0.234272 | 0.222539 | 0.221395
bertopic,Xingping Dong,Artificial Intelligence | Computer Vision,Computer Graphics,0.383899,Computer Graphics | Computer Vision | Robotics,0.383899 | 0.375246 | 0.358421,Computer Graphics | Computer Vision | Robotics | Machine Learning | Artificial Intelligence,0.383899 | 0.375246 | 0.358421 | 0.336670 | 0.328967
bertopic,Xingxing Zuo 0001,Artificial Intelligence | Computer Vision | Robotics,Robotics,0.381154,Robotics | Computer Graphics | Computer Vision,0.381154 | 0.363919 | 0.323137,Robotics | Computer Graphics | Computer Vision | Machine Learning | Artificial Intelligence,0.381154 | 0.363919 | 0.323137 | 0.263262 | 0.254722
bertopic,Xipeng Qiu,Artificial Intelligence | Computer Vision | Machine Learning | Natural Language Processing,Natural Language Processing,0.716918,Natural Language Processing | Machine Learning | Artificial Intelligence,0.716918 | 0.652135 | 0.651773,Natural Language Processing | Machine Learning | Artificial Intelligence | Computer Vision | The Web & Information Retrieval,0.716918 | 0.652135 | 0.651773 | 0.627882 | 0.582513
bertopic,Xiu Li 0001,Artificial Intelligence | Computer Vision | Data Mining | Machine Learning | Natural Language Processing | Robotics | The Web & Information Retrieval,Robotics,0.375019,Robotics | Machine Learning | Artificial Intelligence,0.375019 | 0.335628 | 0.322979,Robotics | Machine Learning | Artificial Intelligence | Computer Vision | Computer Graphics,0.375019 | 0.335628 | 0.322979 | 0.305824 | 0.300964
bertopic,Xiucheng Li,Artificial Intelligence | Data Mining | Databases | Machine Learning | The Web & Information Retrieval,Databases,0.255707,Databases | Data Mining | The Web & Information Retrieval,0.255707 | 0.242718 | 0.213977,Databases | Data Mining | The Web & Information Retrieval | Software Engineering | Artificial Intelligence,0.255707 | 0.242718 | 0.213977 | 0.205896 | 0.185693
bertopic,Xu Chen 0017,Artificial Intelligence | Data Mining | Databases | Machine Learning | Natural Language Processing | The Web & Information Retrieval,Data Mining,0.458508,Data Mining | The Web & Information Retrieval | Natural Language Processing,0.458508 | 0.454781 | 0.412803,Data Mining | The Web & Information Retrieval | Natural Language Processing | Artificial Intelligence | Databases,0.458508 | 0.454781 | 0.412803 | 0.394890 | 0.390406
bertopic,Xu Han 0007,Artificial Intelligence | Computer Vision | Machine Learning | Natural Language Processing,Natural Language Processing,0.473246,Natural Language Processing | Artificial Intelligence | Machine Learning,0.473246 | 0.457844 | 0.455819,Natural Language Processing | Artificial Intelligence | Machine Learning | Computer Vision | The Web & Information Retrieval,0.473246 | 0.457844 | 0.455819 | 0.431125 | 0.418804
bertopic,Xu Sun 0001,Artificial Intelligence | Computer Vision | Machine Learning | Natural Language Processing,Natural Language Processing,0.411423,Natural Language Processing | Artificial Intelligence | Computer Vision,0.411423 | 0.371070 | 0.363022,Natural Language Processing | Artificial Intelligence | Computer Vision | Machine Learning | The Web & Information Retrieval,0.411423 | 0.371070 | 0.363022 | 0.357823 | 0.339105
bertopic,Xuan Yang,Artificial Intelligence | Computer Vision | Machine Learning,Computer Vision,0.459463,Computer Vision | Machine Learning | Artificial Intelligence,0.459463 | 0.428666 | 0.417423,Computer Vision | Machine Learning | Artificial Intelligence | Natural Language Processing | Computer Graphics,0.459463 | 0.428666 | 0.417423 | 0.396389 | 0.369943
bertopic,Xue (Steve) Liu,Artificial Intelligence | Data Mining | Human-Computer Interaction | Machine Learning | Natural Language Processing | Robotics | The Web & Information Retrieval,Artificial Intelligence,0.342370,Artificial Intelligence | Computer Vision | Natural Language Processing,0.342370 | 0.335617 | 0.334534,Artificial Intelligence | Computer Vision | Natural Language Processing | Machine Learning | Data Mining,0.342370 | 0.335617 | 0.334534 | 0.328184 | 0.321624
bertopic,Xue Bin Peng,Computer Graphics | Computer Vision | Machine Learning | Robotics,Robotics,0.390057,Robotics | Computer Graphics | Computer Vision,0.390057 | 0.359936 | 0.321483,Robotics | Computer Graphics | Computer Vision | Human-Computer Interaction | Artificial Intelligence,0.390057 | 0.359936 | 0.321483 | 0.319417 | 0.288073
bertopic,Xuejin Chen,Artificial Intelligence | Computer Graphics | Computer Vision | Machine Learning,Computer Vision,0.257393,Computer Vision | Computer Graphics | Robotics,0.257393 | 0.250514 | 0.231012,Computer Vision | Computer Graphics | Robotics | Machine Learning | Artificial Intelligence,0.257393 | 0.250514 | 0.231012 | 0.223450 | 0.219634
bertopic,Xuemeng Song,Artificial Intelligence | Computer Vision | Machine Learning | Natural Language Processing | The Web & Information Retrieval,Data Mining,0.326538,Data Mining | Artificial Intelligence | Machine Learning,0.326538 | 0.291935 | 0.287783,Data Mining | Artificial Intelligence | Machine Learning | Computer Vision | Natural Language Processing,0.326538 | 0.291935 | 0.287783 | 0.285634 | 0.284513
bertopic,Xuesong Lu,Robotics | The Web & Information Retrieval,Databases,0.191629,Databases | Software Engineering | Data Mining,0.191629 | 0.167224 | 0.166369,Databases | Software Engineering | Data Mining | The Web & Information Retrieval | Human-Computer Interaction,0.191629 | 0.167224 | 0.166369 | 0.145822 | 0.133641
bertopic,Xujie Si,Artificial Intelligence | Computer Vision | Machine Learning | Natural Language Processing | Software Engineering,Natural Language Processing,0.479060,Natural Language Processing | Software Engineering | Artificial Intelligence,0.479060 | 0.451063 | 0.440652,Natural Language Processing | Software Engineering | Artificial Intelligence | Machine Learning | The Web & Information Retrieval,0.479060 | 0.451063 | 0.440652 | 0.427464 | 0.409858
bertopic,Yan Zheng 0002,Artificial Intelligence | Computer Vision | Machine Learning | Natural Language Processing | Software Engineering | The Web & Information Retrieval,Robotics,0.402674,Robotics | Natural Language Processing | Software Engineering,0.402674 | 0.366215 | 0.336638,Robotics | Natural Language Processing | Software Engineering | Artificial Intelligence | Machine Learning,0.402674 | 0.366215 | 0.336638 | 0.333391 | 0.322747
bertopic,Yandong Wen,Computer Graphics | Computer Vision | Machine Learning,Computer Vision,0.171271,Computer Vision | Natural Language Processing | Machine Learning,0.171271 | 0.159973 | 0.158681,Computer Vision | Natural Language Processing | Machine Learning | Artificial Intelligence | Software Engineering,0.171271 | 0.159973 | 0.158681 | 0.156113 | 0.146959
bertopic,Yang Deng 0002,Artificial Intelligence | Natural Language Processing | The Web & Information Retrieval,Natural Language Processing,0.423790,Natural Language Processing | The Web & Information Retrieval | Data Mining,0.423790 | 0.380806 | 0.364950,Natural Language Processing | The Web & Information Retrieval | Data Mining | Artificial Intelligence | Software Engineering,0.423790 | 0.380806 | 0.364950 | 0.349001 | 0.327541
bertopic,Yang Gao 0029,Artificial Intelligence | Computer Vision | Machine Learning | Robotics,Robotics,0.606827,Robotics | Machine Learning | Artificial Intelligence,0.606827 | 0.520978 | 0.515289,Robotics | Machine Learning | Artificial Intelligence | Natural Language Processing | Computer Vision,0.606827 | 0.520978 | 0.515289 | 0.485215 | 0.476672
bertopic,Yang Hua 0001,Artificial Intelligence | Computer Vision | Data Mining | Machine Learning,Computer Vision,0.343353,Computer Vision | Robotics | Computer Graphics,0.343353 | 0.308329 | 0.306514,Computer Vision | Robotics | Computer Graphics | Artificial Intelligence | Machine Learning,0.343353 | 0.308329 | 0.306514 | 0.289673 | 0.276649
bertopic,Yang Liu 0005,Artificial Intelligence | Computer Vision | Data Mining | Machine Learning | Natural Language Processing,Data Mining,0.523027,Data Mining | Machine Learning | Artificial Intelligence,0.523027 | 0.510700 | 0.499203,Data Mining | Machine Learning | Artificial Intelligence | Computer Vision | Natural Language Processing,0.523027 | 0.510700 | 0.499203 | 0.489208 | 0.470754
bertopic,Yang Liu 0084,Computer Vision,Natural Language Processing,0.339850,Natural Language Processing | Robotics | Artificial Intelligence,0.339850 | 0.328753 | 0.322079,Natural Language Processing | Robotics | Artificial Intelligence | Machine Learning | Computer Vision,0.339850 | 0.328753 | 0.322079 | 0.312502 | 0.307724
bertopic,Yang Yang 0002,Artificial Intelligence | Computer Vision | Human-Computer Interaction | Machine Learning | Natural Language Processing | Robotics | The Web & Information Retrieval,Natural Language Processing,0.518373,Natural Language Processing | Computer Vision | Artificial Intelligence,0.518373 | 0.483070 | 0.482410,Natural Language Processing | Computer Vision | Artificial Intelligence | Machine Learning | Human-Computer Interaction,0.518373 | 0.483070 | 0.482410 | 0.477417 | 0.460740
bertopic,Yang Yang 0009,Artificial Intelligence | Computer Vision | Data Mining | Machine Learning | Natural Language Processing | The Web & Information Retrieval,Computer Vision,0.280110,Computer Vision | Artificial Intelligence | Robotics,0.280110 | 0.234350 | 0.222846,Computer Vision | Artificial Intelligence | Robotics | Machine Learning | Human-Computer Interaction,0.280110 | 0.234350 | 0.222846 | 0.219365 | 0.215960
bertopic,Yanning Zhang 0001,Artificial Intelligence | Computer Vision | Machine Learning,Computer Vision,0.208626,Computer Vision | Artificial Intelligence | Machine Learning,0.208626 | 0.177001 | 0.161418,Computer Vision | Artificial Intelligence | Machine Learning | Robotics | Human-Computer Interaction,0.208626 | 0.177001 | 0.161418 | 0.155543 | 0.145676
bertopic,Yanyan Zhao,Artificial Intelligence | Machine Learning | Natural Language Processing,Natural Language Processing,0.209884,Natural Language Processing | Artificial Intelligence | The Web & Information Retrieval,0.209884 | 0.180907 | 0.176636,Natural Language Processing | Artificial Intelligence | The Web & Information Retrieval | Computer Vision | Data Mining,0.209884 | 0.180907 | 0.176636 | 0.171583 | 0.169509
bertopic,Yao-Xiang Ding 0001,Artificial Intelligence | Computer Graphics | Data Mining | Machine Learning,Machine Learning,0.408273,Machine Learning | Artificial Intelligence | Robotics,0.408273 | 0.401177 | 0.380639,Machine Learning | Artificial Intelligence | Robotics | Data Mining | The Web & Information Retrieval,0.408273 | 0.401177 | 0.380639 | 0.372008 | 0.354119
bertopic,Yaodong Yu,Artificial Intelligence | Computer Vision | Machine Learning | Natural Language Processing,Computer Vision,0.522862,Computer Vision | Machine Learning | Artificial Intelligence,0.522862 | 0.520332 | 0.506521,Computer Vision | Machine Learning | Artificial Intelligence | Natural Language Processing | Software Engineering,0.522862 | 0.520332 | 0.506521 | 0.498817 | 0.484066
bertopic,Yaoliang Yu,Artificial Intelligence | Computer Vision | Data Mining | Machine Learning | Natural Language Processing,Machine Learning,0.601042,Machine Learning | Artificial Intelligence | Natural Language Processing,0.601042 | 0.571202 | 0.540311,Machine Learning | Artificial Intelligence | Natural Language Processing | Data Mining | Software Engineering,0.601042 | 0.571202 | 0.540311 | 0.522990 | 0.511411
bertopic,Yapeng Tian,Artificial Intelligence | Computer Vision | Human-Computer Interaction | Machine Learning | Natural Language Processing,Computer Vision,0.368264,Computer Vision | Robotics | Artificial Intelligence,0.368264 | 0.351662 | 0.330121,Computer Vision | Robotics | Artificial Intelligence | Natural Language Processing | Computer Graphics,0.368264 | 0.351662 | 0.330121 | 0.322574 | 0.320513
bertopic,Yaqian Zhou 0001,Artificial Intelligence | Machine Learning | Natural Language Processing,Natural Language Processing,0.490428,Natural Language Processing | Artificial Intelligence | Machine Learning,0.490428 | 0.405221 | 0.399273,Natural Language Processing | Artificial Intelligence | Machine Learning | Data Mining | The Web & Information Retrieval,0.490428 | 0.405221 | 0.399273 | 0.389611 | 0.383793
bertopic,Yaron Lipman,Computer Graphics | Computer Vision | Machine Learning,Computer Graphics,0.598280,Computer Graphics | Computer Vision | Machine Learning,0.598280 | 0.567451 | 0.565032,Computer Graphics | Computer Vision | Machine Learning | Artificial Intelligence | Data Mining,0.598280 | 0.567451 | 0.565032 | 0.540939 | 0.539315
bertopic,Yi Fang 0006,Artificial Intelligence | Computer Graphics | Computer Vision | Machine Learning | Robotics,Computer Graphics,0.393248,Computer Graphics | Robotics | Computer Vision,0.393248 | 0.333090 | 0.322863,Computer Graphics | Robotics | Computer Vision | Machine Learning | Artificial Intelligence,0.393248 | 0.333090 | 0.322863 | 0.275256 | 0.262540
bertopic,Yi Liu 0059,Data Mining | Machine Learning,Data Mining,0.488679,Data Mining | Databases | The Web & Information Retrieval,0.488679 | 0.464484 | 0.432345,Data Mining | Databases | The Web & Information Retrieval | Software Engineering | Artificial Intelligence,0.488679 | 0.464484 | 0.432345 | 0.333857 | 0.328901
bertopic,Yi Wang 0003,Computer Vision,Databases,0.326613,Databases | Data Mining | The Web & Information Retrieval,0.326613 | 0.160952 | 0.160641,Databases | Data Mining | The Web & Information Retrieval | Visualization | Artificial Intelligence,0.326613 | 0.160952 | 0.160641 | 0.153646 | 0.131899
bertopic,Yi Yu 0001,Artificial Intelligence,Computer Vision,0.234929,Computer Vision | Computer Graphics | Artificial Intelligence,0.234929 | 0.210326 | 0.196039,Computer Vision | Computer Graphics | Artificial Intelligence | Machine Learning | Robotics,0.234929 | 0.210326 | 0.196039 | 0.188841 | 0.184350
bertopic,Yichao Yan,Artificial Intelligence | Computer Vision | Machine Learning,Computer Graphics,0.374773,Computer Graphics | Computer Vision | Machine Learning,0.374773 | 0.306100 | 0.257811,Computer Graphics | Computer Vision | Machine Learning | Artificial Intelligence | Robotics,0.374773 | 0.306100 | 0.257811 | 0.249788 | 0.244064
bertopic,Yifan Chen 0004,Artificial Intelligence | Machine Learning | Natural Language Processing,Machine Learning,0.409278,Machine Learning | Artificial Intelligence | Natural Language Processing,0.409278 | 0.408008 | 0.406931,Machine Learning | Artificial Intelligence | Natural Language Processing | Computer Vision | Data Mining,0.409278 | 0.408008 | 0.406931 | 0.406734 | 0.373093
bertopic,Yifan Zhu 0020,Robotics,Robotics,0.316108,Robotics | Human-Computer Interaction | Computer Graphics,0.316108 | 0.264695 | 0.253746,Robotics | Human-Computer Interaction | Computer Graphics | Computer Vision | Machine Learning,0.316108 | 0.264695 | 0.253746 | 0.195921 | 0.185957
bertopic,Ying Wei 0001,Artificial Intelligence | Computer Vision | Data Mining | Machine Learning | Natural Language Processing | The Web & Information Retrieval,Machine Learning,0.226443,Machine Learning | Natural Language Processing | Artificial Intelligence,0.226443 | 0.224853 | 0.224659,Machine Learning | Natural Language Processing | Artificial Intelligence | Data Mining | Computer Vision,0.226443 | 0.224853 | 0.224659 | 0.217317 | 0.214588
bertopic,Yingcai Wu,Artificial Intelligence | Data Mining | Human-Computer Interaction | Visualization,Software Engineering,0.385485,Software Engineering | Human-Computer Interaction | Visualization,0.385485 | 0.314559 | 0.295328,Software Engineering | Human-Computer Interaction | Visualization | The Web & Information Retrieval | Data Mining,0.385485 | 0.314559 | 0.295328 | 0.257492 | 0.229885
bertopic,Yingying Zhu 0004,Artificial Intelligence | Computer Vision | Natural Language Processing,Computer Graphics,0.305182,Computer Graphics | Computer Vision | Machine Learning,0.305182 | 0.258634 | 0.245714,Computer Graphics | Computer Vision | Machine Learning | Artificial Intelligence | Human-Computer Interaction,0.305182 | 0.258634 | 0.245714 | 0.237701 | 0.223873
bertopic,Yipeng Qin,Artificial Intelligence | Computer Graphics | Computer Vision | Human-Computer Interaction | Machine Learning,Computer Graphics,0.554072,Computer Graphics | Computer Vision | Machine Learning,0.554072 | 0.487432 | 0.430781,Computer Graphics | Computer Vision | Machine Learning | Robotics | Artificial Intelligence,0.554072 | 0.487432 | 0.430781 | 0.423105 | 0.413437
bertopic,Yiqun Liu 0001,Artificial Intelligence | Computer Vision | Data Mining | Human-Computer Interaction | Machine Learning | Natural Language Processing | The Web & Information Retrieval,The Web & Information Retrieval,0.451292,The Web & Information Retrieval | Natural Language Processing | Data Mining,0.451292 | 0.347409 | 0.283623,The Web & Information Retrieval | Natural Language Processing | Data Mining | Human-Computer Interaction | Artificial Intelligence,0.451292 | 0.347409 | 0.283623 | 0.259160 | 0.240578
bertopic,Yiwei Wang 0001,Artificial Intelligence | Computer Vision | Data Mining | Machine Learning | Natural Language Processing | The Web & Information Retrieval,Natural Language Processing,0.492237,Natural Language Processing | The Web & Information Retrieval | Data Mining,0.492237 | 0.442987 | 0.437797,Natural Language Processing | The Web & Information Retrieval | Data Mining | Artificial Intelligence | Software Engineering,0.492237 | 0.442987 | 0.437797 | 0.410575 | 0.402571
bertopic,Yoav Artzi,Computer Vision | Machine Learning | Natural Language Processing | Robotics | The Web & Information Retrieval,Artificial Intelligence,0.390343,Artificial Intelligence | Software Engineering | Natural Language Processing,0.390343 | 0.389597 | 0.389090,Artificial Intelligence | Software Engineering | Natural Language Processing | Machine Learning | Data Mining,0.390343 | 0.389597 | 0.389090 | 0.385718 | 0.380370
bertopic,Yoav Goldberg,Machine Learning | Natural Language Processing,Natural Language Processing,0.626105,Natural Language Processing | Artificial Intelligence | Machine Learning,0.626105 | 0.573348 | 0.571082,Natural Language Processing | Artificial Intelligence | Machine Learning | Computer Vision | Software Engineering,0.626105 | 0.573348 | 0.571082 | 0.548859 | 0.535901
bertopic,Yoav Y. Schechner,Computer Vision,Computer Graphics,0.440205,Computer Graphics | Computer Vision | Robotics,0.440205 | 0.398288 | 0.360163,Computer Graphics | Computer Vision | Robotics | Machine Learning | Artificial Intelligence,0.440205 | 0.398288 | 0.360163 | 0.345716 | 0.330220
bertopic,Yohan Jo,Machine Learning | Natural Language Processing,The Web & Information Retrieval,0.275149,The Web & Information Retrieval | Natural Language Processing | Artificial Intelligence,0.275149 | 0.264145 | 0.248842,The Web & Information Retrieval | Natural Language Processing | Artificial Intelligence | Data Mining | Human-Computer Interaction,0.275149 | 0.264145 | 0.248842 | 0.248308 | 0.236542
bertopic,Yong Li 0008,Artificial Intelligence | Computer Vision | Data Mining | Human-Computer Interaction | Machine Learning | Natural Language Processing | The Web & Information Retrieval,The Web & Information Retrieval,0.424834,The Web & Information Retrieval | Data Mining | Human-Computer Interaction,0.424834 | 0.407330 | 0.363986,The Web & Information Retrieval | Data Mining | Human-Computer Interaction | Natural Language Processing | Artificial Intelligence,0.424834 | 0.407330 | 0.363986 | 0.355081 | 0.350639
bertopic,Yongchao Xu,Artificial Intelligence | Computer Vision | Robotics | The Web & Information Retrieval,Computer Vision,0.418540,Computer Vision | Computer Graphics | Robotics,0.418540 | 0.384565 | 0.364183,Computer Vision | Computer Graphics | Robotics | Artificial Intelligence | Machine Learning,0.418540 | 0.384565 | 0.364183 | 0.363354 | 0.361627
bertopic,Yongliang Shen 0001,Artificial Intelligence | Computer Vision | Machine Learning | Natural Language Processing | The Web & Information Retrieval,Natural Language Processing,0.537458,Natural Language Processing | Computer Vision | Artificial Intelligence,0.537458 | 0.504303 | 0.479352,Natural Language Processing | Computer Vision | Artificial Intelligence | Machine Learning | Software Engineering,0.537458 | 0.504303 | 0.479352 | 0.469838 | 0.443561
bertopic,Yoshua Bengio,Artificial Intelligence | Computer Vision | Machine Learning | Natural Language Processing | Robotics,Machine Learning,0.664799,Machine Learning | Artificial Intelligence | Natural Language Processing,0.664799 | 0.649377 | 0.624713,Machine Learning | Artificial Intelligence | Natural Language Processing | Computer Vision | Data Mining,0.664799 | 0.649377 | 0.624713 | 0.588858 | 0.588718
bertopic,Youngwoon Lee,Machine Learning | Robotics,Robotics,0.370715,Robotics | Machine Learning | Artificial Intelligence,0.370715 | 0.223546 | 0.213669,Robotics | Machine Learning | Artificial Intelligence | Computer Vision | Natural Language Processing,0.370715 | 0.223546 | 0.213669 | 0.190583 | 0.181476
bertopic,Yu Cheng 0001,Artificial Intelligence | Computer Vision | Machine Learning | Natural Language Processing,Machine Learning,0.450490,Machine Learning | Natural Language Processing | Artificial Intelligence,0.450490 | 0.445086 | 0.435617,Machine Learning | Natural Language Processing | Artificial Intelligence | Computer Vision | Data Mining,0.450490 | 0.445086 | 0.435617 | 0.434630 | 0.422625
bertopic,Yu Cheng 0002,Artificial Intelligence | Machine Learning,Machine Learning,0.290676,Machine Learning | Artificial Intelligence | The Web & Information Retrieval,0.290676 | 0.289434 | 0.243762,Machine Learning | Artificial Intelligence | The Web & Information Retrieval | Robotics | Natural Language Processing,0.290676 | 0.289434 | 0.243762 | 0.243349 | 0.242967
bertopic,Yu Hong,Artificial Intelligence | Computer Graphics | Computer Vision | Natural Language Processing,Computer Graphics,0.328760,Computer Graphics | Computer Vision | Robotics,0.328760 | 0.272469 | 0.259231,Computer Graphics | Computer Vision | Robotics | Artificial Intelligence | Machine Learning,0.328760 | 0.272469 | 0.259231 | 0.246151 | 0.239799
bertopic,Yu Meng 0001,Artificial Intelligence | Data Mining | Machine Learning | Natural Language Processing | The Web & Information Retrieval,Computer Vision,0.287322,Computer Vision | Natural Language Processing | Machine Learning,0.287322 | 0.277269 | 0.272304,Computer Vision | Natural Language Processing | Machine Learning | Artificial Intelligence | Software Engineering,0.287322 | 0.277269 | 0.272304 | 0.262778 | 0.233507
bertopic,Yu Qiao 0001,Artificial Intelligence | Computer Graphics | Computer Vision | Human-Computer Interaction | Machine Learning | Natural Language Processing | Robotics,Computer Vision,0.665104,Computer Vision | Robotics | Computer Graphics,0.665104 | 0.638674 | 0.618616,Computer Vision | Robotics | Computer Graphics | Machine Learning | Artificial Intelligence,0.665104 | 0.638674 | 0.618616 | 0.597051 | 0.596996
bertopic,Yu Su 0001,Artificial Intelligence | Computer Vision | Data Mining | Machine Learning | Natural Language Processing | The Web & Information Retrieval,Computer Vision,0.358336,Computer Vision | Artificial Intelligence | Natural Language Processing,0.358336 | 0.345516 | 0.343892,Computer Vision | Artificial Intelligence | Natural Language Processing | Machine Learning | Software Engineering,0.358336 | 0.345516 | 0.343892 | 0.343096 | 0.315804
bertopic,Yu-Ping Wang 0001,Computer Vision | Robotics | The Web & Information Retrieval,Databases,0.372766,Databases | Data Mining | The Web & Information Retrieval,0.372766 | 0.300779 | 0.278706,Databases | Data Mining | The Web & Information Retrieval | Software Engineering | Artificial Intelligence,0.372766 | 0.300779 | 0.278706 | 0.199279 | 0.188739
bertopic,Yuan Cao 0006,Artificial Intelligence | Machine Learning,Machine Learning,0.392895,Machine Learning | Artificial Intelligence | Computer Vision,0.392895 | 0.368136 | 0.364172,Machine Learning | Artificial Intelligence | Computer Vision | Data Mining | Natural Language Processing,0.392895 | 0.368136 | 0.364172 | 0.342331 | 0.335595
bertopic,Yuan Jiang 0001,Artificial Intelligence | Data Mining | Machine Learning,Artificial Intelligence,0.387292,Artificial Intelligence | Data Mining | Machine Learning,0.387292 | 0.383027 | 0.381742,Artificial Intelligence | Data Mining | Machine Learning | Natural Language Processing | The Web & Information Retrieval,0.387292 | 0.383027 | 0.381742 | 0.378409 | 0.347452
bertopic,Yuan-Fang Li,Artificial Intelligence | Computer Vision | Machine Learning | Natural Language Processing | Robotics | The Web & Information Retrieval | Visualization,Natural Language Processing,0.335818,Natural Language Processing | The Web & Information Retrieval | Data Mining,0.335818 | 0.304405 | 0.290746,Natural Language Processing | The Web & Information Retrieval | Data Mining | Artificial Intelligence | Software Engineering,0.335818 | 0.304405 | 0.290746 | 0.269896 | 0.265187
bertopic,Yuankai Qi,Artificial Intelligence | Computer Vision | Machine Learning | Natural Language Processing,Computer Vision,0.573135,Computer Vision | Natural Language Processing | Artificial Intelligence,0.573135 | 0.554271 | 0.546958,Computer Vision | Natural Language Processing | Artificial Intelligence | Machine Learning | Robotics,0.573135 | 0.554271 | 0.546958 | 0.539758 | 0.502978
bertopic,Yuanzhi Li,Artificial Intelligence | Machine Learning | Software Engineering,Machine Learning,0.699439,Machine Learning | Artificial Intelligence | Natural Language Processing,0.699439 | 0.665622 | 0.649120,Machine Learning | Artificial Intelligence | Natural Language Processing | Computer Vision | Data Mining,0.699439 | 0.665622 | 0.649120 | 0.619962 | 0.603437
bertopic,Yue Dong 0002,Artificial Intelligence | Machine Learning | Natural Language Processing,Natural Language Processing,0.391301,Natural Language Processing | The Web & Information Retrieval | Artificial Intelligence,0.391301 | 0.336117 | 0.335962,Natural Language Processing | The Web & Information Retrieval | Artificial Intelligence | Data Mining | Machine Learning,0.391301 | 0.336117 | 0.335962 | 0.335672 | 0.331569
bertopic,Yue Jiang 0002,Computer Vision | Human-Computer Interaction,Visualization,0.469443,Visualization | Human-Computer Interaction | Data Mining,0.469443 | 0.414419 | 0.339327,Visualization | Human-Computer Interaction | Data Mining | Machine Learning | Artificial Intelligence,0.469443 | 0.414419 | 0.339327 | 0.326464 | 0.322367
bertopic,Yue Zhang 0025,Artificial Intelligence | Natural Language Processing | Software Engineering,Computer Vision,0.369700,Computer Vision | Natural Language Processing | Machine Learning,0.369700 | 0.360356 | 0.344569,Computer Vision | Natural Language Processing | Machine Learning | Artificial Intelligence | Data Mining,0.369700 | 0.360356 | 0.344569 | 0.337425 | 0.300704
bertopic,Yueting Zhuang,Artificial Intelligence | Computer Vision | Machine Learning | Natural Language Processing | Robotics | The Web & Information Retrieval,Natural Language Processing,0.686038,Natural Language Processing | Artificial Intelligence | Computer Vision,0.686038 | 0.625858 | 0.617527,Natural Language Processing | Artificial Intelligence | Computer Vision | Machine Learning | The Web & Information Retrieval,0.686038 | 0.625858 | 0.617527 | 0.608760 | 0.578000
bertopic,Yuexin Ma,Artificial Intelligence | Computer Graphics | Computer Vision | Machine Learning | Robotics,Computer Graphics,0.368342,Computer Graphics | Robotics | Human-Computer Interaction,0.368342 | 0.312366 | 0.269665,Computer Graphics | Robotics | Human-Computer Interaction | Computer Vision | Machine Learning,0.368342 | 0.312366 | 0.269665 | 0.266983 | 0.206553
bertopic,Yulia Tsvetkov,Machine Learning | Natural Language Processing | The Web & Information Retrieval,Natural Language Processing,0.743771,Natural Language Processing | Artificial Intelligence | The Web & Information Retrieval,0.743771 | 0.638564 | 0.630613,Natural Language Processing | Artificial Intelligence | The Web & Information Retrieval | Machine Learning | Data Mining,0.743771 | 0.638564 | 0.630613 | 0.623531 | 0.616378
bertopic,Yuntao Wang 0001,Human-Computer Interaction | Machine Learning,Human-Computer Interaction,0.660646,Human-Computer Interaction | Visualization | Robotics,0.660646 | 0.445592 | 0.407123,Human-Computer Interaction | Visualization | Robotics | Computer Vision | Machine Learning,0.660646 | 0.445592 | 0.407123 | 0.370457 | 0.365919
bertopic,Yunzhu Li,Computer Vision | Machine Learning | Natural Language Processing | Robotics,Robotics,0.406404,Robotics | Computer Vision | Machine Learning,0.406404 | 0.282501 | 0.274372,Robotics | Computer Vision | Machine Learning | Computer Graphics | Artificial Intelligence,0.406404 | 0.282501 | 0.274372 | 0.267214 | 0.260908
bertopic,Yuval Dagan,Machine Learning,Machine Learning,0.400225,Machine Learning | Artificial Intelligence | Computer Vision,0.400225 | 0.371904 | 0.355814,Machine Learning | Artificial Intelligence | Computer Vision | Data Mining | Natural Language Processing,0.400225 | 0.371904 | 0.355814 | 0.327397 | 0.319044
bertopic,Yuyin Zhou,Artificial Intelligence | Computer Vision | Machine Learning,Computer Vision,0.361134,Computer Vision | Machine Learning | Artificial Intelligence,0.361134 | 0.332931 | 0.323722,Computer Vision | Machine Learning | Artificial Intelligence | Natural Language Processing | Robotics,0.361134 | 0.332931 | 0.323722 | 0.309794 | 0.298565
bertopic,Zahir Tari,The Web & Information Retrieval,The Web & Information Retrieval,0.273725,The Web & Information Retrieval | Human-Computer Interaction | Data Mining,0.273725 | 0.273531 | 0.250961,The Web & Information Retrieval | Human-Computer Interaction | Data Mining | Natural Language Processing | Artificial Intelligence,0.273725 | 0.273531 | 0.250961 | 0.219071 | 0.206983
bertopic,Zengfeng Huang,Artificial Intelligence | Data Mining | Databases | Machine Learning | Natural Language Processing | The Web & Information Retrieval,Databases,0.385829,Databases | Data Mining | The Web & Information Retrieval,0.385829 | 0.358040 | 0.340407,Databases | Data Mining | The Web & Information Retrieval | Artificial Intelligence | Machine Learning,0.385829 | 0.358040 | 0.340407 | 0.318219 | 0.311972
bertopic,Zhedong Zheng,Artificial Intelligence | Computer Vision | Natural Language Processing | Robotics | The Web & Information Retrieval,Computer Vision,0.431874,Computer Vision | Natural Language Processing | Artificial Intelligence,0.431874 | 0.423504 | 0.419080,Computer Vision | Natural Language Processing | Artificial Intelligence | Human-Computer Interaction | The Web & Information Retrieval,0.431874 | 0.423504 | 0.419080 | 0.414879 | 0.409414
bertopic,Zhen Xiang,Computer Vision | Machine Learning | Natural Language Processing | Robotics,Natural Language Processing,0.296097,Natural Language Processing | The Web & Information Retrieval | Artificial Intelligence,0.296097 | 0.273242 | 0.270540,Natural Language Processing | The Web & Information Retrieval | Artificial Intelligence | Software Engineering | Machine Learning,0.296097 | 0.273242 | 0.270540 | 0.268352 | 0.255438
bertopic,Zheng Yuan 0003,Natural Language Processing,Natural Language Processing,0.323441,Natural Language Processing | The Web & Information Retrieval | Data Mining,0.323441 | 0.267412 | 0.250495,Natural Language Processing | The Web & Information Retrieval | Data Mining | Artificial Intelligence | Machine Learning,0.323441 | 0.267412 | 0.250495 | 0.242111 | 0.234252
bertopic,Zhenglong Sun 0001,Computer Vision | Robotics,Robotics,0.191367,Robotics | Human-Computer Interaction | Computer Graphics,0.191367 | 0.150214 | 0.106463,Robotics | Human-Computer Interaction | Computer Graphics | Computer Vision | Machine Learning,0.191367 | 0.150214 | 0.106463 | 0.091559 | 0.082884
bertopic,Zhenyu He 0001,Artificial Intelligence | Computer Vision | Robotics,Computer Vision,0.178319,Computer Vision | Robotics | Computer Graphics,0.178319 | 0.173455 | 0.150260,Computer Vision | Robotics | Computer Graphics | Artificial Intelligence | Software Engineering,0.178319 | 0.173455 | 0.150260 | 0.141298 | 0.135609
bertopic,Zhenyu Zhang 0005,Artificial Intelligence | Computer Graphics | Computer Vision | Machine Learning | Robotics,Computer Vision,0.330366,Computer Vision | Computer Graphics | Robotics,0.330366 | 0.323362 | 0.266174,Computer Vision | Computer Graphics | Robotics | Artificial Intelligence | Machine Learning,0.330366 | 0.323362 | 0.266174 | 0.263443 | 0.249201
bertopic,Zhi Jin,Artificial Intelligence | Computer Vision | Machine Learning,Computer Vision,0.189155,Computer Vision | Artificial Intelligence | Machine Learning,0.189155 | 0.167594 | 0.148823,Computer Vision | Artificial Intelligence | Machine Learning | Robotics | Natural Language Processing,0.189155 | 0.167594 | 0.148823 | 0.139198 | 0.134301
bertopic,Zhiru Zhang,Computer Vision | Machine Learning | Natural Language Processing,Machine Learning,0.244043,Machine Learning | Natural Language Processing | Artificial Intelligence,0.244043 | 0.243186 | 0.240575,Machine Learning | Natural Language Processing | Artificial Intelligence | Computer Vision | Data Mining,0.244043 | 0.243186 | 0.240575 | 0.222862 | 0.210048
bertopic,Zhiwei Zhao,Artificial Intelligence,Computer Vision,0.394120,Computer Vision | Artificial Intelligence | Machine Learning,0.394120 | 0.353797 | 0.347921,Computer Vision | Artificial Intelligence | Machine Learning | Computer Graphics | Natural Language Processing,0.394120 | 0.353797 | 0.347921 | 0.331155 | 0.325819
bertopic,Zhiyuan Yu 0001,Computer Vision | Machine Learning,Robotics,0.250005,Robotics | Computer Vision | Artificial Intelligence,0.250005 | 0.206150 | 0.181838,Robotics | Computer Vision | Artificial Intelligence | Machine Learning | Computer Graphics,0.250005 | 0.206150 | 0.181838 | 0.181080 | 0.152690
bertopic,Ziqiao Wang,Artificial Intelligence | Machine Learning | The Web & Information Retrieval,Machine Learning,0.449135,Machine Learning | Artificial Intelligence | Data Mining,0.449135 | 0.421241 | 0.408985,Machine Learning | Artificial Intelligence | Data Mining | Computer Vision | Natural Language Processing,0.449135 | 0.421241 | 0.408985 | 0.380832 | 0.360448
bertopic,Ziyang Li 0002,Artificial Intelligence | Machine Learning,Computer Vision,0.341237,Computer Vision | Artificial Intelligence | Natural Language Processing,0.341237 | 0.326501 | 0.321700,Computer Vision | Artificial Intelligence | Natural Language Processing | Machine Learning | Robotics,0.341237 | 0.326501 | 0.321700 | 0.309079 | 0.303881
bertopic,Zuzana Kukelova,Computer Vision | Machine Learning | Robotics,Computer Graphics,0.359099,Computer Graphics | Robotics | Computer Vision,0.359099 | 0.307530 | 0.270443,Computer Graphics | Robotics | Computer Vision | Machine Learning | Artificial Intelligence,0.359099 | 0.307530 | 0.270443 | 0.205403 | 0.191211
